Exception in thread Thread-8 (_run):
Traceback (most recent call last):
  File "/root/miniforge3/envs/flwr/lib/python3.11/threading.py", line 1045, in _bootstrap_inner
    self.run()
  File "/root/miniforge3/envs/flwr/lib/python3.11/threading.py", line 982, in run
    self._target(*self._args, **self._kwargs)
  File "src/python/grpcio/grpc/_cython/_cygrpc/thread.pyx.pxi", line 53, in grpc._cython.cygrpc._run_with_context._run
  File "/root/miniforge3/envs/flwr/lib/python3.11/site-packages/grpc/_channel.py", line 1916, in _poll_connectivity
    event = channel.watch_connectivity_state(
            ^^^^^^^^^^^^^^^^^^^^^^^^^^^^^^^^^
  File "src/python/grpcio/grpc/_cython/_cygrpc/channel.pyx.pxi", line 561, in grpc._cython.cygrpc.Channel.watch_connectivity_state
  File "src/python/grpcio/grpc/_cython/_cygrpc/channel.pyx.pxi", line 427, in grpc._cython.cygrpc._watch_connectivity_state
  File "src/python/grpcio/grpc/_cython/_cygrpc/channel.pyx.pxi", line 435, in grpc._cython.cygrpc._watch_connectivity_state
ValueError: Cannot monitor channel state: Channel closed!
Exception in thread Thread-24 (_run):
Traceback (most recent call last):
  File "/root/miniforge3/envs/flwr/lib/python3.11/threading.py", line 1045, in _bootstrap_inner
    self.run()
  File "/root/miniforge3/envs/flwr/lib/python3.11/threading.py", line 982, in run
    self._target(*self._args, **self._kwargs)
  File "src/python/grpcio/grpc/_cython/_cygrpc/thread.pyx.pxi", line 53, in grpc._cython.cygrpc._run_with_context._run
  File "/root/miniforge3/envs/flwr/lib/python3.11/site-packages/grpc/_channel.py", line 1916, in _poll_connectivity
    event = channel.watch_connectivity_state(
            ^^^^^^^^^^^^^^^^^^^^^^^^^^^^^^^^^
  File "src/python/grpcio/grpc/_cython/_cygrpc/channel.pyx.pxi", line 561, in grpc._cython.cygrpc.Channel.watch_connectivity_state
  File "src/python/grpcio/grpc/_cython/_cygrpc/channel.pyx.pxi", line 427, in grpc._cython.cygrpc._watch_connectivity_state
  File "src/python/grpcio/grpc/_cython/_cygrpc/channel.pyx.pxi", line 435, in grpc._cython.cygrpc._watch_connectivity_state
ValueError: Cannot monitor channel state: Channel closed!
Using the latest cached version of the dataset since fashion_mnist couldn't be found on the Hugging Face Hub
Using the latest cached version of the dataset since fashion_mnist couldn't be found on the Hugging Face Hub
Found the latest cached dataset configuration 'fashion_mnist' at /root/.cache/huggingface/datasets/fashion_mnist/fashion_mnist/0.0.0/531be5e2ccc9dba0c201ad3ae567a4f3d16ecdd2 (last modified on Tue Feb 24 13:59:21 2026).
Using the latest cached version of the dataset since fashion_mnist couldn't be found on the Hugging Face Hub
Found the latest cached dataset configuration 'fashion_mnist' at /root/.cache/huggingface/datasets/fashion_mnist/fashion_mnist/0.0.0/531be5e2ccc9dba0c201ad3ae567a4f3d16ecdd2 (last modified on Tue Feb 24 13:59:21 2026).
Found the latest cached dataset configuration 'fashion_mnist' at /root/.cache/huggingface/datasets/fashion_mnist/fashion_mnist/0.0.0/531be5e2ccc9dba0c201ad3ae567a4f3d16ecdd2 (last modified on Tue Feb 24 13:59:21 2026).
Using the latest cached version of the dataset since fashion_mnist couldn't be found on the Hugging Face Hub
Found the latest cached dataset configuration 'fashion_mnist' at /root/.cache/huggingface/datasets/fashion_mnist/fashion_mnist/0.0.0/531be5e2ccc9dba0c201ad3ae567a4f3d16ecdd2 (last modified on Tue Feb 24 13:59:21 2026).
Using the latest cached version of the dataset since fashion_mnist couldn't be found on the Hugging Face Hub
Using the latest cached version of the dataset since fashion_mnist couldn't be found on the Hugging Face Hub
Found the latest cached dataset configuration 'fashion_mnist' at /root/.cache/huggingface/datasets/fashion_mnist/fashion_mnist/0.0.0/531be5e2ccc9dba0c201ad3ae567a4f3d16ecdd2 (last modified on Tue Feb 24 13:59:21 2026).
Found the latest cached dataset configuration 'fashion_mnist' at /root/.cache/huggingface/datasets/fashion_mnist/fashion_mnist/0.0.0/531be5e2ccc9dba0c201ad3ae567a4f3d16ecdd2 (last modified on Tue Feb 24 13:59:21 2026).
Using the latest cached version of the dataset since fashion_mnist couldn't be found on the Hugging Face Hub
Found the latest cached dataset configuration 'fashion_mnist' at /root/.cache/huggingface/datasets/fashion_mnist/fashion_mnist/0.0.0/531be5e2ccc9dba0c201ad3ae567a4f3d16ecdd2 (last modified on Tue Feb 24 13:59:21 2026).
Using the latest cached version of the dataset since fashion_mnist couldn't be found on the Hugging Face Hub
Using the latest cached version of the dataset since fashion_mnist couldn't be found on the Hugging Face Hub
Found the latest cached dataset configuration 'fashion_mnist' at /root/.cache/huggingface/datasets/fashion_mnist/fashion_mnist/0.0.0/531be5e2ccc9dba0c201ad3ae567a4f3d16ecdd2 (last modified on Tue Feb 24 13:59:21 2026).
Found the latest cached dataset configuration 'fashion_mnist' at /root/.cache/huggingface/datasets/fashion_mnist/fashion_mnist/0.0.0/531be5e2ccc9dba0c201ad3ae567a4f3d16ecdd2 (last modified on Tue Feb 24 13:59:21 2026).
Using the latest cached version of the dataset since fashion_mnist couldn't be found on the Hugging Face Hub
Found the latest cached dataset configuration 'fashion_mnist' at /root/.cache/huggingface/datasets/fashion_mnist/fashion_mnist/0.0.0/531be5e2ccc9dba0c201ad3ae567a4f3d16ecdd2 (last modified on Tue Feb 24 13:59:21 2026).
Using the latest cached version of the dataset since fashion_mnist couldn't be found on the Hugging Face Hub
Using the latest cached version of the dataset since fashion_mnist couldn't be found on the Hugging Face Hub
Found the latest cached dataset configuration 'fashion_mnist' at /root/.cache/huggingface/datasets/fashion_mnist/fashion_mnist/0.0.0/531be5e2ccc9dba0c201ad3ae567a4f3d16ecdd2 (last modified on Tue Feb 24 13:59:21 2026).
Found the latest cached dataset configuration 'fashion_mnist' at /root/.cache/huggingface/datasets/fashion_mnist/fashion_mnist/0.0.0/531be5e2ccc9dba0c201ad3ae567a4f3d16ecdd2 (last modified on Tue Feb 24 13:59:21 2026).
Using the latest cached version of the dataset since fashion_mnist couldn't be found on the Hugging Face Hub
Found the latest cached dataset configuration 'fashion_mnist' at /root/.cache/huggingface/datasets/fashion_mnist/fashion_mnist/0.0.0/531be5e2ccc9dba0c201ad3ae567a4f3d16ecdd2 (last modified on Tue Feb 24 13:59:21 2026).
Using the latest cached version of the dataset since fashion_mnist couldn't be found on the Hugging Face Hub
Found the latest cached dataset configuration 'fashion_mnist' at /root/.cache/huggingface/datasets/fashion_mnist/fashion_mnist/0.0.0/531be5e2ccc9dba0c201ad3ae567a4f3d16ecdd2 (last modified on Tue Feb 24 13:59:21 2026).
Using the latest cached version of the dataset since fashion_mnist couldn't be found on the Hugging Face Hub
Found the latest cached dataset configuration 'fashion_mnist' at /root/.cache/huggingface/datasets/fashion_mnist/fashion_mnist/0.0.0/531be5e2ccc9dba0c201ad3ae567a4f3d16ecdd2 (last modified on Tue Feb 24 13:59:21 2026).
Using the latest cached version of the dataset since fashion_mnist couldn't be found on the Hugging Face Hub
Found the latest cached dataset configuration 'fashion_mnist' at /root/.cache/huggingface/datasets/fashion_mnist/fashion_mnist/0.0.0/531be5e2ccc9dba0c201ad3ae567a4f3d16ecdd2 (last modified on Tue Feb 24 13:59:21 2026).
Using the latest cached version of the dataset since fashion_mnist couldn't be found on the Hugging Face Hub
Found the latest cached dataset configuration 'fashion_mnist' at /root/.cache/huggingface/datasets/fashion_mnist/fashion_mnist/0.0.0/531be5e2ccc9dba0c201ad3ae567a4f3d16ecdd2 (last modified on Tue Feb 24 13:59:21 2026).
Using the latest cached version of the dataset since fashion_mnist couldn't be found on the Hugging Face Hub
Using the latest cached version of the dataset since fashion_mnist couldn't be found on the Hugging Face Hub
Using the latest cached version of the dataset since fashion_mnist couldn't be found on the Hugging Face Hub
Found the latest cached dataset configuration 'fashion_mnist' at /root/.cache/huggingface/datasets/fashion_mnist/fashion_mnist/0.0.0/531be5e2ccc9dba0c201ad3ae567a4f3d16ecdd2 (last modified on Tue Feb 24 13:59:21 2026).
Using the latest cached version of the dataset since fashion_mnist couldn't be found on the Hugging Face Hub
Found the latest cached dataset configuration 'fashion_mnist' at /root/.cache/huggingface/datasets/fashion_mnist/fashion_mnist/0.0.0/531be5e2ccc9dba0c201ad3ae567a4f3d16ecdd2 (last modified on Tue Feb 24 13:59:21 2026).
Found the latest cached dataset configuration 'fashion_mnist' at /root/.cache/huggingface/datasets/fashion_mnist/fashion_mnist/0.0.0/531be5e2ccc9dba0c201ad3ae567a4f3d16ecdd2 (last modified on Tue Feb 24 13:59:21 2026).
Found the latest cached dataset configuration 'fashion_mnist' at /root/.cache/huggingface/datasets/fashion_mnist/fashion_mnist/0.0.0/531be5e2ccc9dba0c201ad3ae567a4f3d16ecdd2 (last modified on Tue Feb 24 13:59:21 2026).
Using the latest cached version of the dataset since fashion_mnist couldn't be found on the Hugging Face Hub
Found the latest cached dataset configuration 'fashion_mnist' at /root/.cache/huggingface/datasets/fashion_mnist/fashion_mnist/0.0.0/531be5e2ccc9dba0c201ad3ae567a4f3d16ecdd2 (last modified on Tue Feb 24 13:59:21 2026).
Using the latest cached version of the dataset since fashion_mnist couldn't be found on the Hugging Face Hub
Found the latest cached dataset configuration 'fashion_mnist' at /root/.cache/huggingface/datasets/fashion_mnist/fashion_mnist/0.0.0/531be5e2ccc9dba0c201ad3ae567a4f3d16ecdd2 (last modified on Tue Feb 24 13:59:21 2026).
Using the latest cached version of the dataset since fashion_mnist couldn't be found on the Hugging Face Hub
Found the latest cached dataset configuration 'fashion_mnist' at /root/.cache/huggingface/datasets/fashion_mnist/fashion_mnist/0.0.0/531be5e2ccc9dba0c201ad3ae567a4f3d16ecdd2 (last modified on Tue Feb 24 13:59:21 2026).
Using the latest cached version of the dataset since fashion_mnist couldn't be found on the Hugging Face Hub
Found the latest cached dataset configuration 'fashion_mnist' at /root/.cache/huggingface/datasets/fashion_mnist/fashion_mnist/0.0.0/531be5e2ccc9dba0c201ad3ae567a4f3d16ecdd2 (last modified on Tue Feb 24 13:59:21 2026).
Using the latest cached version of the dataset since fashion_mnist couldn't be found on the Hugging Face Hub
Found the latest cached dataset configuration 'fashion_mnist' at /root/.cache/huggingface/datasets/fashion_mnist/fashion_mnist/0.0.0/531be5e2ccc9dba0c201ad3ae567a4f3d16ecdd2 (last modified on Tue Feb 24 13:59:21 2026).
Using the latest cached version of the dataset since fashion_mnist couldn't be found on the Hugging Face Hub
Found the latest cached dataset configuration 'fashion_mnist' at /root/.cache/huggingface/datasets/fashion_mnist/fashion_mnist/0.0.0/531be5e2ccc9dba0c201ad3ae567a4f3d16ecdd2 (last modified on Tue Feb 24 13:59:21 2026).
Using the latest cached version of the dataset since fashion_mnist couldn't be found on the Hugging Face Hub
Found the latest cached dataset configuration 'fashion_mnist' at /root/.cache/huggingface/datasets/fashion_mnist/fashion_mnist/0.0.0/531be5e2ccc9dba0c201ad3ae567a4f3d16ecdd2 (last modified on Tue Feb 24 13:59:21 2026).
Exception in thread Thread-12 (_run):
Traceback (most recent call last):
  File "/root/miniforge3/envs/flwr/lib/python3.11/threading.py", line 1045, in _bootstrap_inner
    self.run()
  File "/root/miniforge3/envs/flwr/lib/python3.11/threading.py", line 982, in run
    self._target(*self._args, **self._kwargs)
  File "src/python/grpcio/grpc/_cython/_cygrpc/thread.pyx.pxi", line 53, in grpc._cython.cygrpc._run_with_context._run
  File "/root/miniforge3/envs/flwr/lib/python3.11/site-packages/grpc/_channel.py", line 1916, in _poll_connectivity
    event = channel.watch_connectivity_state(
            ^^^^^^^^^^^^^^^^^^^^^^^^^^^^^^^^^
  File "src/python/grpcio/grpc/_cython/_cygrpc/channel.pyx.pxi", line 561, in grpc._cython.cygrpc.Channel.watch_connectivity_state
  File "src/python/grpcio/grpc/_cython/_cygrpc/channel.pyx.pxi", line 427, in grpc._cython.cygrpc._watch_connectivity_state
  File "src/python/grpcio/grpc/_cython/_cygrpc/channel.pyx.pxi", line 435, in grpc._cython.cygrpc._watch_connectivity_state
ValueError: Cannot monitor channel state: Channel closed!
Using the latest cached version of the dataset since fashion_mnist couldn't be found on the Hugging Face Hub
Found the latest cached dataset configuration 'fashion_mnist' at /root/.cache/huggingface/datasets/fashion_mnist/fashion_mnist/0.0.0/531be5e2ccc9dba0c201ad3ae567a4f3d16ecdd2 (last modified on Tue Feb 24 13:59:21 2026).
Using the latest cached version of the dataset since fashion_mnist couldn't be found on the Hugging Face Hub
Found the latest cached dataset configuration 'fashion_mnist' at /root/.cache/huggingface/datasets/fashion_mnist/fashion_mnist/0.0.0/531be5e2ccc9dba0c201ad3ae567a4f3d16ecdd2 (last modified on Tue Feb 24 13:59:21 2026).
Using the latest cached version of the dataset since fashion_mnist couldn't be found on the Hugging Face Hub
Found the latest cached dataset configuration 'fashion_mnist' at /root/.cache/huggingface/datasets/fashion_mnist/fashion_mnist/0.0.0/531be5e2ccc9dba0c201ad3ae567a4f3d16ecdd2 (last modified on Tue Feb 24 13:59:21 2026).
Using the latest cached version of the dataset since fashion_mnist couldn't be found on the Hugging Face Hub
Found the latest cached dataset configuration 'fashion_mnist' at /root/.cache/huggingface/datasets/fashion_mnist/fashion_mnist/0.0.0/531be5e2ccc9dba0c201ad3ae567a4f3d16ecdd2 (last modified on Tue Feb 24 13:59:21 2026).
Using the latest cached version of the dataset since fashion_mnist couldn't be found on the Hugging Face Hub
Found the latest cached dataset configuration 'fashion_mnist' at /root/.cache/huggingface/datasets/fashion_mnist/fashion_mnist/0.0.0/531be5e2ccc9dba0c201ad3ae567a4f3d16ecdd2 (last modified on Tue Feb 24 13:59:21 2026).
Using the latest cached version of the dataset since fashion_mnist couldn't be found on the Hugging Face Hub
Found the latest cached dataset configuration 'fashion_mnist' at /root/.cache/huggingface/datasets/fashion_mnist/fashion_mnist/0.0.0/531be5e2ccc9dba0c201ad3ae567a4f3d16ecdd2 (last modified on Tue Feb 24 13:59:21 2026).
Using the latest cached version of the dataset since fashion_mnist couldn't be found on the Hugging Face Hub
Found the latest cached dataset configuration 'fashion_mnist' at /root/.cache/huggingface/datasets/fashion_mnist/fashion_mnist/0.0.0/531be5e2ccc9dba0c201ad3ae567a4f3d16ecdd2 (last modified on Tue Feb 24 13:59:21 2026).
Using the latest cached version of the dataset since fashion_mnist couldn't be found on the Hugging Face Hub
Found the latest cached dataset configuration 'fashion_mnist' at /root/.cache/huggingface/datasets/fashion_mnist/fashion_mnist/0.0.0/531be5e2ccc9dba0c201ad3ae567a4f3d16ecdd2 (last modified on Tue Feb 24 13:59:21 2026).
Using the latest cached version of the dataset since fashion_mnist couldn't be found on the Hugging Face Hub
Found the latest cached dataset configuration 'fashion_mnist' at /root/.cache/huggingface/datasets/fashion_mnist/fashion_mnist/0.0.0/531be5e2ccc9dba0c201ad3ae567a4f3d16ecdd2 (last modified on Tue Feb 24 13:59:21 2026).
Using the latest cached version of the dataset since fashion_mnist couldn't be found on the Hugging Face Hub
Found the latest cached dataset configuration 'fashion_mnist' at /root/.cache/huggingface/datasets/fashion_mnist/fashion_mnist/0.0.0/531be5e2ccc9dba0c201ad3ae567a4f3d16ecdd2 (last modified on Tue Feb 24 13:59:21 2026).
Using the latest cached version of the dataset since fashion_mnist couldn't be found on the Hugging Face Hub
Found the latest cached dataset configuration 'fashion_mnist' at /root/.cache/huggingface/datasets/fashion_mnist/fashion_mnist/0.0.0/531be5e2ccc9dba0c201ad3ae567a4f3d16ecdd2 (last modified on Tue Feb 24 13:59:21 2026).
Exception in thread Thread-34 (_run):
Traceback (most recent call last):
  File "/root/miniforge3/envs/flwr/lib/python3.11/threading.py", line 1045, in _bootstrap_inner
Exception in thread Thread-14 (_run):
Traceback (most recent call last):
  File "/root/miniforge3/envs/flwr/lib/python3.11/threading.py", line 1045, in _bootstrap_inner
    self.run()
  File "/root/miniforge3/envs/flwr/lib/python3.11/threading.py", line 982, in run
    self._target(*self._args, **self._kwargs)
  File "src/python/grpcio/grpc/_cython/_cygrpc/thread.pyx.pxi", line 53, in grpc._cython.cygrpc._run_with_context._run
    self.run()
  File "/root/miniforge3/envs/flwr/lib/python3.11/threading.py", line 982, in run
    self._target(*self._args, **self._kwargs)
  File "src/python/grpcio/grpc/_cython/_cygrpc/thread.pyx.pxi", line 53, in grpc._cython.cygrpc._run_with_context._run
  File "/root/miniforge3/envs/flwr/lib/python3.11/site-packages/grpc/_channel.py", line 1916, in _poll_connectivity
    event = channel.watch_connectivity_state(
            ^^^^^^^^^^^^^^^^^^^^^^^^^^^^^^^^^
  File "src/python/grpcio/grpc/_cython/_cygrpc/channel.pyx.pxi", line 561, in grpc._cython.cygrpc.Channel.watch_connectivity_state
  File "src/python/grpcio/grpc/_cython/_cygrpc/channel.pyx.pxi", line 427, in grpc._cython.cygrpc._watch_connectivity_state
  File "/root/miniforge3/envs/flwr/lib/python3.11/site-packages/grpc/_channel.py", line 1916, in _poll_connectivity
    event = channel.watch_connectivity_state(
            ^^^^^^^^^^^^^^^^^^^^^^^^^^^^^^^^^
  File "src/python/grpcio/grpc/_cython/_cygrpc/channel.pyx.pxi", line 561, in grpc._cython.cygrpc.Channel.watch_connectivity_state
  File "src/python/grpcio/grpc/_cython/_cygrpc/channel.pyx.pxi", line 435, in grpc._cython.cygrpc._watch_connectivity_state
  File "src/python/grpcio/grpc/_cython/_cygrpc/channel.pyx.pxi", line 427, in grpc._cython.cygrpc._watch_connectivity_state
ValueError: Cannot monitor channel state: Channel closed!
  File "src/python/grpcio/grpc/_cython/_cygrpc/channel.pyx.pxi", line 435, in grpc._cython.cygrpc._watch_connectivity_state
ValueError: Cannot monitor channel state: Channel closed!
Using the latest cached version of the dataset since fashion_mnist couldn't be found on the Hugging Face Hub
Found the latest cached dataset configuration 'fashion_mnist' at /root/.cache/huggingface/datasets/fashion_mnist/fashion_mnist/0.0.0/531be5e2ccc9dba0c201ad3ae567a4f3d16ecdd2 (last modified on Tue Feb 24 13:59:21 2026).
Exception in thread Thread-14 (_run):
Traceback (most recent call last):
  File "/root/miniforge3/envs/flwr/lib/python3.11/threading.py", line 1045, in _bootstrap_inner
    self.run()
  File "/root/miniforge3/envs/flwr/lib/python3.11/threading.py", line 982, in run
    self._target(*self._args, **self._kwargs)
  File "src/python/grpcio/grpc/_cython/_cygrpc/thread.pyx.pxi", line 53, in grpc._cython.cygrpc._run_with_context._run
  File "/root/miniforge3/envs/flwr/lib/python3.11/site-packages/grpc/_channel.py", line 1916, in _poll_connectivity
    event = channel.watch_connectivity_state(
            ^^^^^^^^^^^^^^^^^^^^^^^^^^^^^^^^^
  File "src/python/grpcio/grpc/_cython/_cygrpc/channel.pyx.pxi", line 561, in grpc._cython.cygrpc.Channel.watch_connectivity_state
  File "src/python/grpcio/grpc/_cython/_cygrpc/channel.pyx.pxi", line 427, in grpc._cython.cygrpc._watch_connectivity_state
  File "src/python/grpcio/grpc/_cython/_cygrpc/channel.pyx.pxi", line 435, in grpc._cython.cygrpc._watch_connectivity_state
ValueError: Cannot monitor channel state: Channel closed!
Exception in thread Thread-13 (_run):
Traceback (most recent call last):
  File "/root/miniforge3/envs/flwr/lib/python3.11/threading.py", line 1045, in _bootstrap_inner
    self.run()
  File "/root/miniforge3/envs/flwr/lib/python3.11/threading.py", line 982, in run
    self._target(*self._args, **self._kwargs)
  File "src/python/grpcio/grpc/_cython/_cygrpc/thread.pyx.pxi", line 53, in grpc._cython.cygrpc._run_with_context._run
  File "/root/miniforge3/envs/flwr/lib/python3.11/site-packages/grpc/_channel.py", line 1916, in _poll_connectivity
    event = channel.watch_connectivity_state(
            ^^^^^^^^^^^^^^^^^^^^^^^^^^^^^^^^^
  File "src/python/grpcio/grpc/_cython/_cygrpc/channel.pyx.pxi", line 561, in grpc._cython.cygrpc.Channel.watch_connectivity_state
  File "src/python/grpcio/grpc/_cython/_cygrpc/channel.pyx.pxi", line 427, in grpc._cython.cygrpc._watch_connectivity_state
  File "src/python/grpcio/grpc/_cython/_cygrpc/channel.pyx.pxi", line 435, in grpc._cython.cygrpc._watch_connectivity_state
ValueError: Cannot monitor channel state: Channel closed!
Exception in thread Thread-24 (_run):
Traceback (most recent call last):
  File "/root/miniforge3/envs/flwr/lib/python3.11/threading.py", line 1045, in _bootstrap_inner
    self.run()
  File "/root/miniforge3/envs/flwr/lib/python3.11/threading.py", line 982, in run
    self._target(*self._args, **self._kwargs)
  File "src/python/grpcio/grpc/_cython/_cygrpc/thread.pyx.pxi", line 53, in grpc._cython.cygrpc._run_with_context._run
  File "/root/miniforge3/envs/flwr/lib/python3.11/site-packages/grpc/_channel.py", line 1916, in _poll_connectivity
    event = channel.watch_connectivity_state(
            ^^^^^^^^^^^^^^^^^^^^^^^^^^^^^^^^^
  File "src/python/grpcio/grpc/_cython/_cygrpc/channel.pyx.pxi", line 561, in grpc._cython.cygrpc.Channel.watch_connectivity_state
  File "src/python/grpcio/grpc/_cython/_cygrpc/channel.pyx.pxi", line 427, in grpc._cython.cygrpc._watch_connectivity_state
  File "src/python/grpcio/grpc/_cython/_cygrpc/channel.pyx.pxi", line 435, in grpc._cython.cygrpc._watch_connectivity_state
ValueError: Cannot monitor channel state: Channel closed!
Exception in thread Thread-41 (_run):
Traceback (most recent call last):
  File "/root/miniforge3/envs/flwr/lib/python3.11/threading.py", line 1045, in _bootstrap_inner
    self.run()
  File "/root/miniforge3/envs/flwr/lib/python3.11/threading.py", line 982, in run
    self._target(*self._args, **self._kwargs)
  File "src/python/grpcio/grpc/_cython/_cygrpc/thread.pyx.pxi", line 53, in grpc._cython.cygrpc._run_with_context._run
  File "/root/miniforge3/envs/flwr/lib/python3.11/site-packages/grpc/_channel.py", line 1916, in _poll_connectivity
    event = channel.watch_connectivity_state(
            ^^^^^^^^^^^^^^^^^^^^^^^^^^^^^^^^^
  File "src/python/grpcio/grpc/_cython/_cygrpc/channel.pyx.pxi", line 561, in grpc._cython.cygrpc.Channel.watch_connectivity_state
  File "src/python/grpcio/grpc/_cython/_cygrpc/channel.pyx.pxi", line 427, in grpc._cython.cygrpc._watch_connectivity_state
  File "src/python/grpcio/grpc/_cython/_cygrpc/channel.pyx.pxi", line 435, in grpc._cython.cygrpc._watch_connectivity_state
ValueError: Cannot monitor channel state: Channel closed!
Using the latest cached version of the dataset since fashion_mnist couldn't be found on the Hugging Face Hub
Found the latest cached dataset configuration 'fashion_mnist' at /root/.cache/huggingface/datasets/fashion_mnist/fashion_mnist/0.0.0/531be5e2ccc9dba0c201ad3ae567a4f3d16ecdd2 (last modified on Tue Feb 24 13:59:21 2026).
Using the latest cached version of the dataset since fashion_mnist couldn't be found on the Hugging Face Hub
Found the latest cached dataset configuration 'fashion_mnist' at /root/.cache/huggingface/datasets/fashion_mnist/fashion_mnist/0.0.0/531be5e2ccc9dba0c201ad3ae567a4f3d16ecdd2 (last modified on Tue Feb 24 13:59:21 2026).
Using the latest cached version of the dataset since fashion_mnist couldn't be found on the Hugging Face Hub
Found the latest cached dataset configuration 'fashion_mnist' at /root/.cache/huggingface/datasets/fashion_mnist/fashion_mnist/0.0.0/531be5e2ccc9dba0c201ad3ae567a4f3d16ecdd2 (last modified on Tue Feb 24 13:59:21 2026).
Using the latest cached version of the dataset since fashion_mnist couldn't be found on the Hugging Face Hub
Found the latest cached dataset configuration 'fashion_mnist' at /root/.cache/huggingface/datasets/fashion_mnist/fashion_mnist/0.0.0/531be5e2ccc9dba0c201ad3ae567a4f3d16ecdd2 (last modified on Tue Feb 24 13:59:21 2026).
Using the latest cached version of the dataset since fashion_mnist couldn't be found on the Hugging Face Hub
Found the latest cached dataset configuration 'fashion_mnist' at /root/.cache/huggingface/datasets/fashion_mnist/fashion_mnist/0.0.0/531be5e2ccc9dba0c201ad3ae567a4f3d16ecdd2 (last modified on Tue Feb 24 13:59:21 2026).
Using the latest cached version of the dataset since fashion_mnist couldn't be found on the Hugging Face Hub
Found the latest cached dataset configuration 'fashion_mnist' at /root/.cache/huggingface/datasets/fashion_mnist/fashion_mnist/0.0.0/531be5e2ccc9dba0c201ad3ae567a4f3d16ecdd2 (last modified on Tue Feb 24 13:59:21 2026).
Using the latest cached version of the dataset since fashion_mnist couldn't be found on the Hugging Face Hub
Found the latest cached dataset configuration 'fashion_mnist' at /root/.cache/huggingface/datasets/fashion_mnist/fashion_mnist/0.0.0/531be5e2ccc9dba0c201ad3ae567a4f3d16ecdd2 (last modified on Tue Feb 24 13:59:21 2026).
Using the latest cached version of the dataset since fashion_mnist couldn't be found on the Hugging Face Hub
Found the latest cached dataset configuration 'fashion_mnist' at /root/.cache/huggingface/datasets/fashion_mnist/fashion_mnist/0.0.0/531be5e2ccc9dba0c201ad3ae567a4f3d16ecdd2 (last modified on Tue Feb 24 13:59:21 2026).
Using the latest cached version of the dataset since fashion_mnist couldn't be found on the Hugging Face Hub
Found the latest cached dataset configuration 'fashion_mnist' at /root/.cache/huggingface/datasets/fashion_mnist/fashion_mnist/0.0.0/531be5e2ccc9dba0c201ad3ae567a4f3d16ecdd2 (last modified on Tue Feb 24 13:59:21 2026).
Using the latest cached version of the dataset since fashion_mnist couldn't be found on the Hugging Face Hub
Found the latest cached dataset configuration 'fashion_mnist' at /root/.cache/huggingface/datasets/fashion_mnist/fashion_mnist/0.0.0/531be5e2ccc9dba0c201ad3ae567a4f3d16ecdd2 (last modified on Tue Feb 24 13:59:21 2026).
Exception in thread Thread-62 (_run):
Traceback (most recent call last):
  File "/root/miniforge3/envs/flwr/lib/python3.11/threading.py", line 1045, in _bootstrap_inner
    self.run()
  File "/root/miniforge3/envs/flwr/lib/python3.11/threading.py", line 982, in run
    self._target(*self._args, **self._kwargs)
  File "src/python/grpcio/grpc/_cython/_cygrpc/thread.pyx.pxi", line 53, in grpc._cython.cygrpc._run_with_context._run
  File "/root/miniforge3/envs/flwr/lib/python3.11/site-packages/grpc/_channel.py", line 1916, in _poll_connectivity
    event = channel.watch_connectivity_state(
            ^^^^^^^^^^^^^^^^^^^^^^^^^^^^^^^^^
  File "src/python/grpcio/grpc/_cython/_cygrpc/channel.pyx.pxi", line 561, in grpc._cython.cygrpc.Channel.watch_connectivity_state
  File "src/python/grpcio/grpc/_cython/_cygrpc/channel.pyx.pxi", line 427, in grpc._cython.cygrpc._watch_connectivity_state
  File "src/python/grpcio/grpc/_cython/_cygrpc/channel.pyx.pxi", line 435, in grpc._cython.cygrpc._watch_connectivity_state
ValueError: Cannot monitor channel state: Channel closed!
Exception in thread Thread-33 (_run):
Traceback (most recent call last):
  File "/root/miniforge3/envs/flwr/lib/python3.11/threading.py", line 1045, in _bootstrap_inner
    self.run()
  File "/root/miniforge3/envs/flwr/lib/python3.11/threading.py", line 982, in run
    self._target(*self._args, **self._kwargs)
  File "src/python/grpcio/grpc/_cython/_cygrpc/thread.pyx.pxi", line 53, in grpc._cython.cygrpc._run_with_context._run
  File "/root/miniforge3/envs/flwr/lib/python3.11/site-packages/grpc/_channel.py", line 1931, in _poll_connectivity
    connectivity = channel.check_connectivity_state(try_to_connect)
                   ^^^^^^^^^^^^^^^^^^^^^^^^^^^^^^^^^^^^^^^^^^^^^^^^
  File "src/python/grpcio/grpc/_cython/_cygrpc/channel.pyx.pxi", line 552, in grpc._cython.cygrpc.Channel.check_connectivity_state
  File "src/python/grpcio/grpc/_cython/_cygrpc/channel.pyx.pxi", line 557, in grpc._cython.cygrpc.Channel.check_connectivity_state
ValueError: Cannot invoke RPC: Channel closed!
Using the latest cached version of the dataset since fashion_mnist couldn't be found on the Hugging Face Hub
Found the latest cached dataset configuration 'fashion_mnist' at /root/.cache/huggingface/datasets/fashion_mnist/fashion_mnist/0.0.0/531be5e2ccc9dba0c201ad3ae567a4f3d16ecdd2 (last modified on Tue Feb 24 13:59:21 2026).
Using the latest cached version of the dataset since fashion_mnist couldn't be found on the Hugging Face Hub
Found the latest cached dataset configuration 'fashion_mnist' at /root/.cache/huggingface/datasets/fashion_mnist/fashion_mnist/0.0.0/531be5e2ccc9dba0c201ad3ae567a4f3d16ecdd2 (last modified on Tue Feb 24 13:59:21 2026).
Using the latest cached version of the dataset since fashion_mnist couldn't be found on the Hugging Face Hub
Found the latest cached dataset configuration 'fashion_mnist' at /root/.cache/huggingface/datasets/fashion_mnist/fashion_mnist/0.0.0/531be5e2ccc9dba0c201ad3ae567a4f3d16ecdd2 (last modified on Tue Feb 24 13:59:21 2026).
Using the latest cached version of the dataset since fashion_mnist couldn't be found on the Hugging Face Hub
Found the latest cached dataset configuration 'fashion_mnist' at /root/.cache/huggingface/datasets/fashion_mnist/fashion_mnist/0.0.0/531be5e2ccc9dba0c201ad3ae567a4f3d16ecdd2 (last modified on Tue Feb 24 13:59:21 2026).
Using the latest cached version of the dataset since fashion_mnist couldn't be found on the Hugging Face Hub
Found the latest cached dataset configuration 'fashion_mnist' at /root/.cache/huggingface/datasets/fashion_mnist/fashion_mnist/0.0.0/531be5e2ccc9dba0c201ad3ae567a4f3d16ecdd2 (last modified on Tue Feb 24 13:59:21 2026).
Using the latest cached version of the dataset since fashion_mnist couldn't be found on the Hugging Face Hub
Found the latest cached dataset configuration 'fashion_mnist' at /root/.cache/huggingface/datasets/fashion_mnist/fashion_mnist/0.0.0/531be5e2ccc9dba0c201ad3ae567a4f3d16ecdd2 (last modified on Tue Feb 24 13:59:21 2026).
Using the latest cached version of the dataset since fashion_mnist couldn't be found on the Hugging Face Hub
Found the latest cached dataset configuration 'fashion_mnist' at /root/.cache/huggingface/datasets/fashion_mnist/fashion_mnist/0.0.0/531be5e2ccc9dba0c201ad3ae567a4f3d16ecdd2 (last modified on Tue Feb 24 13:59:21 2026).
Using the latest cached version of the dataset since fashion_mnist couldn't be found on the Hugging Face Hub
Found the latest cached dataset configuration 'fashion_mnist' at /root/.cache/huggingface/datasets/fashion_mnist/fashion_mnist/0.0.0/531be5e2ccc9dba0c201ad3ae567a4f3d16ecdd2 (last modified on Tue Feb 24 13:59:21 2026).
Using the latest cached version of the dataset since fashion_mnist couldn't be found on the Hugging Face Hub
Found the latest cached dataset configuration 'fashion_mnist' at /root/.cache/huggingface/datasets/fashion_mnist/fashion_mnist/0.0.0/531be5e2ccc9dba0c201ad3ae567a4f3d16ecdd2 (last modified on Tue Feb 24 13:59:21 2026).
Using the latest cached version of the dataset since fashion_mnist couldn't be found on the Hugging Face Hub
Found the latest cached dataset configuration 'fashion_mnist' at /root/.cache/huggingface/datasets/fashion_mnist/fashion_mnist/0.0.0/531be5e2ccc9dba0c201ad3ae567a4f3d16ecdd2 (last modified on Tue Feb 24 13:59:21 2026).
Using the latest cached version of the dataset since fashion_mnist couldn't be found on the Hugging Face Hub
Found the latest cached dataset configuration 'fashion_mnist' at /root/.cache/huggingface/datasets/fashion_mnist/fashion_mnist/0.0.0/531be5e2ccc9dba0c201ad3ae567a4f3d16ecdd2 (last modified on Tue Feb 24 13:59:21 2026).
Using the latest cached version of the dataset since fashion_mnist couldn't be found on the Hugging Face Hub
Found the latest cached dataset configuration 'fashion_mnist' at /root/.cache/huggingface/datasets/fashion_mnist/fashion_mnist/0.0.0/531be5e2ccc9dba0c201ad3ae567a4f3d16ecdd2 (last modified on Tue Feb 24 13:59:21 2026).
Exception in thread Thread-64 (_run):
Traceback (most recent call last):
  File "/root/miniforge3/envs/flwr/lib/python3.11/threading.py", line 1045, in _bootstrap_inner
    self.run()
  File "/root/miniforge3/envs/flwr/lib/python3.11/threading.py", line 982, in run
    self._target(*self._args, **self._kwargs)
  File "src/python/grpcio/grpc/_cython/_cygrpc/thread.pyx.pxi", line 53, in grpc._cython.cygrpc._run_with_context._run
  File "/root/miniforge3/envs/flwr/lib/python3.11/site-packages/grpc/_channel.py", line 1916, in _poll_connectivity
    event = channel.watch_connectivity_state(
            ^^^^^^^^^^^^^^^^^^^^^^^^^^^^^^^^^
  File "src/python/grpcio/grpc/_cython/_cygrpc/channel.pyx.pxi", line 561, in grpc._cython.cygrpc.Channel.watch_connectivity_state
  File "src/python/grpcio/grpc/_cython/_cygrpc/channel.pyx.pxi", line 427, in grpc._cython.cygrpc._watch_connectivity_state
  File "src/python/grpcio/grpc/_cython/_cygrpc/channel.pyx.pxi", line 435, in grpc._cython.cygrpc._watch_connectivity_state
ValueError: Cannot monitor channel state: Channel closed!
Exception in thread Thread-61 (_run):
Traceback (most recent call last):
  File "/root/miniforge3/envs/flwr/lib/python3.11/threading.py", line 1045, in _bootstrap_inner
    self.run()
  File "/root/miniforge3/envs/flwr/lib/python3.11/threading.py", line 982, in run
    self._target(*self._args, **self._kwargs)
  File "src/python/grpcio/grpc/_cython/_cygrpc/thread.pyx.pxi", line 53, in grpc._cython.cygrpc._run_with_context._run
  File "/root/miniforge3/envs/flwr/lib/python3.11/site-packages/grpc/_channel.py", line 1916, in _poll_connectivity
    event = channel.watch_connectivity_state(
            ^^^^^^^^^^^^^^^^^^^^^^^^^^^^^^^^^
  File "src/python/grpcio/grpc/_cython/_cygrpc/channel.pyx.pxi", line 561, in grpc._cython.cygrpc.Channel.watch_connectivity_state
  File "src/python/grpcio/grpc/_cython/_cygrpc/channel.pyx.pxi", line 427, in grpc._cython.cygrpc._watch_connectivity_state
  File "src/python/grpcio/grpc/_cython/_cygrpc/channel.pyx.pxi", line 435, in grpc._cython.cygrpc._watch_connectivity_state
ValueError: Cannot monitor channel state: Channel closed!
Exception in thread Thread-48 (_run):
Traceback (most recent call last):
  File "/root/miniforge3/envs/flwr/lib/python3.11/threading.py", line 1045, in _bootstrap_inner
    self.run()
  File "/root/miniforge3/envs/flwr/lib/python3.11/threading.py", line 982, in run
    self._target(*self._args, **self._kwargs)
  File "src/python/grpcio/grpc/_cython/_cygrpc/thread.pyx.pxi", line 53, in grpc._cython.cygrpc._run_with_context._run
  File "/root/miniforge3/envs/flwr/lib/python3.11/site-packages/grpc/_channel.py", line 1916, in _poll_connectivity
    event = channel.watch_connectivity_state(
            ^^^^^^^^^^^^^^^^^^^^^^^^^^^^^^^^^
  File "src/python/grpcio/grpc/_cython/_cygrpc/channel.pyx.pxi", line 561, in grpc._cython.cygrpc.Channel.watch_connectivity_state
  File "src/python/grpcio/grpc/_cython/_cygrpc/channel.pyx.pxi", line 427, in grpc._cython.cygrpc._watch_connectivity_state
  File "src/python/grpcio/grpc/_cython/_cygrpc/channel.pyx.pxi", line 435, in grpc._cython.cygrpc._watch_connectivity_state
ValueError: Cannot monitor channel state: Channel closed!
Using the latest cached version of the dataset since fashion_mnist couldn't be found on the Hugging Face Hub
Found the latest cached dataset configuration 'fashion_mnist' at /root/.cache/huggingface/datasets/fashion_mnist/fashion_mnist/0.0.0/531be5e2ccc9dba0c201ad3ae567a4f3d16ecdd2 (last modified on Tue Feb 24 13:59:21 2026).
Using the latest cached version of the dataset since fashion_mnist couldn't be found on the Hugging Face Hub
Found the latest cached dataset configuration 'fashion_mnist' at /root/.cache/huggingface/datasets/fashion_mnist/fashion_mnist/0.0.0/531be5e2ccc9dba0c201ad3ae567a4f3d16ecdd2 (last modified on Tue Feb 24 13:59:21 2026).
Using the latest cached version of the dataset since fashion_mnist couldn't be found on the Hugging Face Hub
Found the latest cached dataset configuration 'fashion_mnist' at /root/.cache/huggingface/datasets/fashion_mnist/fashion_mnist/0.0.0/531be5e2ccc9dba0c201ad3ae567a4f3d16ecdd2 (last modified on Tue Feb 24 13:59:21 2026).
Using the latest cached version of the dataset since fashion_mnist couldn't be found on the Hugging Face Hub
Found the latest cached dataset configuration 'fashion_mnist' at /root/.cache/huggingface/datasets/fashion_mnist/fashion_mnist/0.0.0/531be5e2ccc9dba0c201ad3ae567a4f3d16ecdd2 (last modified on Tue Feb 24 13:59:21 2026).
Using the latest cached version of the dataset since fashion_mnist couldn't be found on the Hugging Face Hub
Found the latest cached dataset configuration 'fashion_mnist' at /root/.cache/huggingface/datasets/fashion_mnist/fashion_mnist/0.0.0/531be5e2ccc9dba0c201ad3ae567a4f3d16ecdd2 (last modified on Tue Feb 24 13:59:21 2026).
Using the latest cached version of the dataset since fashion_mnist couldn't be found on the Hugging Face Hub
Found the latest cached dataset configuration 'fashion_mnist' at /root/.cache/huggingface/datasets/fashion_mnist/fashion_mnist/0.0.0/531be5e2ccc9dba0c201ad3ae567a4f3d16ecdd2 (last modified on Tue Feb 24 13:59:21 2026).
Using the latest cached version of the dataset since fashion_mnist couldn't be found on the Hugging Face Hub
Found the latest cached dataset configuration 'fashion_mnist' at /root/.cache/huggingface/datasets/fashion_mnist/fashion_mnist/0.0.0/531be5e2ccc9dba0c201ad3ae567a4f3d16ecdd2 (last modified on Tue Feb 24 13:59:21 2026).
Using the latest cached version of the dataset since fashion_mnist couldn't be found on the Hugging Face Hub
Found the latest cached dataset configuration 'fashion_mnist' at /root/.cache/huggingface/datasets/fashion_mnist/fashion_mnist/0.0.0/531be5e2ccc9dba0c201ad3ae567a4f3d16ecdd2 (last modified on Tue Feb 24 13:59:21 2026).
Using the latest cached version of the dataset since fashion_mnist couldn't be found on the Hugging Face Hub
Found the latest cached dataset configuration 'fashion_mnist' at /root/.cache/huggingface/datasets/fashion_mnist/fashion_mnist/0.0.0/531be5e2ccc9dba0c201ad3ae567a4f3d16ecdd2 (last modified on Tue Feb 24 13:59:21 2026).
Using the latest cached version of the dataset since fashion_mnist couldn't be found on the Hugging Face Hub
Found the latest cached dataset configuration 'fashion_mnist' at /root/.cache/huggingface/datasets/fashion_mnist/fashion_mnist/0.0.0/531be5e2ccc9dba0c201ad3ae567a4f3d16ecdd2 (last modified on Tue Feb 24 13:59:21 2026).
Using the latest cached version of the dataset since fashion_mnist couldn't be found on the Hugging Face Hub
Found the latest cached dataset configuration 'fashion_mnist' at /root/.cache/huggingface/datasets/fashion_mnist/fashion_mnist/0.0.0/531be5e2ccc9dba0c201ad3ae567a4f3d16ecdd2 (last modified on Tue Feb 24 13:59:21 2026).
Exception in thread Thread-66 (_run):
Traceback (most recent call last):
  File "/root/miniforge3/envs/flwr/lib/python3.11/threading.py", line 1045, in _bootstrap_inner
    self.run()
  File "/root/miniforge3/envs/flwr/lib/python3.11/threading.py", line 982, in run
    self._target(*self._args, **self._kwargs)
  File "src/python/grpcio/grpc/_cython/_cygrpc/thread.pyx.pxi", line 53, in grpc._cython.cygrpc._run_with_context._run
  File "/root/miniforge3/envs/flwr/lib/python3.11/site-packages/grpc/_channel.py", line 1916, in _poll_connectivity
    event = channel.watch_connectivity_state(
            ^^^^^^^^^^^^^^^^^^^^^^^^^^^^^^^^^
  File "src/python/grpcio/grpc/_cython/_cygrpc/channel.pyx.pxi", line 561, in grpc._cython.cygrpc.Channel.watch_connectivity_state
  File "src/python/grpcio/grpc/_cython/_cygrpc/channel.pyx.pxi", line 427, in grpc._cython.cygrpc._watch_connectivity_state
  File "src/python/grpcio/grpc/_cython/_cygrpc/channel.pyx.pxi", line 435, in grpc._cython.cygrpc._watch_connectivity_state
ValueError: Cannot monitor channel state: Channel closed!
Exception in thread Thread-64 (_run):
Traceback (most recent call last):
  File "/root/miniforge3/envs/flwr/lib/python3.11/threading.py", line 1045, in _bootstrap_inner
    self.run()
  File "/root/miniforge3/envs/flwr/lib/python3.11/threading.py", line 982, in run
    self._target(*self._args, **self._kwargs)
  File "src/python/grpcio/grpc/_cython/_cygrpc/thread.pyx.pxi", line 53, in grpc._cython.cygrpc._run_with_context._run
  File "/root/miniforge3/envs/flwr/lib/python3.11/site-packages/grpc/_channel.py", line 1916, in _poll_connectivity
    event = channel.watch_connectivity_state(
            ^^^^^^^^^^^^^^^^^^^^^^^^^^^^^^^^^
  File "src/python/grpcio/grpc/_cython/_cygrpc/channel.pyx.pxi", line 561, in grpc._cython.cygrpc.Channel.watch_connectivity_state
  File "src/python/grpcio/grpc/_cython/_cygrpc/channel.pyx.pxi", line 427, in grpc._cython.cygrpc._watch_connectivity_state
  File "src/python/grpcio/grpc/_cython/_cygrpc/channel.pyx.pxi", line 435, in grpc._cython.cygrpc._watch_connectivity_state
ValueError: Cannot monitor channel state: Channel closed!
Using the latest cached version of the dataset since fashion_mnist couldn't be found on the Hugging Face Hub
Found the latest cached dataset configuration 'fashion_mnist' at /root/.cache/huggingface/datasets/fashion_mnist/fashion_mnist/0.0.0/531be5e2ccc9dba0c201ad3ae567a4f3d16ecdd2 (last modified on Tue Feb 24 13:59:21 2026).
Using the latest cached version of the dataset since fashion_mnist couldn't be found on the Hugging Face Hub
Found the latest cached dataset configuration 'fashion_mnist' at /root/.cache/huggingface/datasets/fashion_mnist/fashion_mnist/0.0.0/531be5e2ccc9dba0c201ad3ae567a4f3d16ecdd2 (last modified on Tue Feb 24 13:59:21 2026).
Using the latest cached version of the dataset since fashion_mnist couldn't be found on the Hugging Face Hub
Found the latest cached dataset configuration 'fashion_mnist' at /root/.cache/huggingface/datasets/fashion_mnist/fashion_mnist/0.0.0/531be5e2ccc9dba0c201ad3ae567a4f3d16ecdd2 (last modified on Tue Feb 24 13:59:21 2026).
Using the latest cached version of the dataset since fashion_mnist couldn't be found on the Hugging Face Hub
Found the latest cached dataset configuration 'fashion_mnist' at /root/.cache/huggingface/datasets/fashion_mnist/fashion_mnist/0.0.0/531be5e2ccc9dba0c201ad3ae567a4f3d16ecdd2 (last modified on Tue Feb 24 13:59:21 2026).
Using the latest cached version of the dataset since fashion_mnist couldn't be found on the Hugging Face Hub
Found the latest cached dataset configuration 'fashion_mnist' at /root/.cache/huggingface/datasets/fashion_mnist/fashion_mnist/0.0.0/531be5e2ccc9dba0c201ad3ae567a4f3d16ecdd2 (last modified on Tue Feb 24 13:59:21 2026).
Using the latest cached version of the dataset since fashion_mnist couldn't be found on the Hugging Face Hub
Found the latest cached dataset configuration 'fashion_mnist' at /root/.cache/huggingface/datasets/fashion_mnist/fashion_mnist/0.0.0/531be5e2ccc9dba0c201ad3ae567a4f3d16ecdd2 (last modified on Tue Feb 24 13:59:21 2026).
Using the latest cached version of the dataset since fashion_mnist couldn't be found on the Hugging Face Hub
Found the latest cached dataset configuration 'fashion_mnist' at /root/.cache/huggingface/datasets/fashion_mnist/fashion_mnist/0.0.0/531be5e2ccc9dba0c201ad3ae567a4f3d16ecdd2 (last modified on Tue Feb 24 13:59:21 2026).
Using the latest cached version of the dataset since fashion_mnist couldn't be found on the Hugging Face Hub
Found the latest cached dataset configuration 'fashion_mnist' at /root/.cache/huggingface/datasets/fashion_mnist/fashion_mnist/0.0.0/531be5e2ccc9dba0c201ad3ae567a4f3d16ecdd2 (last modified on Tue Feb 24 13:59:21 2026).
Using the latest cached version of the dataset since fashion_mnist couldn't be found on the Hugging Face Hub
Found the latest cached dataset configuration 'fashion_mnist' at /root/.cache/huggingface/datasets/fashion_mnist/fashion_mnist/0.0.0/531be5e2ccc9dba0c201ad3ae567a4f3d16ecdd2 (last modified on Tue Feb 24 13:59:21 2026).
Using the latest cached version of the dataset since fashion_mnist couldn't be found on the Hugging Face Hub
Found the latest cached dataset configuration 'fashion_mnist' at /root/.cache/huggingface/datasets/fashion_mnist/fashion_mnist/0.0.0/531be5e2ccc9dba0c201ad3ae567a4f3d16ecdd2 (last modified on Tue Feb 24 13:59:21 2026).
Exception in thread Thread-78 (_run):
Traceback (most recent call last):
  File "/root/miniforge3/envs/flwr/lib/python3.11/threading.py", line 1045, in _bootstrap_inner
    self.run()
  File "/root/miniforge3/envs/flwr/lib/python3.11/threading.py", line 982, in run
    self._target(*self._args, **self._kwargs)
  File "src/python/grpcio/grpc/_cython/_cygrpc/thread.pyx.pxi", line 53, in grpc._cython.cygrpc._run_with_context._run
  File "/root/miniforge3/envs/flwr/lib/python3.11/site-packages/grpc/_channel.py", line 1916, in _poll_connectivity
    event = channel.watch_connectivity_state(
            ^^^^^^^^^^^^^^^^^^^^^^^^^^^^^^^^^
  File "src/python/grpcio/grpc/_cython/_cygrpc/channel.pyx.pxi", line 561, in grpc._cython.cygrpc.Channel.watch_connectivity_state
  File "src/python/grpcio/grpc/_cython/_cygrpc/channel.pyx.pxi", line 427, in grpc._cython.cygrpc._watch_connectivity_state
  File "src/python/grpcio/grpc/_cython/_cygrpc/channel.pyx.pxi", line 435, in grpc._cython.cygrpc._watch_connectivity_state
ValueError: Cannot monitor channel state: Channel closed!
Exception in thread Thread-75 (_run):
Traceback (most recent call last):
  File "/root/miniforge3/envs/flwr/lib/python3.11/threading.py", line 1045, in _bootstrap_inner
    self.run()
  File "/root/miniforge3/envs/flwr/lib/python3.11/threading.py", line 982, in run
    self._target(*self._args, **self._kwargs)
  File "src/python/grpcio/grpc/_cython/_cygrpc/thread.pyx.pxi", line 53, in grpc._cython.cygrpc._run_with_context._run
  File "/root/miniforge3/envs/flwr/lib/python3.11/site-packages/grpc/_channel.py", line 1916, in _poll_connectivity
    event = channel.watch_connectivity_state(
            ^^^^^^^^^^^^^^^^^^^^^^^^^^^^^^^^^
  File "src/python/grpcio/grpc/_cython/_cygrpc/channel.pyx.pxi", line 561, in grpc._cython.cygrpc.Channel.watch_connectivity_state
  File "src/python/grpcio/grpc/_cython/_cygrpc/channel.pyx.pxi", line 427, in grpc._cython.cygrpc._watch_connectivity_state
  File "src/python/grpcio/grpc/_cython/_cygrpc/channel.pyx.pxi", line 435, in grpc._cython.cygrpc._watch_connectivity_state
ValueError: Cannot monitor channel state: Channel closed!
Using the latest cached version of the dataset since fashion_mnist couldn't be found on the Hugging Face Hub
Found the latest cached dataset configuration 'fashion_mnist' at /root/.cache/huggingface/datasets/fashion_mnist/fashion_mnist/0.0.0/531be5e2ccc9dba0c201ad3ae567a4f3d16ecdd2 (last modified on Tue Feb 24 13:59:21 2026).
Exception in thread Thread-75 (_run):
Traceback (most recent call last):
  File "/root/miniforge3/envs/flwr/lib/python3.11/threading.py", line 1045, in _bootstrap_inner
    self.run()
  File "/root/miniforge3/envs/flwr/lib/python3.11/threading.py", line 982, in run
    self._target(*self._args, **self._kwargs)
  File "src/python/grpcio/grpc/_cython/_cygrpc/thread.pyx.pxi", line 53, in grpc._cython.cygrpc._run_with_context._run
  File "/root/miniforge3/envs/flwr/lib/python3.11/site-packages/grpc/_channel.py", line 1916, in _poll_connectivity
    event = channel.watch_connectivity_state(
            ^^^^^^^^^^^^^^^^^^^^^^^^^^^^^^^^^
  File "src/python/grpcio/grpc/_cython/_cygrpc/channel.pyx.pxi", line 561, in grpc._cython.cygrpc.Channel.watch_connectivity_state
  File "src/python/grpcio/grpc/_cython/_cygrpc/channel.pyx.pxi", line 427, in grpc._cython.cygrpc._watch_connectivity_state
  File "src/python/grpcio/grpc/_cython/_cygrpc/channel.pyx.pxi", line 435, in grpc._cython.cygrpc._watch_connectivity_state
ValueError: Cannot monitor channel state: Channel closed!
Exception in thread Thread-96 (_run):
Traceback (most recent call last):
  File "/root/miniforge3/envs/flwr/lib/python3.11/threading.py", line 1045, in _bootstrap_inner
    self.run()
  File "/root/miniforge3/envs/flwr/lib/python3.11/threading.py", line 982, in run
    self._target(*self._args, **self._kwargs)
  File "src/python/grpcio/grpc/_cython/_cygrpc/thread.pyx.pxi", line 53, in grpc._cython.cygrpc._run_with_context._run
  File "/root/miniforge3/envs/flwr/lib/python3.11/site-packages/grpc/_channel.py", line 1916, in _poll_connectivity
    event = channel.watch_connectivity_state(
            ^^^^^^^^^^^^^^^^^^^^^^^^^^^^^^^^^
  File "src/python/grpcio/grpc/_cython/_cygrpc/channel.pyx.pxi", line 561, in grpc._cython.cygrpc.Channel.watch_connectivity_state
  File "src/python/grpcio/grpc/_cython/_cygrpc/channel.pyx.pxi", line 427, in grpc._cython.cygrpc._watch_connectivity_state
  File "src/python/grpcio/grpc/_cython/_cygrpc/channel.pyx.pxi", line 435, in grpc._cython.cygrpc._watch_connectivity_state
ValueError: Cannot monitor channel state: Channel closed!
Using the latest cached version of the dataset since fashion_mnist couldn't be found on the Hugging Face Hub
Found the latest cached dataset configuration 'fashion_mnist' at /root/.cache/huggingface/datasets/fashion_mnist/fashion_mnist/0.0.0/531be5e2ccc9dba0c201ad3ae567a4f3d16ecdd2 (last modified on Tue Feb 24 13:59:21 2026).
Using the latest cached version of the dataset since fashion_mnist couldn't be found on the Hugging Face Hub
Using the latest cached version of the dataset since fashion_mnist couldn't be found on the Hugging Face Hub
Found the latest cached dataset configuration 'fashion_mnist' at /root/.cache/huggingface/datasets/fashion_mnist/fashion_mnist/0.0.0/531be5e2ccc9dba0c201ad3ae567a4f3d16ecdd2 (last modified on Tue Feb 24 13:59:21 2026).
Found the latest cached dataset configuration 'fashion_mnist' at /root/.cache/huggingface/datasets/fashion_mnist/fashion_mnist/0.0.0/531be5e2ccc9dba0c201ad3ae567a4f3d16ecdd2 (last modified on Tue Feb 24 13:59:21 2026).
Using the latest cached version of the dataset since fashion_mnist couldn't be found on the Hugging Face Hub
Found the latest cached dataset configuration 'fashion_mnist' at /root/.cache/huggingface/datasets/fashion_mnist/fashion_mnist/0.0.0/531be5e2ccc9dba0c201ad3ae567a4f3d16ecdd2 (last modified on Tue Feb 24 13:59:21 2026).
Using the latest cached version of the dataset since fashion_mnist couldn't be found on the Hugging Face Hub
Found the latest cached dataset configuration 'fashion_mnist' at /root/.cache/huggingface/datasets/fashion_mnist/fashion_mnist/0.0.0/531be5e2ccc9dba0c201ad3ae567a4f3d16ecdd2 (last modified on Tue Feb 24 13:59:21 2026).
Using the latest cached version of the dataset since fashion_mnist couldn't be found on the Hugging Face Hub
Found the latest cached dataset configuration 'fashion_mnist' at /root/.cache/huggingface/datasets/fashion_mnist/fashion_mnist/0.0.0/531be5e2ccc9dba0c201ad3ae567a4f3d16ecdd2 (last modified on Tue Feb 24 13:59:21 2026).
Using the latest cached version of the dataset since fashion_mnist couldn't be found on the Hugging Face Hub
Found the latest cached dataset configuration 'fashion_mnist' at /root/.cache/huggingface/datasets/fashion_mnist/fashion_mnist/0.0.0/531be5e2ccc9dba0c201ad3ae567a4f3d16ecdd2 (last modified on Tue Feb 24 13:59:21 2026).
Using the latest cached version of the dataset since fashion_mnist couldn't be found on the Hugging Face Hub
Found the latest cached dataset configuration 'fashion_mnist' at /root/.cache/huggingface/datasets/fashion_mnist/fashion_mnist/0.0.0/531be5e2ccc9dba0c201ad3ae567a4f3d16ecdd2 (last modified on Tue Feb 24 13:59:21 2026).
Using the latest cached version of the dataset since fashion_mnist couldn't be found on the Hugging Face Hub
Found the latest cached dataset configuration 'fashion_mnist' at /root/.cache/huggingface/datasets/fashion_mnist/fashion_mnist/0.0.0/531be5e2ccc9dba0c201ad3ae567a4f3d16ecdd2 (last modified on Tue Feb 24 13:59:21 2026).
Using the latest cached version of the dataset since fashion_mnist couldn't be found on the Hugging Face Hub
Found the latest cached dataset configuration 'fashion_mnist' at /root/.cache/huggingface/datasets/fashion_mnist/fashion_mnist/0.0.0/531be5e2ccc9dba0c201ad3ae567a4f3d16ecdd2 (last modified on Tue Feb 24 13:59:21 2026).
Exception in thread Thread-102 (_run):
Traceback (most recent call last):
  File "/root/miniforge3/envs/flwr/lib/python3.11/threading.py", line 1045, in _bootstrap_inner
    self.run()
  File "/root/miniforge3/envs/flwr/lib/python3.11/threading.py", line 982, in run
    self._target(*self._args, **self._kwargs)
  File "src/python/grpcio/grpc/_cython/_cygrpc/thread.pyx.pxi", line 53, in grpc._cython.cygrpc._run_with_context._run
  File "/root/miniforge3/envs/flwr/lib/python3.11/site-packages/grpc/_channel.py", line 1916, in _poll_connectivity
    event = channel.watch_connectivity_state(
            ^^^^^^^^^^^^^^^^^^^^^^^^^^^^^^^^^
  File "src/python/grpcio/grpc/_cython/_cygrpc/channel.pyx.pxi", line 561, in grpc._cython.cygrpc.Channel.watch_connectivity_state
  File "src/python/grpcio/grpc/_cython/_cygrpc/channel.pyx.pxi", line 427, in grpc._cython.cygrpc._watch_connectivity_state
  File "src/python/grpcio/grpc/_cython/_cygrpc/channel.pyx.pxi", line 435, in grpc._cython.cygrpc._watch_connectivity_state
ValueError: Cannot monitor channel state: Channel closed!
Exception in thread Thread-87 (_run):
Traceback (most recent call last):
  File "/root/miniforge3/envs/flwr/lib/python3.11/threading.py", line 1045, in _bootstrap_inner
    self.run()
  File "/root/miniforge3/envs/flwr/lib/python3.11/threading.py", line 982, in run
    self._target(*self._args, **self._kwargs)
  File "src/python/grpcio/grpc/_cython/_cygrpc/thread.pyx.pxi", line 53, in grpc._cython.cygrpc._run_with_context._run
  File "/root/miniforge3/envs/flwr/lib/python3.11/site-packages/grpc/_channel.py", line 1916, in _poll_connectivity
    event = channel.watch_connectivity_state(
            ^^^^^^^^^^^^^^^^^^^^^^^^^^^^^^^^^
  File "src/python/grpcio/grpc/_cython/_cygrpc/channel.pyx.pxi", line 561, in grpc._cython.cygrpc.Channel.watch_connectivity_state
  File "src/python/grpcio/grpc/_cython/_cygrpc/channel.pyx.pxi", line 427, in grpc._cython.cygrpc._watch_connectivity_state
  File "src/python/grpcio/grpc/_cython/_cygrpc/channel.pyx.pxi", line 435, in grpc._cython.cygrpc._watch_connectivity_state
ValueError: Cannot monitor channel state: Channel closed!
Exception in thread Thread-91 (_run):
Traceback (most recent call last):
  File "/root/miniforge3/envs/flwr/lib/python3.11/threading.py", line 1045, in _bootstrap_inner
    self.run()
  File "/root/miniforge3/envs/flwr/lib/python3.11/threading.py", line 982, in run
    self._target(*self._args, **self._kwargs)
  File "src/python/grpcio/grpc/_cython/_cygrpc/thread.pyx.pxi", line 53, in grpc._cython.cygrpc._run_with_context._run
  File "/root/miniforge3/envs/flwr/lib/python3.11/site-packages/grpc/_channel.py", line 1916, in _poll_connectivity
    event = channel.watch_connectivity_state(
            ^^^^^^^^^^^^^^^^^^^^^^^^^^^^^^^^^
  File "src/python/grpcio/grpc/_cython/_cygrpc/channel.pyx.pxi", line 561, in grpc._cython.cygrpc.Channel.watch_connectivity_state
  File "src/python/grpcio/grpc/_cython/_cygrpc/channel.pyx.pxi", line 427, in grpc._cython.cygrpc._watch_connectivity_state
  File "src/python/grpcio/grpc/_cython/_cygrpc/channel.pyx.pxi", line 435, in grpc._cython.cygrpc._watch_connectivity_state
ValueError: Cannot monitor channel state: Channel closed!
Exception in thread Thread-112 (_run):
Traceback (most recent call last):
  File "/root/miniforge3/envs/flwr/lib/python3.11/threading.py", line 1045, in _bootstrap_inner
    self.run()
  File "/root/miniforge3/envs/flwr/lib/python3.11/threading.py", line 982, in run
    self._target(*self._args, **self._kwargs)
  File "src/python/grpcio/grpc/_cython/_cygrpc/thread.pyx.pxi", line 53, in grpc._cython.cygrpc._run_with_context._run
  File "/root/miniforge3/envs/flwr/lib/python3.11/site-packages/grpc/_channel.py", line 1916, in _poll_connectivity
    event = channel.watch_connectivity_state(
            ^^^^^^^^^^^^^^^^^^^^^^^^^^^^^^^^^
  File "src/python/grpcio/grpc/_cython/_cygrpc/channel.pyx.pxi", line 561, in grpc._cython.cygrpc.Channel.watch_connectivity_state
  File "src/python/grpcio/grpc/_cython/_cygrpc/channel.pyx.pxi", line 427, in grpc._cython.cygrpc._watch_connectivity_state
  File "src/python/grpcio/grpc/_cython/_cygrpc/channel.pyx.pxi", line 435, in grpc._cython.cygrpc._watch_connectivity_state
ValueError: Cannot monitor channel state: Channel closed!
Exception in thread Thread-115 (_run):
Traceback (most recent call last):
  File "/root/miniforge3/envs/flwr/lib/python3.11/threading.py", line 1045, in _bootstrap_inner
    self.run()
  File "/root/miniforge3/envs/flwr/lib/python3.11/threading.py", line 982, in run
    self._target(*self._args, **self._kwargs)
  File "src/python/grpcio/grpc/_cython/_cygrpc/thread.pyx.pxi", line 53, in grpc._cython.cygrpc._run_with_context._run
  File "/root/miniforge3/envs/flwr/lib/python3.11/site-packages/grpc/_channel.py", line 1916, in _poll_connectivity
    event = channel.watch_connectivity_state(
            ^^^^^^^^^^^^^^^^^^^^^^^^^^^^^^^^^
  File "src/python/grpcio/grpc/_cython/_cygrpc/channel.pyx.pxi", line 561, in grpc._cython.cygrpc.Channel.watch_connectivity_state
  File "src/python/grpcio/grpc/_cython/_cygrpc/channel.pyx.pxi", line 427, in grpc._cython.cygrpc._watch_connectivity_state
  File "src/python/grpcio/grpc/_cython/_cygrpc/channel.pyx.pxi", line 435, in grpc._cython.cygrpc._watch_connectivity_state
ValueError: Cannot monitor channel state: Channel closed!
Exception in thread Thread-103 (_run):
Traceback (most recent call last):
  File "/root/miniforge3/envs/flwr/lib/python3.11/threading.py", line 1045, in _bootstrap_inner
    self.run()
  File "/root/miniforge3/envs/flwr/lib/python3.11/threading.py", line 982, in run
    self._target(*self._args, **self._kwargs)
  File "src/python/grpcio/grpc/_cython/_cygrpc/thread.pyx.pxi", line 53, in grpc._cython.cygrpc._run_with_context._run
  File "/root/miniforge3/envs/flwr/lib/python3.11/site-packages/grpc/_channel.py", line 1916, in _poll_connectivity
    event = channel.watch_connectivity_state(
            ^^^^^^^^^^^^^^^^^^^^^^^^^^^^^^^^^
  File "src/python/grpcio/grpc/_cython/_cygrpc/channel.pyx.pxi", line 561, in grpc._cython.cygrpc.Channel.watch_connectivity_state
  File "src/python/grpcio/grpc/_cython/_cygrpc/channel.pyx.pxi", line 427, in grpc._cython.cygrpc._watch_connectivity_state
  File "src/python/grpcio/grpc/_cython/_cygrpc/channel.pyx.pxi", line 435, in grpc._cython.cygrpc._watch_connectivity_state
ValueError: Cannot monitor channel state: Channel closed!
Exception in thread Thread-108 (_run):
Traceback (most recent call last):
  File "/root/miniforge3/envs/flwr/lib/python3.11/threading.py", line 1045, in _bootstrap_inner
    self.run()
  File "/root/miniforge3/envs/flwr/lib/python3.11/threading.py", line 982, in run
    self._target(*self._args, **self._kwargs)
  File "src/python/grpcio/grpc/_cython/_cygrpc/thread.pyx.pxi", line 53, in grpc._cython.cygrpc._run_with_context._run
  File "/root/miniforge3/envs/flwr/lib/python3.11/site-packages/grpc/_channel.py", line 1916, in _poll_connectivity
    event = channel.watch_connectivity_state(
            ^^^^^^^^^^^^^^^^^^^^^^^^^^^^^^^^^
  File "src/python/grpcio/grpc/_cython/_cygrpc/channel.pyx.pxi", line 561, in grpc._cython.cygrpc.Channel.watch_connectivity_state
  File "src/python/grpcio/grpc/_cython/_cygrpc/channel.pyx.pxi", line 427, in grpc._cython.cygrpc._watch_connectivity_state
  File "src/python/grpcio/grpc/_cython/_cygrpc/channel.pyx.pxi", line 435, in grpc._cython.cygrpc._watch_connectivity_state
ValueError: Cannot monitor channel state: Channel closed!
Exception in thread Thread-120 (_run):
Traceback (most recent call last):
  File "/root/miniforge3/envs/flwr/lib/python3.11/threading.py", line 1045, in _bootstrap_inner
    self.run()
  File "/root/miniforge3/envs/flwr/lib/python3.11/threading.py", line 982, in run
    self._target(*self._args, **self._kwargs)
  File "src/python/grpcio/grpc/_cython/_cygrpc/thread.pyx.pxi", line 53, in grpc._cython.cygrpc._run_with_context._run
  File "/root/miniforge3/envs/flwr/lib/python3.11/site-packages/grpc/_channel.py", line 1916, in _poll_connectivity
    event = channel.watch_connectivity_state(
            ^^^^^^^^^^^^^^^^^^^^^^^^^^^^^^^^^
  File "src/python/grpcio/grpc/_cython/_cygrpc/channel.pyx.pxi", line 561, in grpc._cython.cygrpc.Channel.watch_connectivity_state
  File "src/python/grpcio/grpc/_cython/_cygrpc/channel.pyx.pxi", line 427, in grpc._cython.cygrpc._watch_connectivity_state
  File "src/python/grpcio/grpc/_cython/_cygrpc/channel.pyx.pxi", line 435, in grpc._cython.cygrpc._watch_connectivity_state
ValueError: Cannot monitor channel state: Channel closed!
Exception in thread Thread-120 (_run):
Traceback (most recent call last):
  File "/root/miniforge3/envs/flwr/lib/python3.11/threading.py", line 1045, in _bootstrap_inner
    self.run()
  File "/root/miniforge3/envs/flwr/lib/python3.11/threading.py", line 982, in run
    self._target(*self._args, **self._kwargs)
  File "src/python/grpcio/grpc/_cython/_cygrpc/thread.pyx.pxi", line 53, in grpc._cython.cygrpc._run_with_context._run
  File "/root/miniforge3/envs/flwr/lib/python3.11/site-packages/grpc/_channel.py", line 1916, in _poll_connectivity
    event = channel.watch_connectivity_state(
            ^^^^^^^^^^^^^^^^^^^^^^^^^^^^^^^^^
  File "src/python/grpcio/grpc/_cython/_cygrpc/channel.pyx.pxi", line 561, in grpc._cython.cygrpc.Channel.watch_connectivity_state
  File "src/python/grpcio/grpc/_cython/_cygrpc/channel.pyx.pxi", line 427, in grpc._cython.cygrpc._watch_connectivity_state
  File "src/python/grpcio/grpc/_cython/_cygrpc/channel.pyx.pxi", line 435, in grpc._cython.cygrpc._watch_connectivity_state
ValueError: Cannot monitor channel state: Channel closed!
Exception in thread Thread-119 (_run):
Traceback (most recent call last):
  File "/root/miniforge3/envs/flwr/lib/python3.11/threading.py", line 1045, in _bootstrap_inner
    self.run()
  File "/root/miniforge3/envs/flwr/lib/python3.11/threading.py", line 982, in run
    self._target(*self._args, **self._kwargs)
  File "src/python/grpcio/grpc/_cython/_cygrpc/thread.pyx.pxi", line 53, in grpc._cython.cygrpc._run_with_context._run
  File "/root/miniforge3/envs/flwr/lib/python3.11/site-packages/grpc/_channel.py", line 1916, in _poll_connectivity
    event = channel.watch_connectivity_state(
            ^^^^^^^^^^^^^^^^^^^^^^^^^^^^^^^^^
  File "src/python/grpcio/grpc/_cython/_cygrpc/channel.pyx.pxi", line 561, in grpc._cython.cygrpc.Channel.watch_connectivity_state
  File "src/python/grpcio/grpc/_cython/_cygrpc/channel.pyx.pxi", line 427, in grpc._cython.cygrpc._watch_connectivity_state
  File "src/python/grpcio/grpc/_cython/_cygrpc/channel.pyx.pxi", line 435, in grpc._cython.cygrpc._watch_connectivity_state
ValueError: Cannot monitor channel state: Channel closed!
Exception in thread Thread-140 (_run):
Traceback (most recent call last):
  File "/root/miniforge3/envs/flwr/lib/python3.11/threading.py", line 1045, in _bootstrap_inner
    self.run()
  File "/root/miniforge3/envs/flwr/lib/python3.11/threading.py", line 982, in run
    self._target(*self._args, **self._kwargs)
  File "src/python/grpcio/grpc/_cython/_cygrpc/thread.pyx.pxi", line 53, in grpc._cython.cygrpc._run_with_context._run
  File "/root/miniforge3/envs/flwr/lib/python3.11/site-packages/grpc/_channel.py", line 1916, in _poll_connectivity
    event = channel.watch_connectivity_state(
            ^^^^^^^^^^^^^^^^^^^^^^^^^^^^^^^^^
  File "src/python/grpcio/grpc/_cython/_cygrpc/channel.pyx.pxi", line 561, in grpc._cython.cygrpc.Channel.watch_connectivity_state
  File "src/python/grpcio/grpc/_cython/_cygrpc/channel.pyx.pxi", line 427, in grpc._cython.cygrpc._watch_connectivity_state
  File "src/python/grpcio/grpc/_cython/_cygrpc/channel.pyx.pxi", line 435, in grpc._cython.cygrpc._watch_connectivity_state
ValueError: Cannot monitor channel state: Channel closed!
Exception in thread Thread-145 (_run):
Traceback (most recent call last):
  File "/root/miniforge3/envs/flwr/lib/python3.11/threading.py", line 1045, in _bootstrap_inner
    self.run()
  File "/root/miniforge3/envs/flwr/lib/python3.11/threading.py", line 982, in run
    self._target(*self._args, **self._kwargs)
  File "src/python/grpcio/grpc/_cython/_cygrpc/thread.pyx.pxi", line 53, in grpc._cython.cygrpc._run_with_context._run
  File "/root/miniforge3/envs/flwr/lib/python3.11/site-packages/grpc/_channel.py", line 1916, in _poll_connectivity
    event = channel.watch_connectivity_state(
            ^^^^^^^^^^^^^^^^^^^^^^^^^^^^^^^^^
  File "src/python/grpcio/grpc/_cython/_cygrpc/channel.pyx.pxi", line 561, in grpc._cython.cygrpc.Channel.watch_connectivity_state
  File "src/python/grpcio/grpc/_cython/_cygrpc/channel.pyx.pxi", line 427, in grpc._cython.cygrpc._watch_connectivity_state
  File "src/python/grpcio/grpc/_cython/_cygrpc/channel.pyx.pxi", line 435, in grpc._cython.cygrpc._watch_connectivity_state
ValueError: Cannot monitor channel state: Channel closed!
Exception in thread Thread-133 (_run):
Traceback (most recent call last):
  File "/root/miniforge3/envs/flwr/lib/python3.11/threading.py", line 1045, in _bootstrap_inner
    self.run()
  File "/root/miniforge3/envs/flwr/lib/python3.11/threading.py", line 982, in run
    self._target(*self._args, **self._kwargs)
  File "src/python/grpcio/grpc/_cython/_cygrpc/thread.pyx.pxi", line 53, in grpc._cython.cygrpc._run_with_context._run
  File "/root/miniforge3/envs/flwr/lib/python3.11/site-packages/grpc/_channel.py", line 1916, in _poll_connectivity
    event = channel.watch_connectivity_state(
            ^^^^^^^^^^^^^^^^^^^^^^^^^^^^^^^^^
  File "src/python/grpcio/grpc/_cython/_cygrpc/channel.pyx.pxi", line 561, in grpc._cython.cygrpc.Channel.watch_connectivity_state
  File "src/python/grpcio/grpc/_cython/_cygrpc/channel.pyx.pxi", line 427, in grpc._cython.cygrpc._watch_connectivity_state
  File "src/python/grpcio/grpc/_cython/_cygrpc/channel.pyx.pxi", line 435, in grpc._cython.cygrpc._watch_connectivity_state
ValueError: Cannot monitor channel state: Channel closed!
Exception in thread Thread-146 (_run):
Traceback (most recent call last):
  File "/root/miniforge3/envs/flwr/lib/python3.11/threading.py", line 1045, in _bootstrap_inner
    self.run()
  File "/root/miniforge3/envs/flwr/lib/python3.11/threading.py", line 982, in run
Exception in thread Thread-146 (_run):
Traceback (most recent call last):
    self._target(*self._args, **self._kwargs)
  File "src/python/grpcio/grpc/_cython/_cygrpc/thread.pyx.pxi", line 53, in grpc._cython.cygrpc._run_with_context._run
  File "/root/miniforge3/envs/flwr/lib/python3.11/site-packages/grpc/_channel.py", line 1916, in _poll_connectivity
    event = channel.watch_connectivity_state(
            ^^^^^^^^^^^^^^^^^^^^^^^^^^^^^^^^^
  File "src/python/grpcio/grpc/_cython/_cygrpc/channel.pyx.pxi", line 561, in grpc._cython.cygrpc.Channel.watch_connectivity_state
  File "src/python/grpcio/grpc/_cython/_cygrpc/channel.pyx.pxi", line 427, in grpc._cython.cygrpc._watch_connectivity_state
  File "src/python/grpcio/grpc/_cython/_cygrpc/channel.pyx.pxi", line 435, in grpc._cython.cygrpc._watch_connectivity_state
ValueError: Cannot monitor channel state: Channel closed!
  File "/root/miniforge3/envs/flwr/lib/python3.11/threading.py", line 1045, in _bootstrap_inner
    self.run()
  File "/root/miniforge3/envs/flwr/lib/python3.11/threading.py", line 982, in run
    self._target(*self._args, **self._kwargs)
  File "src/python/grpcio/grpc/_cython/_cygrpc/thread.pyx.pxi", line 53, in grpc._cython.cygrpc._run_with_context._run
  File "/root/miniforge3/envs/flwr/lib/python3.11/site-packages/grpc/_channel.py", line 1916, in _poll_connectivity
    event = channel.watch_connectivity_state(
            ^^^^^^^^^^^^^^^^^^^^^^^^^^^^^^^^^
  File "src/python/grpcio/grpc/_cython/_cygrpc/channel.pyx.pxi", line 561, in grpc._cython.cygrpc.Channel.watch_connectivity_state
  File "src/python/grpcio/grpc/_cython/_cygrpc/channel.pyx.pxi", line 427, in grpc._cython.cygrpc._watch_connectivity_state
  File "src/python/grpcio/grpc/_cython/_cygrpc/channel.pyx.pxi", line 435, in grpc._cython.cygrpc._watch_connectivity_state
ValueError: Cannot monitor channel state: Channel closed!
Exception in thread Thread-157 (_run):
Traceback (most recent call last):
  File "/root/miniforge3/envs/flwr/lib/python3.11/threading.py", line 1045, in _bootstrap_inner
    self.run()
  File "/root/miniforge3/envs/flwr/lib/python3.11/threading.py", line 982, in run
    self._target(*self._args, **self._kwargs)
  File "src/python/grpcio/grpc/_cython/_cygrpc/thread.pyx.pxi", line 53, in grpc._cython.cygrpc._run_with_context._run
  File "/root/miniforge3/envs/flwr/lib/python3.11/site-packages/grpc/_channel.py", line 1916, in _poll_connectivity
    event = channel.watch_connectivity_state(
            ^^^^^^^^^^^^^^^^^^^^^^^^^^^^^^^^^
  File "src/python/grpcio/grpc/_cython/_cygrpc/channel.pyx.pxi", line 561, in grpc._cython.cygrpc.Channel.watch_connectivity_state
  File "src/python/grpcio/grpc/_cython/_cygrpc/channel.pyx.pxi", line 427, in grpc._cython.cygrpc._watch_connectivity_state
  File "src/python/grpcio/grpc/_cython/_cygrpc/channel.pyx.pxi", line 435, in grpc._cython.cygrpc._watch_connectivity_state
ValueError: Cannot monitor channel state: Channel closed!
Exception in thread Thread-179 (_run):
Traceback (most recent call last):
  File "/root/miniforge3/envs/flwr/lib/python3.11/threading.py", line 1045, in _bootstrap_inner
    self.run()
  File "/root/miniforge3/envs/flwr/lib/python3.11/threading.py", line 982, in run
    self._target(*self._args, **self._kwargs)
  File "src/python/grpcio/grpc/_cython/_cygrpc/thread.pyx.pxi", line 53, in grpc._cython.cygrpc._run_with_context._run
  File "/root/miniforge3/envs/flwr/lib/python3.11/site-packages/grpc/_channel.py", line 1916, in _poll_connectivity
    event = channel.watch_connectivity_state(
            ^^^^^^^^^^^^^^^^^^^^^^^^^^^^^^^^^
  File "src/python/grpcio/grpc/_cython/_cygrpc/channel.pyx.pxi", line 561, in grpc._cython.cygrpc.Channel.watch_connectivity_state
  File "src/python/grpcio/grpc/_cython/_cygrpc/channel.pyx.pxi", line 427, in grpc._cython.cygrpc._watch_connectivity_state
  File "src/python/grpcio/grpc/_cython/_cygrpc/channel.pyx.pxi", line 435, in grpc._cython.cygrpc._watch_connectivity_state
ValueError: Cannot monitor channel state: Channel closed!
Exception in thread Thread-160 (_run):
Traceback (most recent call last):
  File "/root/miniforge3/envs/flwr/lib/python3.11/threading.py", line 1045, in _bootstrap_inner
    self.run()
  File "/root/miniforge3/envs/flwr/lib/python3.11/threading.py", line 982, in run
    self._target(*self._args, **self._kwargs)
  File "src/python/grpcio/grpc/_cython/_cygrpc/thread.pyx.pxi", line 53, in grpc._cython.cygrpc._run_with_context._run
  File "/root/miniforge3/envs/flwr/lib/python3.11/site-packages/grpc/_channel.py", line 1916, in _poll_connectivity
    event = channel.watch_connectivity_state(
            ^^^^^^^^^^^^^^^^^^^^^^^^^^^^^^^^^
  File "src/python/grpcio/grpc/_cython/_cygrpc/channel.pyx.pxi", line 561, in grpc._cython.cygrpc.Channel.watch_connectivity_state
  File "src/python/grpcio/grpc/_cython/_cygrpc/channel.pyx.pxi", line 427, in grpc._cython.cygrpc._watch_connectivity_state
  File "src/python/grpcio/grpc/_cython/_cygrpc/channel.pyx.pxi", line 435, in grpc._cython.cygrpc._watch_connectivity_state
ValueError: Cannot monitor channel state: Channel closed!
Exception in thread Thread-161 (_run):
Traceback (most recent call last):
  File "/root/miniforge3/envs/flwr/lib/python3.11/threading.py", line 1045, in _bootstrap_inner
    self.run()
  File "/root/miniforge3/envs/flwr/lib/python3.11/threading.py", line 982, in run
    self._target(*self._args, **self._kwargs)
  File "src/python/grpcio/grpc/_cython/_cygrpc/thread.pyx.pxi", line 53, in grpc._cython.cygrpc._run_with_context._run
  File "/root/miniforge3/envs/flwr/lib/python3.11/site-packages/grpc/_channel.py", line 1916, in _poll_connectivity
    event = channel.watch_connectivity_state(
            ^^^^^^^^^^^^^^^^^^^^^^^^^^^^^^^^^
  File "src/python/grpcio/grpc/_cython/_cygrpc/channel.pyx.pxi", line 561, in grpc._cython.cygrpc.Channel.watch_connectivity_state
  File "src/python/grpcio/grpc/_cython/_cygrpc/channel.pyx.pxi", line 427, in grpc._cython.cygrpc._watch_connectivity_state
  File "src/python/grpcio/grpc/_cython/_cygrpc/channel.pyx.pxi", line 435, in grpc._cython.cygrpc._watch_connectivity_state
ValueError: Cannot monitor channel state: Channel closed!
Exception in thread Thread-158 (_run):
Traceback (most recent call last):
  File "/root/miniforge3/envs/flwr/lib/python3.11/threading.py", line 1045, in _bootstrap_inner
    self.run()
  File "/root/miniforge3/envs/flwr/lib/python3.11/threading.py", line 982, in run
    self._target(*self._args, **self._kwargs)
  File "src/python/grpcio/grpc/_cython/_cygrpc/thread.pyx.pxi", line 53, in grpc._cython.cygrpc._run_with_context._run
  File "/root/miniforge3/envs/flwr/lib/python3.11/site-packages/grpc/_channel.py", line 1916, in _poll_connectivity
    event = channel.watch_connectivity_state(
            ^^^^^^^^^^^^^^^^^^^^^^^^^^^^^^^^^
  File "src/python/grpcio/grpc/_cython/_cygrpc/channel.pyx.pxi", line 561, in grpc._cython.cygrpc.Channel.watch_connectivity_state
  File "src/python/grpcio/grpc/_cython/_cygrpc/channel.pyx.pxi", line 427, in grpc._cython.cygrpc._watch_connectivity_state
  File "src/python/grpcio/grpc/_cython/_cygrpc/channel.pyx.pxi", line 435, in grpc._cython.cygrpc._watch_connectivity_state
ValueError: Cannot monitor channel state: Channel closed!
Exception in thread Thread-160 (_run):
Traceback (most recent call last):
  File "/root/miniforge3/envs/flwr/lib/python3.11/threading.py", line 1045, in _bootstrap_inner
    self.run()
  File "/root/miniforge3/envs/flwr/lib/python3.11/threading.py", line 982, in run
    self._target(*self._args, **self._kwargs)
  File "src/python/grpcio/grpc/_cython/_cygrpc/thread.pyx.pxi", line 53, in grpc._cython.cygrpc._run_with_context._run
  File "/root/miniforge3/envs/flwr/lib/python3.11/site-packages/grpc/_channel.py", line 1916, in _poll_connectivity
    event = channel.watch_connectivity_state(
            ^^^^^^^^^^^^^^^^^^^^^^^^^^^^^^^^^
  File "src/python/grpcio/grpc/_cython/_cygrpc/channel.pyx.pxi", line 561, in grpc._cython.cygrpc.Channel.watch_connectivity_state
  File "src/python/grpcio/grpc/_cython/_cygrpc/channel.pyx.pxi", line 427, in grpc._cython.cygrpc._watch_connectivity_state
  File "src/python/grpcio/grpc/_cython/_cygrpc/channel.pyx.pxi", line 435, in grpc._cython.cygrpc._watch_connectivity_state
ValueError: Cannot monitor channel state: Channel closed!
Exception in thread Thread-180 (_run):
Traceback (most recent call last):
  File "/root/miniforge3/envs/flwr/lib/python3.11/threading.py", line 1045, in _bootstrap_inner
    self.run()
  File "/root/miniforge3/envs/flwr/lib/python3.11/threading.py", line 982, in run
    self._target(*self._args, **self._kwargs)
  File "src/python/grpcio/grpc/_cython/_cygrpc/thread.pyx.pxi", line 53, in grpc._cython.cygrpc._run_with_context._run
  File "/root/miniforge3/envs/flwr/lib/python3.11/site-packages/grpc/_channel.py", line 1916, in _poll_connectivity
    event = channel.watch_connectivity_state(
            ^^^^^^^^^^^^^^^^^^^^^^^^^^^^^^^^^
  File "src/python/grpcio/grpc/_cython/_cygrpc/channel.pyx.pxi", line 561, in grpc._cython.cygrpc.Channel.watch_connectivity_state
  File "src/python/grpcio/grpc/_cython/_cygrpc/channel.pyx.pxi", line 427, in grpc._cython.cygrpc._watch_connectivity_state
  File "src/python/grpcio/grpc/_cython/_cygrpc/channel.pyx.pxi", line 435, in grpc._cython.cygrpc._watch_connectivity_state
ValueError: Cannot monitor channel state: Channel closed!
Exception in thread Thread-187 (_run):
Traceback (most recent call last):
  File "/root/miniforge3/envs/flwr/lib/python3.11/threading.py", line 1045, in _bootstrap_inner
    self.run()
  File "/root/miniforge3/envs/flwr/lib/python3.11/threading.py", line 982, in run
    self._target(*self._args, **self._kwargs)
  File "src/python/grpcio/grpc/_cython/_cygrpc/thread.pyx.pxi", line 53, in grpc._cython.cygrpc._run_with_context._run
  File "/root/miniforge3/envs/flwr/lib/python3.11/site-packages/grpc/_channel.py", line 1916, in _poll_connectivity
    event = channel.watch_connectivity_state(
            ^^^^^^^^^^^^^^^^^^^^^^^^^^^^^^^^^
  File "src/python/grpcio/grpc/_cython/_cygrpc/channel.pyx.pxi", line 561, in grpc._cython.cygrpc.Channel.watch_connectivity_state
  File "src/python/grpcio/grpc/_cython/_cygrpc/channel.pyx.pxi", line 427, in grpc._cython.cygrpc._watch_connectivity_state
  File "src/python/grpcio/grpc/_cython/_cygrpc/channel.pyx.pxi", line 435, in grpc._cython.cygrpc._watch_connectivity_state
ValueError: Cannot monitor channel state: Channel closed!
Exception in thread Thread-213 (_run):
Traceback (most recent call last):
  File "/root/miniforge3/envs/flwr/lib/python3.11/threading.py", line 1045, in _bootstrap_inner
    self.run()
  File "/root/miniforge3/envs/flwr/lib/python3.11/threading.py", line 982, in run
    self._target(*self._args, **self._kwargs)
  File "src/python/grpcio/grpc/_cython/_cygrpc/thread.pyx.pxi", line 53, in grpc._cython.cygrpc._run_with_context._run
  File "/root/miniforge3/envs/flwr/lib/python3.11/site-packages/grpc/_channel.py", line 1916, in _poll_connectivity
    event = channel.watch_connectivity_state(
            ^^^^^^^^^^^^^^^^^^^^^^^^^^^^^^^^^
  File "src/python/grpcio/grpc/_cython/_cygrpc/channel.pyx.pxi", line 561, in grpc._cython.cygrpc.Channel.watch_connectivity_state
  File "src/python/grpcio/grpc/_cython/_cygrpc/channel.pyx.pxi", line 427, in grpc._cython.cygrpc._watch_connectivity_state
  File "src/python/grpcio/grpc/_cython/_cygrpc/channel.pyx.pxi", line 435, in grpc._cython.cygrpc._watch_connectivity_state
ValueError: Cannot monitor channel state: Channel closed!
Exception in thread Thread-210 (_run):
Traceback (most recent call last):
  File "/root/miniforge3/envs/flwr/lib/python3.11/threading.py", line 1045, in _bootstrap_inner
    self.run()
  File "/root/miniforge3/envs/flwr/lib/python3.11/threading.py", line 982, in run
    self._target(*self._args, **self._kwargs)
  File "src/python/grpcio/grpc/_cython/_cygrpc/thread.pyx.pxi", line 53, in grpc._cython.cygrpc._run_with_context._run
  File "/root/miniforge3/envs/flwr/lib/python3.11/site-packages/grpc/_channel.py", line 1916, in _poll_connectivity
    event = channel.watch_connectivity_state(
            ^^^^^^^^^^^^^^^^^^^^^^^^^^^^^^^^^
  File "src/python/grpcio/grpc/_cython/_cygrpc/channel.pyx.pxi", line 561, in grpc._cython.cygrpc.Channel.watch_connectivity_state
  File "src/python/grpcio/grpc/_cython/_cygrpc/channel.pyx.pxi", line 427, in grpc._cython.cygrpc._watch_connectivity_state
  File "src/python/grpcio/grpc/_cython/_cygrpc/channel.pyx.pxi", line 435, in grpc._cython.cygrpc._watch_connectivity_state
ValueError: Cannot monitor channel state: Channel closed!
Exception in thread Thread-195 (_run):
Traceback (most recent call last):
  File "/root/miniforge3/envs/flwr/lib/python3.11/threading.py", line 1045, in _bootstrap_inner
    self.run()
  File "/root/miniforge3/envs/flwr/lib/python3.11/threading.py", line 982, in run
    self._target(*self._args, **self._kwargs)
  File "src/python/grpcio/grpc/_cython/_cygrpc/thread.pyx.pxi", line 53, in grpc._cython.cygrpc._run_with_context._run
  File "/root/miniforge3/envs/flwr/lib/python3.11/site-packages/grpc/_channel.py", line 1916, in _poll_connectivity
    event = channel.watch_connectivity_state(
            ^^^^^^^^^^^^^^^^^^^^^^^^^^^^^^^^^
  File "src/python/grpcio/grpc/_cython/_cygrpc/channel.pyx.pxi", line 561, in grpc._cython.cygrpc.Channel.watch_connectivity_state
  File "src/python/grpcio/grpc/_cython/_cygrpc/channel.pyx.pxi", line 427, in grpc._cython.cygrpc._watch_connectivity_state
  File "src/python/grpcio/grpc/_cython/_cygrpc/channel.pyx.pxi", line 435, in grpc._cython.cygrpc._watch_connectivity_state
ValueError: Cannot monitor channel state: Channel closed!
Exception in thread Thread-228 (_run):
Traceback (most recent call last):
  File "/root/miniforge3/envs/flwr/lib/python3.11/threading.py", line 1045, in _bootstrap_inner
    self.run()
  File "/root/miniforge3/envs/flwr/lib/python3.11/threading.py", line 982, in run
    self._target(*self._args, **self._kwargs)
  File "src/python/grpcio/grpc/_cython/_cygrpc/thread.pyx.pxi", line 53, in grpc._cython.cygrpc._run_with_context._run
  File "/root/miniforge3/envs/flwr/lib/python3.11/site-packages/grpc/_channel.py", line 1916, in _poll_connectivity
    event = channel.watch_connectivity_state(
            ^^^^^^^^^^^^^^^^^^^^^^^^^^^^^^^^^
  File "src/python/grpcio/grpc/_cython/_cygrpc/channel.pyx.pxi", line 561, in grpc._cython.cygrpc.Channel.watch_connectivity_state
  File "src/python/grpcio/grpc/_cython/_cygrpc/channel.pyx.pxi", line 427, in grpc._cython.cygrpc._watch_connectivity_state
  File "src/python/grpcio/grpc/_cython/_cygrpc/channel.pyx.pxi", line 435, in grpc._cython.cygrpc._watch_connectivity_state
ValueError: Cannot monitor channel state: Channel closed!
Exception in thread Thread-193 (_run):
Traceback (most recent call last):
  File "/root/miniforge3/envs/flwr/lib/python3.11/threading.py", line 1045, in _bootstrap_inner
    self.run()
  File "/root/miniforge3/envs/flwr/lib/python3.11/threading.py", line 982, in run
    self._target(*self._args, **self._kwargs)
  File "src/python/grpcio/grpc/_cython/_cygrpc/thread.pyx.pxi", line 53, in grpc._cython.cygrpc._run_with_context._run
  File "/root/miniforge3/envs/flwr/lib/python3.11/site-packages/grpc/_channel.py", line 1916, in _poll_connectivity
    event = channel.watch_connectivity_state(
            ^^^^^^^^^^^^^^^^^^^^^^^^^^^^^^^^^
  File "src/python/grpcio/grpc/_cython/_cygrpc/channel.pyx.pxi", line 561, in grpc._cython.cygrpc.Channel.watch_connectivity_state
  File "src/python/grpcio/grpc/_cython/_cygrpc/channel.pyx.pxi", line 427, in grpc._cython.cygrpc._watch_connectivity_state
  File "src/python/grpcio/grpc/_cython/_cygrpc/channel.pyx.pxi", line 435, in grpc._cython.cygrpc._watch_connectivity_state
ValueError: Cannot monitor channel state: Channel closed!
Exception in thread Thread-200 (_run):
Traceback (most recent call last):
  File "/root/miniforge3/envs/flwr/lib/python3.11/threading.py", line 1045, in _bootstrap_inner
    self.run()
  File "/root/miniforge3/envs/flwr/lib/python3.11/threading.py", line 982, in run
    self._target(*self._args, **self._kwargs)
  File "src/python/grpcio/grpc/_cython/_cygrpc/thread.pyx.pxi", line 53, in grpc._cython.cygrpc._run_with_context._run
  File "/root/miniforge3/envs/flwr/lib/python3.11/site-packages/grpc/_channel.py", line 1916, in _poll_connectivity
    event = channel.watch_connectivity_state(
            ^^^^^^^^^^^^^^^^^^^^^^^^^^^^^^^^^
  File "src/python/grpcio/grpc/_cython/_cygrpc/channel.pyx.pxi", line 561, in grpc._cython.cygrpc.Channel.watch_connectivity_state
  File "src/python/grpcio/grpc/_cython/_cygrpc/channel.pyx.pxi", line 427, in grpc._cython.cygrpc._watch_connectivity_state
  File "src/python/grpcio/grpc/_cython/_cygrpc/channel.pyx.pxi", line 435, in grpc._cython.cygrpc._watch_connectivity_state
ValueError: Cannot monitor channel state: Channel closed!
Exception in thread Thread-234 (_run):
Traceback (most recent call last):
  File "/root/miniforge3/envs/flwr/lib/python3.11/threading.py", line 1045, in _bootstrap_inner
    self.run()
  File "/root/miniforge3/envs/flwr/lib/python3.11/threading.py", line 982, in run
    self._target(*self._args, **self._kwargs)
  File "src/python/grpcio/grpc/_cython/_cygrpc/thread.pyx.pxi", line 53, in grpc._cython.cygrpc._run_with_context._run
  File "/root/miniforge3/envs/flwr/lib/python3.11/site-packages/grpc/_channel.py", line 1916, in _poll_connectivity
    event = channel.watch_connectivity_state(
            ^^^^^^^^^^^^^^^^^^^^^^^^^^^^^^^^^
  File "src/python/grpcio/grpc/_cython/_cygrpc/channel.pyx.pxi", line 561, in grpc._cython.cygrpc.Channel.watch_connectivity_state
  File "src/python/grpcio/grpc/_cython/_cygrpc/channel.pyx.pxi", line 427, in grpc._cython.cygrpc._watch_connectivity_state
  File "src/python/grpcio/grpc/_cython/_cygrpc/channel.pyx.pxi", line 435, in grpc._cython.cygrpc._watch_connectivity_state
ValueError: Cannot monitor channel state: Channel closed!
Exception in thread Thread-221 (_run):
Traceback (most recent call last):
  File "/root/miniforge3/envs/flwr/lib/python3.11/threading.py", line 1045, in _bootstrap_inner
    self.run()
  File "/root/miniforge3/envs/flwr/lib/python3.11/threading.py", line 982, in run
    self._target(*self._args, **self._kwargs)
  File "src/python/grpcio/grpc/_cython/_cygrpc/thread.pyx.pxi", line 53, in grpc._cython.cygrpc._run_with_context._run
  File "/root/miniforge3/envs/flwr/lib/python3.11/site-packages/grpc/_channel.py", line 1916, in _poll_connectivity
    event = channel.watch_connectivity_state(
            ^^^^^^^^^^^^^^^^^^^^^^^^^^^^^^^^^
  File "src/python/grpcio/grpc/_cython/_cygrpc/channel.pyx.pxi", line 561, in grpc._cython.cygrpc.Channel.watch_connectivity_state
  File "src/python/grpcio/grpc/_cython/_cygrpc/channel.pyx.pxi", line 427, in grpc._cython.cygrpc._watch_connectivity_state
  File "src/python/grpcio/grpc/_cython/_cygrpc/channel.pyx.pxi", line 435, in grpc._cython.cygrpc._watch_connectivity_state
ValueError: Cannot monitor channel state: Channel closed!
Exception in thread Thread-203 (_run):
Traceback (most recent call last):
  File "/root/miniforge3/envs/flwr/lib/python3.11/threading.py", line 1045, in _bootstrap_inner
    self.run()
  File "/root/miniforge3/envs/flwr/lib/python3.11/threading.py", line 982, in run
    self._target(*self._args, **self._kwargs)
  File "src/python/grpcio/grpc/_cython/_cygrpc/thread.pyx.pxi", line 53, in grpc._cython.cygrpc._run_with_context._run
  File "/root/miniforge3/envs/flwr/lib/python3.11/site-packages/grpc/_channel.py", line 1916, in _poll_connectivity
    event = channel.watch_connectivity_state(
            ^^^^^^^^^^^^^^^^^^^^^^^^^^^^^^^^^
  File "src/python/grpcio/grpc/_cython/_cygrpc/channel.pyx.pxi", line 561, in grpc._cython.cygrpc.Channel.watch_connectivity_state
  File "src/python/grpcio/grpc/_cython/_cygrpc/channel.pyx.pxi", line 427, in grpc._cython.cygrpc._watch_connectivity_state
  File "src/python/grpcio/grpc/_cython/_cygrpc/channel.pyx.pxi", line 435, in grpc._cython.cygrpc._watch_connectivity_state
ValueError: Cannot monitor channel state: Channel closed!
Exception in thread Thread-263 (_run):
Traceback (most recent call last):
  File "/root/miniforge3/envs/flwr/lib/python3.11/threading.py", line 1045, in _bootstrap_inner
    self.run()
  File "/root/miniforge3/envs/flwr/lib/python3.11/threading.py", line 982, in run
    self._target(*self._args, **self._kwargs)
  File "src/python/grpcio/grpc/_cython/_cygrpc/thread.pyx.pxi", line 53, in grpc._cython.cygrpc._run_with_context._run
  File "/root/miniforge3/envs/flwr/lib/python3.11/site-packages/grpc/_channel.py", line 1916, in _poll_connectivity
    event = channel.watch_connectivity_state(
            ^^^^^^^^^^^^^^^^^^^^^^^^^^^^^^^^^
  File "src/python/grpcio/grpc/_cython/_cygrpc/channel.pyx.pxi", line 561, in grpc._cython.cygrpc.Channel.watch_connectivity_state
  File "src/python/grpcio/grpc/_cython/_cygrpc/channel.pyx.pxi", line 427, in grpc._cython.cygrpc._watch_connectivity_state
  File "src/python/grpcio/grpc/_cython/_cygrpc/channel.pyx.pxi", line 435, in grpc._cython.cygrpc._watch_connectivity_state
ValueError: Cannot monitor channel state: Channel closed!
Exception in thread Thread-226 (_run):
Traceback (most recent call last):
  File "/root/miniforge3/envs/flwr/lib/python3.11/threading.py", line 1045, in _bootstrap_inner
    self.run()
  File "/root/miniforge3/envs/flwr/lib/python3.11/threading.py", line 982, in run
    self._target(*self._args, **self._kwargs)
  File "src/python/grpcio/grpc/_cython/_cygrpc/thread.pyx.pxi", line 53, in grpc._cython.cygrpc._run_with_context._run
  File "/root/miniforge3/envs/flwr/lib/python3.11/site-packages/grpc/_channel.py", line 1916, in _poll_connectivity
    event = channel.watch_connectivity_state(
            ^^^^^^^^^^^^^^^^^^^^^^^^^^^^^^^^^
  File "src/python/grpcio/grpc/_cython/_cygrpc/channel.pyx.pxi", line 561, in grpc._cython.cygrpc.Channel.watch_connectivity_state
  File "src/python/grpcio/grpc/_cython/_cygrpc/channel.pyx.pxi", line 427, in grpc._cython.cygrpc._watch_connectivity_state
  File "src/python/grpcio/grpc/_cython/_cygrpc/channel.pyx.pxi", line 435, in grpc._cython.cygrpc._watch_connectivity_state
ValueError: Cannot monitor channel state: Channel closed!
Exception in thread Thread-248 (_run):
Traceback (most recent call last):
  File "/root/miniforge3/envs/flwr/lib/python3.11/threading.py", line 1045, in _bootstrap_inner
    self.run()
  File "/root/miniforge3/envs/flwr/lib/python3.11/threading.py", line 982, in run
    self._target(*self._args, **self._kwargs)
  File "src/python/grpcio/grpc/_cython/_cygrpc/thread.pyx.pxi", line 53, in grpc._cython.cygrpc._run_with_context._run
  File "/root/miniforge3/envs/flwr/lib/python3.11/site-packages/grpc/_channel.py", line 1916, in _poll_connectivity
    event = channel.watch_connectivity_state(
            ^^^^^^^^^^^^^^^^^^^^^^^^^^^^^^^^^
  File "src/python/grpcio/grpc/_cython/_cygrpc/channel.pyx.pxi", line 561, in grpc._cython.cygrpc.Channel.watch_connectivity_state
  File "src/python/grpcio/grpc/_cython/_cygrpc/channel.pyx.pxi", line 427, in grpc._cython.cygrpc._watch_connectivity_state
  File "src/python/grpcio/grpc/_cython/_cygrpc/channel.pyx.pxi", line 435, in grpc._cython.cygrpc._watch_connectivity_state
ValueError: Cannot monitor channel state: Channel closed!
Exception in thread Thread-252 (_run):
Traceback (most recent call last):
  File "/root/miniforge3/envs/flwr/lib/python3.11/threading.py", line 1045, in _bootstrap_inner
    self.run()
Exception in thread Thread-243 (_run):
  File "/root/miniforge3/envs/flwr/lib/python3.11/threading.py", line 982, in run
Traceback (most recent call last):
  File "/root/miniforge3/envs/flwr/lib/python3.11/threading.py", line 1045, in _bootstrap_inner
    self._target(*self._args, **self._kwargs)
    self.run()
  File "src/python/grpcio/grpc/_cython/_cygrpc/thread.pyx.pxi", line 53, in grpc._cython.cygrpc._run_with_context._run
  File "/root/miniforge3/envs/flwr/lib/python3.11/threading.py", line 982, in run
  File "/root/miniforge3/envs/flwr/lib/python3.11/site-packages/grpc/_channel.py", line 1916, in _poll_connectivity
    self._target(*self._args, **self._kwargs)
  File "src/python/grpcio/grpc/_cython/_cygrpc/thread.pyx.pxi", line 53, in grpc._cython.cygrpc._run_with_context._run
    event = channel.watch_connectivity_state(
  File "/root/miniforge3/envs/flwr/lib/python3.11/site-packages/grpc/_channel.py", line 1916, in _poll_connectivity
            ^^^^^^^^^^^^^^^^^^^^^^^^^^^^^^^^^
  File "src/python/grpcio/grpc/_cython/_cygrpc/channel.pyx.pxi", line 561, in grpc._cython.cygrpc.Channel.watch_connectivity_state
  File "src/python/grpcio/grpc/_cython/_cygrpc/channel.pyx.pxi", line 427, in grpc._cython.cygrpc._watch_connectivity_state
    event = channel.watch_connectivity_state(
            ^^^^^^^^^^^^^^^^^^^^^^^^^^^^^^^^^
  File "src/python/grpcio/grpc/_cython/_cygrpc/channel.pyx.pxi", line 561, in grpc._cython.cygrpc.Channel.watch_connectivity_state
  File "src/python/grpcio/grpc/_cython/_cygrpc/channel.pyx.pxi", line 435, in grpc._cython.cygrpc._watch_connectivity_state
  File "src/python/grpcio/grpc/_cython/_cygrpc/channel.pyx.pxi", line 427, in grpc._cython.cygrpc._watch_connectivity_state
ValueError: Cannot monitor channel state: Channel closed!
  File "src/python/grpcio/grpc/_cython/_cygrpc/channel.pyx.pxi", line 435, in grpc._cython.cygrpc._watch_connectivity_state
ValueError: Cannot monitor channel state: Channel closed!
Exception in thread Thread-248 (_run):
Traceback (most recent call last):
  File "/root/miniforge3/envs/flwr/lib/python3.11/threading.py", line 1045, in _bootstrap_inner
    self.run()
  File "/root/miniforge3/envs/flwr/lib/python3.11/threading.py", line 982, in run
    self._target(*self._args, **self._kwargs)
  File "src/python/grpcio/grpc/_cython/_cygrpc/thread.pyx.pxi", line 53, in grpc._cython.cygrpc._run_with_context._run
  File "/root/miniforge3/envs/flwr/lib/python3.11/site-packages/grpc/_channel.py", line 1916, in _poll_connectivity
    event = channel.watch_connectivity_state(
            ^^^^^^^^^^^^^^^^^^^^^^^^^^^^^^^^^
  File "src/python/grpcio/grpc/_cython/_cygrpc/channel.pyx.pxi", line 561, in grpc._cython.cygrpc.Channel.watch_connectivity_state
  File "src/python/grpcio/grpc/_cython/_cygrpc/channel.pyx.pxi", line 427, in grpc._cython.cygrpc._watch_connectivity_state
  File "src/python/grpcio/grpc/_cython/_cygrpc/channel.pyx.pxi", line 435, in grpc._cython.cygrpc._watch_connectivity_state
ValueError: Cannot monitor channel state: Channel closed!
Exception in thread Thread-262 (_run):
Traceback (most recent call last):
  File "/root/miniforge3/envs/flwr/lib/python3.11/threading.py", line 1045, in _bootstrap_inner
    self.run()
  File "/root/miniforge3/envs/flwr/lib/python3.11/threading.py", line 982, in run
    self._target(*self._args, **self._kwargs)
  File "src/python/grpcio/grpc/_cython/_cygrpc/thread.pyx.pxi", line 53, in grpc._cython.cygrpc._run_with_context._run
  File "/root/miniforge3/envs/flwr/lib/python3.11/site-packages/grpc/_channel.py", line 1916, in _poll_connectivity
    event = channel.watch_connectivity_state(
            ^^^^^^^^^^^^^^^^^^^^^^^^^^^^^^^^^
  File "src/python/grpcio/grpc/_cython/_cygrpc/channel.pyx.pxi", line 561, in grpc._cython.cygrpc.Channel.watch_connectivity_state
  File "src/python/grpcio/grpc/_cython/_cygrpc/channel.pyx.pxi", line 427, in grpc._cython.cygrpc._watch_connectivity_state
  File "src/python/grpcio/grpc/_cython/_cygrpc/channel.pyx.pxi", line 435, in grpc._cython.cygrpc._watch_connectivity_state
ValueError: Cannot monitor channel state: Channel closed!
Using the latest cached version of the dataset since fashion_mnist couldn't be found on the Hugging Face Hub
Found the latest cached dataset configuration 'fashion_mnist' at /root/.cache/huggingface/datasets/fashion_mnist/fashion_mnist/0.0.0/531be5e2ccc9dba0c201ad3ae567a4f3d16ecdd2 (last modified on Tue Feb 24 13:59:21 2026).
Using the latest cached version of the dataset since fashion_mnist couldn't be found on the Hugging Face Hub
Found the latest cached dataset configuration 'fashion_mnist' at /root/.cache/huggingface/datasets/fashion_mnist/fashion_mnist/0.0.0/531be5e2ccc9dba0c201ad3ae567a4f3d16ecdd2 (last modified on Tue Feb 24 13:59:21 2026).
Using the latest cached version of the dataset since fashion_mnist couldn't be found on the Hugging Face Hub
Found the latest cached dataset configuration 'fashion_mnist' at /root/.cache/huggingface/datasets/fashion_mnist/fashion_mnist/0.0.0/531be5e2ccc9dba0c201ad3ae567a4f3d16ecdd2 (last modified on Tue Feb 24 13:59:21 2026).
Using the latest cached version of the dataset since fashion_mnist couldn't be found on the Hugging Face Hub
Found the latest cached dataset configuration 'fashion_mnist' at /root/.cache/huggingface/datasets/fashion_mnist/fashion_mnist/0.0.0/531be5e2ccc9dba0c201ad3ae567a4f3d16ecdd2 (last modified on Tue Feb 24 13:59:21 2026).
Using the latest cached version of the dataset since fashion_mnist couldn't be found on the Hugging Face Hub
Found the latest cached dataset configuration 'fashion_mnist' at /root/.cache/huggingface/datasets/fashion_mnist/fashion_mnist/0.0.0/531be5e2ccc9dba0c201ad3ae567a4f3d16ecdd2 (last modified on Tue Feb 24 13:59:21 2026).
Using the latest cached version of the dataset since fashion_mnist couldn't be found on the Hugging Face Hub
Found the latest cached dataset configuration 'fashion_mnist' at /root/.cache/huggingface/datasets/fashion_mnist/fashion_mnist/0.0.0/531be5e2ccc9dba0c201ad3ae567a4f3d16ecdd2 (last modified on Tue Feb 24 13:59:21 2026).
Using the latest cached version of the dataset since fashion_mnist couldn't be found on the Hugging Face Hub
Found the latest cached dataset configuration 'fashion_mnist' at /root/.cache/huggingface/datasets/fashion_mnist/fashion_mnist/0.0.0/531be5e2ccc9dba0c201ad3ae567a4f3d16ecdd2 (last modified on Tue Feb 24 13:59:21 2026).
Using the latest cached version of the dataset since fashion_mnist couldn't be found on the Hugging Face Hub
Found the latest cached dataset configuration 'fashion_mnist' at /root/.cache/huggingface/datasets/fashion_mnist/fashion_mnist/0.0.0/531be5e2ccc9dba0c201ad3ae567a4f3d16ecdd2 (last modified on Tue Feb 24 13:59:21 2026).
Using the latest cached version of the dataset since fashion_mnist couldn't be found on the Hugging Face Hub
Found the latest cached dataset configuration 'fashion_mnist' at /root/.cache/huggingface/datasets/fashion_mnist/fashion_mnist/0.0.0/531be5e2ccc9dba0c201ad3ae567a4f3d16ecdd2 (last modified on Tue Feb 24 13:59:21 2026).
Exception in thread Thread-265 (_run):
Traceback (most recent call last):
  File "/root/miniforge3/envs/flwr/lib/python3.11/threading.py", line 1045, in _bootstrap_inner
    self.run()
  File "/root/miniforge3/envs/flwr/lib/python3.11/threading.py", line 982, in run
    self._target(*self._args, **self._kwargs)
  File "src/python/grpcio/grpc/_cython/_cygrpc/thread.pyx.pxi", line 53, in grpc._cython.cygrpc._run_with_context._run
  File "/root/miniforge3/envs/flwr/lib/python3.11/site-packages/grpc/_channel.py", line 1916, in _poll_connectivity
    event = channel.watch_connectivity_state(
            ^^^^^^^^^^^^^^^^^^^^^^^^^^^^^^^^^
  File "src/python/grpcio/grpc/_cython/_cygrpc/channel.pyx.pxi", line 561, in grpc._cython.cygrpc.Channel.watch_connectivity_state
  File "src/python/grpcio/grpc/_cython/_cygrpc/channel.pyx.pxi", line 427, in grpc._cython.cygrpc._watch_connectivity_state
  File "src/python/grpcio/grpc/_cython/_cygrpc/channel.pyx.pxi", line 435, in grpc._cython.cygrpc._watch_connectivity_state
ValueError: Cannot monitor channel state: Channel closed!
Exception in thread Thread-254 (_run):
Traceback (most recent call last):
  File "/root/miniforge3/envs/flwr/lib/python3.11/threading.py", line 1045, in _bootstrap_inner
    self.run()
  File "/root/miniforge3/envs/flwr/lib/python3.11/threading.py", line 982, in run
    self._target(*self._args, **self._kwargs)
  File "src/python/grpcio/grpc/_cython/_cygrpc/thread.pyx.pxi", line 53, in grpc._cython.cygrpc._run_with_context._run
  File "/root/miniforge3/envs/flwr/lib/python3.11/site-packages/grpc/_channel.py", line 1916, in _poll_connectivity
    event = channel.watch_connectivity_state(
            ^^^^^^^^^^^^^^^^^^^^^^^^^^^^^^^^^
  File "src/python/grpcio/grpc/_cython/_cygrpc/channel.pyx.pxi", line 561, in grpc._cython.cygrpc.Channel.watch_connectivity_state
  File "src/python/grpcio/grpc/_cython/_cygrpc/channel.pyx.pxi", line 427, in grpc._cython.cygrpc._watch_connectivity_state
  File "src/python/grpcio/grpc/_cython/_cygrpc/channel.pyx.pxi", line 435, in grpc._cython.cygrpc._watch_connectivity_state
ValueError: Cannot monitor channel state: Channel closed!
Exception in thread Thread-266 (_run):
Traceback (most recent call last):
  File "/root/miniforge3/envs/flwr/lib/python3.11/threading.py", line 1045, in _bootstrap_inner
    self.run()
  File "/root/miniforge3/envs/flwr/lib/python3.11/threading.py", line 982, in run
    self._target(*self._args, **self._kwargs)
  File "src/python/grpcio/grpc/_cython/_cygrpc/thread.pyx.pxi", line 53, in grpc._cython.cygrpc._run_with_context._run
  File "/root/miniforge3/envs/flwr/lib/python3.11/site-packages/grpc/_channel.py", line 1916, in _poll_connectivity
    event = channel.watch_connectivity_state(
            ^^^^^^^^^^^^^^^^^^^^^^^^^^^^^^^^^
  File "src/python/grpcio/grpc/_cython/_cygrpc/channel.pyx.pxi", line 561, in grpc._cython.cygrpc.Channel.watch_connectivity_state
  File "src/python/grpcio/grpc/_cython/_cygrpc/channel.pyx.pxi", line 427, in grpc._cython.cygrpc._watch_connectivity_state
  File "src/python/grpcio/grpc/_cython/_cygrpc/channel.pyx.pxi", line 435, in grpc._cython.cygrpc._watch_connectivity_state
ValueError: Cannot monitor channel state: Channel closed!
Using the latest cached version of the dataset since fashion_mnist couldn't be found on the Hugging Face Hub
Found the latest cached dataset configuration 'fashion_mnist' at /root/.cache/huggingface/datasets/fashion_mnist/fashion_mnist/0.0.0/531be5e2ccc9dba0c201ad3ae567a4f3d16ecdd2 (last modified on Tue Feb 24 13:59:21 2026).
Using the latest cached version of the dataset since fashion_mnist couldn't be found on the Hugging Face Hub
Found the latest cached dataset configuration 'fashion_mnist' at /root/.cache/huggingface/datasets/fashion_mnist/fashion_mnist/0.0.0/531be5e2ccc9dba0c201ad3ae567a4f3d16ecdd2 (last modified on Tue Feb 24 13:59:21 2026).
Using the latest cached version of the dataset since fashion_mnist couldn't be found on the Hugging Face Hub
Found the latest cached dataset configuration 'fashion_mnist' at /root/.cache/huggingface/datasets/fashion_mnist/fashion_mnist/0.0.0/531be5e2ccc9dba0c201ad3ae567a4f3d16ecdd2 (last modified on Tue Feb 24 13:59:21 2026).
Using the latest cached version of the dataset since fashion_mnist couldn't be found on the Hugging Face Hub
Found the latest cached dataset configuration 'fashion_mnist' at /root/.cache/huggingface/datasets/fashion_mnist/fashion_mnist/0.0.0/531be5e2ccc9dba0c201ad3ae567a4f3d16ecdd2 (last modified on Tue Feb 24 13:59:21 2026).
Using the latest cached version of the dataset since fashion_mnist couldn't be found on the Hugging Face Hub
Found the latest cached dataset configuration 'fashion_mnist' at /root/.cache/huggingface/datasets/fashion_mnist/fashion_mnist/0.0.0/531be5e2ccc9dba0c201ad3ae567a4f3d16ecdd2 (last modified on Tue Feb 24 13:59:21 2026).
Using the latest cached version of the dataset since fashion_mnist couldn't be found on the Hugging Face Hub
Found the latest cached dataset configuration 'fashion_mnist' at /root/.cache/huggingface/datasets/fashion_mnist/fashion_mnist/0.0.0/531be5e2ccc9dba0c201ad3ae567a4f3d16ecdd2 (last modified on Tue Feb 24 13:59:21 2026).
Using the latest cached version of the dataset since fashion_mnist couldn't be found on the Hugging Face Hub
Found the latest cached dataset configuration 'fashion_mnist' at /root/.cache/huggingface/datasets/fashion_mnist/fashion_mnist/0.0.0/531be5e2ccc9dba0c201ad3ae567a4f3d16ecdd2 (last modified on Tue Feb 24 13:59:21 2026).
Using the latest cached version of the dataset since fashion_mnist couldn't be found on the Hugging Face Hub
Found the latest cached dataset configuration 'fashion_mnist' at /root/.cache/huggingface/datasets/fashion_mnist/fashion_mnist/0.0.0/531be5e2ccc9dba0c201ad3ae567a4f3d16ecdd2 (last modified on Tue Feb 24 13:59:21 2026).
Using the latest cached version of the dataset since fashion_mnist couldn't be found on the Hugging Face Hub
Found the latest cached dataset configuration 'fashion_mnist' at /root/.cache/huggingface/datasets/fashion_mnist/fashion_mnist/0.0.0/531be5e2ccc9dba0c201ad3ae567a4f3d16ecdd2 (last modified on Tue Feb 24 13:59:21 2026).
Using the latest cached version of the dataset since fashion_mnist couldn't be found on the Hugging Face Hub
Found the latest cached dataset configuration 'fashion_mnist' at /root/.cache/huggingface/datasets/fashion_mnist/fashion_mnist/0.0.0/531be5e2ccc9dba0c201ad3ae567a4f3d16ecdd2 (last modified on Tue Feb 24 13:59:21 2026).
Exception in thread Thread-253 (_run):
Traceback (most recent call last):
  File "/root/miniforge3/envs/flwr/lib/python3.11/threading.py", line 1045, in _bootstrap_inner
    self.run()
  File "/root/miniforge3/envs/flwr/lib/python3.11/threading.py", line 982, in run
    self._target(*self._args, **self._kwargs)
  File "src/python/grpcio/grpc/_cython/_cygrpc/thread.pyx.pxi", line 53, in grpc._cython.cygrpc._run_with_context._run
  File "/root/miniforge3/envs/flwr/lib/python3.11/site-packages/grpc/_channel.py", line 1916, in _poll_connectivity
    event = channel.watch_connectivity_state(
            ^^^^^^^^^^^^^^^^^^^^^^^^^^^^^^^^^
  File "src/python/grpcio/grpc/_cython/_cygrpc/channel.pyx.pxi", line 561, in grpc._cython.cygrpc.Channel.watch_connectivity_state
  File "src/python/grpcio/grpc/_cython/_cygrpc/channel.pyx.pxi", line 427, in grpc._cython.cygrpc._watch_connectivity_state
  File "src/python/grpcio/grpc/_cython/_cygrpc/channel.pyx.pxi", line 435, in grpc._cython.cygrpc._watch_connectivity_state
ValueError: Cannot monitor channel state: Channel closed!
Exception in thread Thread-304 (_run):
Traceback (most recent call last):
  File "/root/miniforge3/envs/flwr/lib/python3.11/threading.py", line 1045, in _bootstrap_inner
    self.run()
  File "/root/miniforge3/envs/flwr/lib/python3.11/threading.py", line 982, in run
    self._target(*self._args, **self._kwargs)
  File "src/python/grpcio/grpc/_cython/_cygrpc/thread.pyx.pxi", line 53, in grpc._cython.cygrpc._run_with_context._run
  File "/root/miniforge3/envs/flwr/lib/python3.11/site-packages/grpc/_channel.py", line 1916, in _poll_connectivity
    event = channel.watch_connectivity_state(
            ^^^^^^^^^^^^^^^^^^^^^^^^^^^^^^^^^
  File "src/python/grpcio/grpc/_cython/_cygrpc/channel.pyx.pxi", line 561, in grpc._cython.cygrpc.Channel.watch_connectivity_state
  File "src/python/grpcio/grpc/_cython/_cygrpc/channel.pyx.pxi", line 427, in grpc._cython.cygrpc._watch_connectivity_state
  File "src/python/grpcio/grpc/_cython/_cygrpc/channel.pyx.pxi", line 435, in grpc._cython.cygrpc._watch_connectivity_state
ValueError: Cannot monitor channel state: Channel closed!
Exception in thread Thread-305 (_run):
Traceback (most recent call last):
  File "/root/miniforge3/envs/flwr/lib/python3.11/threading.py", line 1045, in _bootstrap_inner
    self.run()
  File "/root/miniforge3/envs/flwr/lib/python3.11/threading.py", line 982, in run
    self._target(*self._args, **self._kwargs)
  File "src/python/grpcio/grpc/_cython/_cygrpc/thread.pyx.pxi", line 53, in grpc._cython.cygrpc._run_with_context._run
  File "/root/miniforge3/envs/flwr/lib/python3.11/site-packages/grpc/_channel.py", line 1916, in _poll_connectivity
    event = channel.watch_connectivity_state(
            ^^^^^^^^^^^^^^^^^^^^^^^^^^^^^^^^^
  File "src/python/grpcio/grpc/_cython/_cygrpc/channel.pyx.pxi", line 561, in grpc._cython.cygrpc.Channel.watch_connectivity_state
  File "src/python/grpcio/grpc/_cython/_cygrpc/channel.pyx.pxi", line 427, in grpc._cython.cygrpc._watch_connectivity_state
  File "src/python/grpcio/grpc/_cython/_cygrpc/channel.pyx.pxi", line 435, in grpc._cython.cygrpc._watch_connectivity_state
ValueError: Cannot monitor channel state: Channel closed!
Exception in thread Thread-262 (_run):
Traceback (most recent call last):
  File "/root/miniforge3/envs/flwr/lib/python3.11/threading.py", line 1045, in _bootstrap_inner
    self.run()
  File "/root/miniforge3/envs/flwr/lib/python3.11/threading.py", line 982, in run
    self._target(*self._args, **self._kwargs)
  File "src/python/grpcio/grpc/_cython/_cygrpc/thread.pyx.pxi", line 53, in grpc._cython.cygrpc._run_with_context._run
  File "/root/miniforge3/envs/flwr/lib/python3.11/site-packages/grpc/_channel.py", line 1916, in _poll_connectivity
    event = channel.watch_connectivity_state(
            ^^^^^^^^^^^^^^^^^^^^^^^^^^^^^^^^^
  File "src/python/grpcio/grpc/_cython/_cygrpc/channel.pyx.pxi", line 561, in grpc._cython.cygrpc.Channel.watch_connectivity_state
  File "src/python/grpcio/grpc/_cython/_cygrpc/channel.pyx.pxi", line 427, in grpc._cython.cygrpc._watch_connectivity_state
  File "src/python/grpcio/grpc/_cython/_cygrpc/channel.pyx.pxi", line 435, in grpc._cython.cygrpc._watch_connectivity_state
ValueError: Cannot monitor channel state: Channel closed!
Exception in thread Thread-276 (_run):
Traceback (most recent call last):
  File "/root/miniforge3/envs/flwr/lib/python3.11/threading.py", line 1045, in _bootstrap_inner
    self.run()
  File "/root/miniforge3/envs/flwr/lib/python3.11/threading.py", line 982, in run
    self._target(*self._args, **self._kwargs)
  File "src/python/grpcio/grpc/_cython/_cygrpc/thread.pyx.pxi", line 53, in grpc._cython.cygrpc._run_with_context._run
  File "/root/miniforge3/envs/flwr/lib/python3.11/site-packages/grpc/_channel.py", line 1916, in _poll_connectivity
    event = channel.watch_connectivity_state(
            ^^^^^^^^^^^^^^^^^^^^^^^^^^^^^^^^^
  File "src/python/grpcio/grpc/_cython/_cygrpc/channel.pyx.pxi", line 561, in grpc._cython.cygrpc.Channel.watch_connectivity_state
  File "src/python/grpcio/grpc/_cython/_cygrpc/channel.pyx.pxi", line 427, in grpc._cython.cygrpc._watch_connectivity_state
  File "src/python/grpcio/grpc/_cython/_cygrpc/channel.pyx.pxi", line 435, in grpc._cython.cygrpc._watch_connectivity_state
ValueError: Cannot monitor channel state: Channel closed!
Exception in thread Thread-302 (_run):
Traceback (most recent call last):
  File "/root/miniforge3/envs/flwr/lib/python3.11/threading.py", line 1045, in _bootstrap_inner
    self.run()
  File "/root/miniforge3/envs/flwr/lib/python3.11/threading.py", line 982, in run
    self._target(*self._args, **self._kwargs)
  File "src/python/grpcio/grpc/_cython/_cygrpc/thread.pyx.pxi", line 53, in grpc._cython.cygrpc._run_with_context._run
  File "/root/miniforge3/envs/flwr/lib/python3.11/site-packages/grpc/_channel.py", line 1916, in _poll_connectivity
    event = channel.watch_connectivity_state(
            ^^^^^^^^^^^^^^^^^^^^^^^^^^^^^^^^^
  File "src/python/grpcio/grpc/_cython/_cygrpc/channel.pyx.pxi", line 561, in grpc._cython.cygrpc.Channel.watch_connectivity_state
  File "src/python/grpcio/grpc/_cython/_cygrpc/channel.pyx.pxi", line 427, in grpc._cython.cygrpc._watch_connectivity_state
  File "src/python/grpcio/grpc/_cython/_cygrpc/channel.pyx.pxi", line 435, in grpc._cython.cygrpc._watch_connectivity_state
ValueError: Cannot monitor channel state: Channel closed!
Exception in thread Thread-281 (_run):
Traceback (most recent call last):
  File "/root/miniforge3/envs/flwr/lib/python3.11/threading.py", line 1045, in _bootstrap_inner
    self.run()
  File "/root/miniforge3/envs/flwr/lib/python3.11/threading.py", line 982, in run
    self._target(*self._args, **self._kwargs)
  File "src/python/grpcio/grpc/_cython/_cygrpc/thread.pyx.pxi", line 53, in grpc._cython.cygrpc._run_with_context._run
  File "/root/miniforge3/envs/flwr/lib/python3.11/site-packages/grpc/_channel.py", line 1916, in _poll_connectivity
    event = channel.watch_connectivity_state(
            ^^^^^^^^^^^^^^^^^^^^^^^^^^^^^^^^^
  File "src/python/grpcio/grpc/_cython/_cygrpc/channel.pyx.pxi", line 561, in grpc._cython.cygrpc.Channel.watch_connectivity_state
  File "src/python/grpcio/grpc/_cython/_cygrpc/channel.pyx.pxi", line 427, in grpc._cython.cygrpc._watch_connectivity_state
  File "src/python/grpcio/grpc/_cython/_cygrpc/channel.pyx.pxi", line 435, in grpc._cython.cygrpc._watch_connectivity_state
ValueError: Cannot monitor channel state: Channel closed!
Exception in thread Thread-300 (_run):
Traceback (most recent call last):
  File "/root/miniforge3/envs/flwr/lib/python3.11/threading.py", line 1045, in _bootstrap_inner
    self.run()
  File "/root/miniforge3/envs/flwr/lib/python3.11/threading.py", line 982, in run
    self._target(*self._args, **self._kwargs)
  File "src/python/grpcio/grpc/_cython/_cygrpc/thread.pyx.pxi", line 53, in grpc._cython.cygrpc._run_with_context._run
  File "/root/miniforge3/envs/flwr/lib/python3.11/site-packages/grpc/_channel.py", line 1916, in _poll_connectivity
    event = channel.watch_connectivity_state(
            ^^^^^^^^^^^^^^^^^^^^^^^^^^^^^^^^^
  File "src/python/grpcio/grpc/_cython/_cygrpc/channel.pyx.pxi", line 561, in grpc._cython.cygrpc.Channel.watch_connectivity_state
  File "src/python/grpcio/grpc/_cython/_cygrpc/channel.pyx.pxi", line 427, in grpc._cython.cygrpc._watch_connectivity_state
  File "src/python/grpcio/grpc/_cython/_cygrpc/channel.pyx.pxi", line 435, in grpc._cython.cygrpc._watch_connectivity_state
ValueError: Cannot monitor channel state: Channel closed!
Exception in thread Thread-309 (_run):
Traceback (most recent call last):
  File "/root/miniforge3/envs/flwr/lib/python3.11/threading.py", line 1045, in _bootstrap_inner
    self.run()
  File "/root/miniforge3/envs/flwr/lib/python3.11/threading.py", line 982, in run
    self._target(*self._args, **self._kwargs)
  File "src/python/grpcio/grpc/_cython/_cygrpc/thread.pyx.pxi", line 53, in grpc._cython.cygrpc._run_with_context._run
  File "/root/miniforge3/envs/flwr/lib/python3.11/site-packages/grpc/_channel.py", line 1916, in _poll_connectivity
    event = channel.watch_connectivity_state(
            ^^^^^^^^^^^^^^^^^^^^^^^^^^^^^^^^^
  File "src/python/grpcio/grpc/_cython/_cygrpc/channel.pyx.pxi", line 561, in grpc._cython.cygrpc.Channel.watch_connectivity_state
  File "src/python/grpcio/grpc/_cython/_cygrpc/channel.pyx.pxi", line 427, in grpc._cython.cygrpc._watch_connectivity_state
  File "src/python/grpcio/grpc/_cython/_cygrpc/channel.pyx.pxi", line 435, in grpc._cython.cygrpc._watch_connectivity_state
ValueError: Cannot monitor channel state: Channel closed!
Exception in thread Thread-323 (_run):
Traceback (most recent call last):
  File "/root/miniforge3/envs/flwr/lib/python3.11/threading.py", line 1045, in _bootstrap_inner
    self.run()
  File "/root/miniforge3/envs/flwr/lib/python3.11/threading.py", line 982, in run
Exception in thread Thread-332 (_run):
Traceback (most recent call last):
  File "/root/miniforge3/envs/flwr/lib/python3.11/threading.py", line 1045, in _bootstrap_inner
    self.run()
  File "/root/miniforge3/envs/flwr/lib/python3.11/threading.py", line 982, in run
    self._target(*self._args, **self._kwargs)
  File "src/python/grpcio/grpc/_cython/_cygrpc/thread.pyx.pxi", line 53, in grpc._cython.cygrpc._run_with_context._run
  File "/root/miniforge3/envs/flwr/lib/python3.11/site-packages/grpc/_channel.py", line 1916, in _poll_connectivity
    event = channel.watch_connectivity_state(
            ^^^^^^^^^^^^^^^^^^^^^^^^^^^^^^^^^
  File "src/python/grpcio/grpc/_cython/_cygrpc/channel.pyx.pxi", line 561, in grpc._cython.cygrpc.Channel.watch_connectivity_state
  File "src/python/grpcio/grpc/_cython/_cygrpc/channel.pyx.pxi", line 427, in grpc._cython.cygrpc._watch_connectivity_state
  File "src/python/grpcio/grpc/_cython/_cygrpc/channel.pyx.pxi", line 435, in grpc._cython.cygrpc._watch_connectivity_state
ValueError: Cannot monitor channel state: Channel closed!
    self._target(*self._args, **self._kwargs)
  File "src/python/grpcio/grpc/_cython/_cygrpc/thread.pyx.pxi", line 53, in grpc._cython.cygrpc._run_with_context._run
  File "/root/miniforge3/envs/flwr/lib/python3.11/site-packages/grpc/_channel.py", line 1916, in _poll_connectivity
    event = channel.watch_connectivity_state(
            ^^^^^^^^^^^^^^^^^^^^^^^^^^^^^^^^^
  File "src/python/grpcio/grpc/_cython/_cygrpc/channel.pyx.pxi", line 561, in grpc._cython.cygrpc.Channel.watch_connectivity_state
  File "src/python/grpcio/grpc/_cython/_cygrpc/channel.pyx.pxi", line 427, in grpc._cython.cygrpc._watch_connectivity_state
  File "src/python/grpcio/grpc/_cython/_cygrpc/channel.pyx.pxi", line 435, in grpc._cython.cygrpc._watch_connectivity_state
ValueError: Cannot monitor channel state: Channel closed!
Exception in thread Thread-288 (_run):
Traceback (most recent call last):
  File "/root/miniforge3/envs/flwr/lib/python3.11/threading.py", line 1045, in _bootstrap_inner
    self.run()
  File "/root/miniforge3/envs/flwr/lib/python3.11/threading.py", line 982, in run
    self._target(*self._args, **self._kwargs)
  File "src/python/grpcio/grpc/_cython/_cygrpc/thread.pyx.pxi", line 53, in grpc._cython.cygrpc._run_with_context._run
  File "/root/miniforge3/envs/flwr/lib/python3.11/site-packages/grpc/_channel.py", line 1916, in _poll_connectivity
    event = channel.watch_connectivity_state(
            ^^^^^^^^^^^^^^^^^^^^^^^^^^^^^^^^^
  File "src/python/grpcio/grpc/_cython/_cygrpc/channel.pyx.pxi", line 561, in grpc._cython.cygrpc.Channel.watch_connectivity_state
  File "src/python/grpcio/grpc/_cython/_cygrpc/channel.pyx.pxi", line 427, in grpc._cython.cygrpc._watch_connectivity_state
  File "src/python/grpcio/grpc/_cython/_cygrpc/channel.pyx.pxi", line 435, in grpc._cython.cygrpc._watch_connectivity_state
ValueError: Cannot monitor channel state: Channel closed!
Exception in thread Thread-350 (_run):
Traceback (most recent call last):
  File "/root/miniforge3/envs/flwr/lib/python3.11/threading.py", line 1045, in _bootstrap_inner
    self.run()
  File "/root/miniforge3/envs/flwr/lib/python3.11/threading.py", line 982, in run
    self._target(*self._args, **self._kwargs)
  File "src/python/grpcio/grpc/_cython/_cygrpc/thread.pyx.pxi", line 53, in grpc._cython.cygrpc._run_with_context._run
  File "/root/miniforge3/envs/flwr/lib/python3.11/site-packages/grpc/_channel.py", line 1916, in _poll_connectivity
    event = channel.watch_connectivity_state(
            ^^^^^^^^^^^^^^^^^^^^^^^^^^^^^^^^^
  File "src/python/grpcio/grpc/_cython/_cygrpc/channel.pyx.pxi", line 561, in grpc._cython.cygrpc.Channel.watch_connectivity_state
  File "src/python/grpcio/grpc/_cython/_cygrpc/channel.pyx.pxi", line 427, in grpc._cython.cygrpc._watch_connectivity_state
  File "src/python/grpcio/grpc/_cython/_cygrpc/channel.pyx.pxi", line 435, in grpc._cython.cygrpc._watch_connectivity_state
ValueError: Cannot monitor channel state: Channel closed!
Exception in thread Thread-349 (_run):
Traceback (most recent call last):
  File "/root/miniforge3/envs/flwr/lib/python3.11/threading.py", line 1045, in _bootstrap_inner
    self.run()
  File "/root/miniforge3/envs/flwr/lib/python3.11/threading.py", line 982, in run
    self._target(*self._args, **self._kwargs)
  File "src/python/grpcio/grpc/_cython/_cygrpc/thread.pyx.pxi", line 53, in grpc._cython.cygrpc._run_with_context._run
  File "/root/miniforge3/envs/flwr/lib/python3.11/site-packages/grpc/_channel.py", line 1916, in _poll_connectivity
    event = channel.watch_connectivity_state(
            ^^^^^^^^^^^^^^^^^^^^^^^^^^^^^^^^^
  File "src/python/grpcio/grpc/_cython/_cygrpc/channel.pyx.pxi", line 561, in grpc._cython.cygrpc.Channel.watch_connectivity_state
  File "src/python/grpcio/grpc/_cython/_cygrpc/channel.pyx.pxi", line 427, in grpc._cython.cygrpc._watch_connectivity_state
  File "src/python/grpcio/grpc/_cython/_cygrpc/channel.pyx.pxi", line 435, in grpc._cython.cygrpc._watch_connectivity_state
ValueError: Cannot monitor channel state: Channel closed!
Exception in thread Thread-325 (_run):
Traceback (most recent call last):
  File "/root/miniforge3/envs/flwr/lib/python3.11/threading.py", line 1045, in _bootstrap_inner
    self.run()
  File "/root/miniforge3/envs/flwr/lib/python3.11/threading.py", line 982, in run
    self._target(*self._args, **self._kwargs)
  File "src/python/grpcio/grpc/_cython/_cygrpc/thread.pyx.pxi", line 53, in grpc._cython.cygrpc._run_with_context._run
  File "/root/miniforge3/envs/flwr/lib/python3.11/site-packages/grpc/_channel.py", line 1916, in _poll_connectivity
    event = channel.watch_connectivity_state(
            ^^^^^^^^^^^^^^^^^^^^^^^^^^^^^^^^^
  File "src/python/grpcio/grpc/_cython/_cygrpc/channel.pyx.pxi", line 561, in grpc._cython.cygrpc.Channel.watch_connectivity_state
  File "src/python/grpcio/grpc/_cython/_cygrpc/channel.pyx.pxi", line 427, in grpc._cython.cygrpc._watch_connectivity_state
  File "src/python/grpcio/grpc/_cython/_cygrpc/channel.pyx.pxi", line 435, in grpc._cython.cygrpc._watch_connectivity_state
ValueError: Cannot monitor channel state: Channel closed!
Exception in thread Thread-330 (_run):
Traceback (most recent call last):
  File "/root/miniforge3/envs/flwr/lib/python3.11/threading.py", line 1045, in _bootstrap_inner
    self.run()
  File "/root/miniforge3/envs/flwr/lib/python3.11/threading.py", line 982, in run
    self._target(*self._args, **self._kwargs)
  File "src/python/grpcio/grpc/_cython/_cygrpc/thread.pyx.pxi", line 53, in grpc._cython.cygrpc._run_with_context._run
  File "/root/miniforge3/envs/flwr/lib/python3.11/site-packages/grpc/_channel.py", line 1916, in _poll_connectivity
    event = channel.watch_connectivity_state(
            ^^^^^^^^^^^^^^^^^^^^^^^^^^^^^^^^^
  File "src/python/grpcio/grpc/_cython/_cygrpc/channel.pyx.pxi", line 561, in grpc._cython.cygrpc.Channel.watch_connectivity_state
  File "src/python/grpcio/grpc/_cython/_cygrpc/channel.pyx.pxi", line 427, in grpc._cython.cygrpc._watch_connectivity_state
  File "src/python/grpcio/grpc/_cython/_cygrpc/channel.pyx.pxi", line 435, in grpc._cython.cygrpc._watch_connectivity_state
ValueError: Cannot monitor channel state: Channel closed!
Exception in thread Thread-328 (_run):
Traceback (most recent call last):
  File "/root/miniforge3/envs/flwr/lib/python3.11/threading.py", line 1045, in _bootstrap_inner
    self.run()
  File "/root/miniforge3/envs/flwr/lib/python3.11/threading.py", line 982, in run
    self._target(*self._args, **self._kwargs)
  File "src/python/grpcio/grpc/_cython/_cygrpc/thread.pyx.pxi", line 53, in grpc._cython.cygrpc._run_with_context._run
  File "/root/miniforge3/envs/flwr/lib/python3.11/site-packages/grpc/_channel.py", line 1916, in _poll_connectivity
    event = channel.watch_connectivity_state(
            ^^^^^^^^^^^^^^^^^^^^^^^^^^^^^^^^^
  File "src/python/grpcio/grpc/_cython/_cygrpc/channel.pyx.pxi", line 561, in grpc._cython.cygrpc.Channel.watch_connectivity_state
  File "src/python/grpcio/grpc/_cython/_cygrpc/channel.pyx.pxi", line 427, in grpc._cython.cygrpc._watch_connectivity_state
  File "src/python/grpcio/grpc/_cython/_cygrpc/channel.pyx.pxi", line 435, in grpc._cython.cygrpc._watch_connectivity_state
ValueError: Cannot monitor channel state: Channel closed!
Exception in thread Thread-320 (_run):
Traceback (most recent call last):
  File "/root/miniforge3/envs/flwr/lib/python3.11/threading.py", line 1045, in _bootstrap_inner
    self.run()
  File "/root/miniforge3/envs/flwr/lib/python3.11/threading.py", line 982, in run
    self._target(*self._args, **self._kwargs)
  File "src/python/grpcio/grpc/_cython/_cygrpc/thread.pyx.pxi", line 53, in grpc._cython.cygrpc._run_with_context._run
  File "/root/miniforge3/envs/flwr/lib/python3.11/site-packages/grpc/_channel.py", line 1916, in _poll_connectivity
    event = channel.watch_connectivity_state(
            ^^^^^^^^^^^^^^^^^^^^^^^^^^^^^^^^^
  File "src/python/grpcio/grpc/_cython/_cygrpc/channel.pyx.pxi", line 561, in grpc._cython.cygrpc.Channel.watch_connectivity_state
  File "src/python/grpcio/grpc/_cython/_cygrpc/channel.pyx.pxi", line 427, in grpc._cython.cygrpc._watch_connectivity_state
  File "src/python/grpcio/grpc/_cython/_cygrpc/channel.pyx.pxi", line 435, in grpc._cython.cygrpc._watch_connectivity_state
ValueError: Cannot monitor channel state: Channel closed!
Exception in thread Thread-331 (_run):
Traceback (most recent call last):
  File "/root/miniforge3/envs/flwr/lib/python3.11/threading.py", line 1045, in _bootstrap_inner
    self.run()
  File "/root/miniforge3/envs/flwr/lib/python3.11/threading.py", line 982, in run
    self._target(*self._args, **self._kwargs)
  File "src/python/grpcio/grpc/_cython/_cygrpc/thread.pyx.pxi", line 53, in grpc._cython.cygrpc._run_with_context._run
  File "/root/miniforge3/envs/flwr/lib/python3.11/site-packages/grpc/_channel.py", line 1916, in _poll_connectivity
    event = channel.watch_connectivity_state(
            ^^^^^^^^^^^^^^^^^^^^^^^^^^^^^^^^^
  File "src/python/grpcio/grpc/_cython/_cygrpc/channel.pyx.pxi", line 561, in grpc._cython.cygrpc.Channel.watch_connectivity_state
  File "src/python/grpcio/grpc/_cython/_cygrpc/channel.pyx.pxi", line 427, in grpc._cython.cygrpc._watch_connectivity_state
  File "src/python/grpcio/grpc/_cython/_cygrpc/channel.pyx.pxi", line 435, in grpc._cython.cygrpc._watch_connectivity_state
ValueError: Cannot monitor channel state: Channel closed!
Exception in thread Thread-335 (_run):
Traceback (most recent call last):
  File "/root/miniforge3/envs/flwr/lib/python3.11/threading.py", line 1045, in _bootstrap_inner
    self.run()
  File "/root/miniforge3/envs/flwr/lib/python3.11/threading.py", line 982, in run
    self._target(*self._args, **self._kwargs)
  File "src/python/grpcio/grpc/_cython/_cygrpc/thread.pyx.pxi", line 53, in grpc._cython.cygrpc._run_with_context._run
  File "/root/miniforge3/envs/flwr/lib/python3.11/site-packages/grpc/_channel.py", line 1916, in _poll_connectivity
    event = channel.watch_connectivity_state(
            ^^^^^^^^^^^^^^^^^^^^^^^^^^^^^^^^^
  File "src/python/grpcio/grpc/_cython/_cygrpc/channel.pyx.pxi", line 561, in grpc._cython.cygrpc.Channel.watch_connectivity_state
  File "src/python/grpcio/grpc/_cython/_cygrpc/channel.pyx.pxi", line 427, in grpc._cython.cygrpc._watch_connectivity_state
  File "src/python/grpcio/grpc/_cython/_cygrpc/channel.pyx.pxi", line 435, in grpc._cython.cygrpc._watch_connectivity_state
ValueError: Cannot monitor channel state: Channel closed!
Exception in thread Thread-339 (_run):
Traceback (most recent call last):
  File "/root/miniforge3/envs/flwr/lib/python3.11/threading.py", line 1045, in _bootstrap_inner
    self.run()
  File "/root/miniforge3/envs/flwr/lib/python3.11/threading.py", line 982, in run
    self._target(*self._args, **self._kwargs)
  File "src/python/grpcio/grpc/_cython/_cygrpc/thread.pyx.pxi", line 53, in grpc._cython.cygrpc._run_with_context._run
  File "/root/miniforge3/envs/flwr/lib/python3.11/site-packages/grpc/_channel.py", line 1916, in _poll_connectivity
    event = channel.watch_connectivity_state(
            ^^^^^^^^^^^^^^^^^^^^^^^^^^^^^^^^^
  File "src/python/grpcio/grpc/_cython/_cygrpc/channel.pyx.pxi", line 561, in grpc._cython.cygrpc.Channel.watch_connectivity_state
  File "src/python/grpcio/grpc/_cython/_cygrpc/channel.pyx.pxi", line 427, in grpc._cython.cygrpc._watch_connectivity_state
  File "src/python/grpcio/grpc/_cython/_cygrpc/channel.pyx.pxi", line 435, in grpc._cython.cygrpc._watch_connectivity_state
ValueError: Cannot monitor channel state: Channel closed!
Exception in thread Thread-363 (_run):
Traceback (most recent call last):
  File "/root/miniforge3/envs/flwr/lib/python3.11/threading.py", line 1045, in _bootstrap_inner
    self.run()
  File "/root/miniforge3/envs/flwr/lib/python3.11/threading.py", line 982, in run
    self._target(*self._args, **self._kwargs)
  File "src/python/grpcio/grpc/_cython/_cygrpc/thread.pyx.pxi", line 53, in grpc._cython.cygrpc._run_with_context._run
  File "/root/miniforge3/envs/flwr/lib/python3.11/site-packages/grpc/_channel.py", line 1916, in _poll_connectivity
    event = channel.watch_connectivity_state(
            ^^^^^^^^^^^^^^^^^^^^^^^^^^^^^^^^^
  File "src/python/grpcio/grpc/_cython/_cygrpc/channel.pyx.pxi", line 561, in grpc._cython.cygrpc.Channel.watch_connectivity_state
  File "src/python/grpcio/grpc/_cython/_cygrpc/channel.pyx.pxi", line 427, in grpc._cython.cygrpc._watch_connectivity_state
  File "src/python/grpcio/grpc/_cython/_cygrpc/channel.pyx.pxi", line 435, in grpc._cython.cygrpc._watch_connectivity_state
ValueError: Cannot monitor channel state: Channel closed!
Exception in thread Thread-344 (_run):
Traceback (most recent call last):
  File "/root/miniforge3/envs/flwr/lib/python3.11/threading.py", line 1045, in _bootstrap_inner
    self.run()
  File "/root/miniforge3/envs/flwr/lib/python3.11/threading.py", line 982, in run
    self._target(*self._args, **self._kwargs)
  File "src/python/grpcio/grpc/_cython/_cygrpc/thread.pyx.pxi", line 53, in grpc._cython.cygrpc._run_with_context._run
  File "/root/miniforge3/envs/flwr/lib/python3.11/site-packages/grpc/_channel.py", line 1916, in _poll_connectivity
    event = channel.watch_connectivity_state(
            ^^^^^^^^^^^^^^^^^^^^^^^^^^^^^^^^^
  File "src/python/grpcio/grpc/_cython/_cygrpc/channel.pyx.pxi", line 561, in grpc._cython.cygrpc.Channel.watch_connectivity_state
  File "src/python/grpcio/grpc/_cython/_cygrpc/channel.pyx.pxi", line 427, in grpc._cython.cygrpc._watch_connectivity_state
  File "src/python/grpcio/grpc/_cython/_cygrpc/channel.pyx.pxi", line 435, in grpc._cython.cygrpc._watch_connectivity_state
ValueError: Cannot monitor channel state: Channel closed!
Exception in thread Thread-376 (_run):
Traceback (most recent call last):
  File "/root/miniforge3/envs/flwr/lib/python3.11/threading.py", line 1045, in _bootstrap_inner
Exception in thread Thread-371 (_run):
Traceback (most recent call last):
  File "/root/miniforge3/envs/flwr/lib/python3.11/threading.py", line 1045, in _bootstrap_inner
    self.run()
  File "/root/miniforge3/envs/flwr/lib/python3.11/threading.py", line 982, in run
    self.run()
  File "/root/miniforge3/envs/flwr/lib/python3.11/threading.py", line 982, in run
    self._target(*self._args, **self._kwargs)
  File "src/python/grpcio/grpc/_cython/_cygrpc/thread.pyx.pxi", line 53, in grpc._cython.cygrpc._run_with_context._run
    self._target(*self._args, **self._kwargs)
  File "src/python/grpcio/grpc/_cython/_cygrpc/thread.pyx.pxi", line 53, in grpc._cython.cygrpc._run_with_context._run
  File "/root/miniforge3/envs/flwr/lib/python3.11/site-packages/grpc/_channel.py", line 1916, in _poll_connectivity
  File "/root/miniforge3/envs/flwr/lib/python3.11/site-packages/grpc/_channel.py", line 1916, in _poll_connectivity
    event = channel.watch_connectivity_state(
    event = channel.watch_connectivity_state(
            ^^^^^^^^^^^^^^^^^^^^^^^^^^^^^^^^^
  File "src/python/grpcio/grpc/_cython/_cygrpc/channel.pyx.pxi", line 561, in grpc._cython.cygrpc.Channel.watch_connectivity_state
            ^^^^^^^^^^^^^^^^^^^^^^^^^^^^^^^^^
  File "src/python/grpcio/grpc/_cython/_cygrpc/channel.pyx.pxi", line 561, in grpc._cython.cygrpc.Channel.watch_connectivity_state
  File "src/python/grpcio/grpc/_cython/_cygrpc/channel.pyx.pxi", line 427, in grpc._cython.cygrpc._watch_connectivity_state
  File "src/python/grpcio/grpc/_cython/_cygrpc/channel.pyx.pxi", line 427, in grpc._cython.cygrpc._watch_connectivity_state
  File "src/python/grpcio/grpc/_cython/_cygrpc/channel.pyx.pxi", line 435, in grpc._cython.cygrpc._watch_connectivity_state
  File "src/python/grpcio/grpc/_cython/_cygrpc/channel.pyx.pxi", line 435, in grpc._cython.cygrpc._watch_connectivity_state
ValueError: Cannot monitor channel state: Channel closed!
ValueError: Cannot monitor channel state: Channel closed!
Exception in thread Thread-372 (_run):
Traceback (most recent call last):
  File "/root/miniforge3/envs/flwr/lib/python3.11/threading.py", line 1045, in _bootstrap_inner
Exception in thread Thread-401 (_run):
Exception in thread Thread-362 (_run):
    self.run()
Traceback (most recent call last):
Traceback (most recent call last):
  File "/root/miniforge3/envs/flwr/lib/python3.11/threading.py", line 982, in run
  File "/root/miniforge3/envs/flwr/lib/python3.11/threading.py", line 1045, in _bootstrap_inner
  File "/root/miniforge3/envs/flwr/lib/python3.11/threading.py", line 1045, in _bootstrap_inner
    self._target(*self._args, **self._kwargs)
  File "src/python/grpcio/grpc/_cython/_cygrpc/thread.pyx.pxi", line 53, in grpc._cython.cygrpc._run_with_context._run
    self.run()
    self.run()
  File "/root/miniforge3/envs/flwr/lib/python3.11/threading.py", line 982, in run
  File "/root/miniforge3/envs/flwr/lib/python3.11/site-packages/grpc/_channel.py", line 1916, in _poll_connectivity
  File "/root/miniforge3/envs/flwr/lib/python3.11/threading.py", line 982, in run
    self._target(*self._args, **self._kwargs)
  File "src/python/grpcio/grpc/_cython/_cygrpc/thread.pyx.pxi", line 53, in grpc._cython.cygrpc._run_with_context._run
    self._target(*self._args, **self._kwargs)
    event = channel.watch_connectivity_state(
  File "src/python/grpcio/grpc/_cython/_cygrpc/thread.pyx.pxi", line 53, in grpc._cython.cygrpc._run_with_context._run
            ^^^^^^^^^^^^^^^^^^^^^^^^^^^^^^^^^
  File "src/python/grpcio/grpc/_cython/_cygrpc/channel.pyx.pxi", line 561, in grpc._cython.cygrpc.Channel.watch_connectivity_state
  File "/root/miniforge3/envs/flwr/lib/python3.11/site-packages/grpc/_channel.py", line 1916, in _poll_connectivity
  File "/root/miniforge3/envs/flwr/lib/python3.11/site-packages/grpc/_channel.py", line 1916, in _poll_connectivity
  File "src/python/grpcio/grpc/_cython/_cygrpc/channel.pyx.pxi", line 427, in grpc._cython.cygrpc._watch_connectivity_state
  File "src/python/grpcio/grpc/_cython/_cygrpc/channel.pyx.pxi", line 435, in grpc._cython.cygrpc._watch_connectivity_state
    event = channel.watch_connectivity_state(
            ^^^^^^^^^^^^^^^^^^^^^^^^^^^^^^^^^
  File "src/python/grpcio/grpc/_cython/_cygrpc/channel.pyx.pxi", line 561, in grpc._cython.cygrpc.Channel.watch_connectivity_state
    event = channel.watch_connectivity_state(
ValueError: Cannot monitor channel state: Channel closed!
            ^^^^^^^^^^^^^^^^^^^^^^^^^^^^^^^^^
  File "src/python/grpcio/grpc/_cython/_cygrpc/channel.pyx.pxi", line 561, in grpc._cython.cygrpc.Channel.watch_connectivity_state
  File "src/python/grpcio/grpc/_cython/_cygrpc/channel.pyx.pxi", line 427, in grpc._cython.cygrpc._watch_connectivity_state
  File "src/python/grpcio/grpc/_cython/_cygrpc/channel.pyx.pxi", line 427, in grpc._cython.cygrpc._watch_connectivity_state
  File "src/python/grpcio/grpc/_cython/_cygrpc/channel.pyx.pxi", line 435, in grpc._cython.cygrpc._watch_connectivity_state
  File "src/python/grpcio/grpc/_cython/_cygrpc/channel.pyx.pxi", line 435, in grpc._cython.cygrpc._watch_connectivity_state
ValueError: Cannot monitor channel state: Channel closed!
ValueError: Cannot monitor channel state: Channel closed!
Exception in thread Thread-396 (_run):
Traceback (most recent call last):
  File "/root/miniforge3/envs/flwr/lib/python3.11/threading.py", line 1045, in _bootstrap_inner
    self.run()
  File "/root/miniforge3/envs/flwr/lib/python3.11/threading.py", line 982, in run
    self._target(*self._args, **self._kwargs)
  File "src/python/grpcio/grpc/_cython/_cygrpc/thread.pyx.pxi", line 53, in grpc._cython.cygrpc._run_with_context._run
  File "/root/miniforge3/envs/flwr/lib/python3.11/site-packages/grpc/_channel.py", line 1916, in _poll_connectivity
    event = channel.watch_connectivity_state(
            ^^^^^^^^^^^^^^^^^^^^^^^^^^^^^^^^^
  File "src/python/grpcio/grpc/_cython/_cygrpc/channel.pyx.pxi", line 561, in grpc._cython.cygrpc.Channel.watch_connectivity_state
  File "src/python/grpcio/grpc/_cython/_cygrpc/channel.pyx.pxi", line 427, in grpc._cython.cygrpc._watch_connectivity_state
  File "src/python/grpcio/grpc/_cython/_cygrpc/channel.pyx.pxi", line 435, in grpc._cython.cygrpc._watch_connectivity_state
ValueError: Cannot monitor channel state: Channel closed!
Exception in thread Thread-370 (_run):
Traceback (most recent call last):
  File "/root/miniforge3/envs/flwr/lib/python3.11/threading.py", line 1045, in _bootstrap_inner
    self.run()
  File "/root/miniforge3/envs/flwr/lib/python3.11/threading.py", line 982, in run
    self._target(*self._args, **self._kwargs)
  File "src/python/grpcio/grpc/_cython/_cygrpc/thread.pyx.pxi", line 53, in grpc._cython.cygrpc._run_with_context._run
  File "/root/miniforge3/envs/flwr/lib/python3.11/site-packages/grpc/_channel.py", line 1916, in _poll_connectivity
    event = channel.watch_connectivity_state(
            ^^^^^^^^^^^^^^^^^^^^^^^^^^^^^^^^^
  File "src/python/grpcio/grpc/_cython/_cygrpc/channel.pyx.pxi", line 561, in grpc._cython.cygrpc.Channel.watch_connectivity_state
  File "src/python/grpcio/grpc/_cython/_cygrpc/channel.pyx.pxi", line 427, in grpc._cython.cygrpc._watch_connectivity_state
  File "src/python/grpcio/grpc/_cython/_cygrpc/channel.pyx.pxi", line 435, in grpc._cython.cygrpc._watch_connectivity_state
ValueError: Cannot monitor channel state: Channel closed!
Exception in thread Thread-392 (_run):
Traceback (most recent call last):
  File "/root/miniforge3/envs/flwr/lib/python3.11/threading.py", line 1045, in _bootstrap_inner
    self.run()
  File "/root/miniforge3/envs/flwr/lib/python3.11/threading.py", line 982, in run
    self._target(*self._args, **self._kwargs)
  File "src/python/grpcio/grpc/_cython/_cygrpc/thread.pyx.pxi", line 53, in grpc._cython.cygrpc._run_with_context._run
  File "/root/miniforge3/envs/flwr/lib/python3.11/site-packages/grpc/_channel.py", line 1916, in _poll_connectivity
    event = channel.watch_connectivity_state(
            ^^^^^^^^^^^^^^^^^^^^^^^^^^^^^^^^^
  File "src/python/grpcio/grpc/_cython/_cygrpc/channel.pyx.pxi", line 561, in grpc._cython.cygrpc.Channel.watch_connectivity_state
  File "src/python/grpcio/grpc/_cython/_cygrpc/channel.pyx.pxi", line 427, in grpc._cython.cygrpc._watch_connectivity_state
  File "src/python/grpcio/grpc/_cython/_cygrpc/channel.pyx.pxi", line 435, in grpc._cython.cygrpc._watch_connectivity_state
ValueError: Cannot monitor channel state: Channel closed!
Exception in thread Thread-361 (_run):
Traceback (most recent call last):
  File "/root/miniforge3/envs/flwr/lib/python3.11/threading.py", line 1045, in _bootstrap_inner
    self.run()
  File "/root/miniforge3/envs/flwr/lib/python3.11/threading.py", line 982, in run
    self._target(*self._args, **self._kwargs)
  File "src/python/grpcio/grpc/_cython/_cygrpc/thread.pyx.pxi", line 53, in grpc._cython.cygrpc._run_with_context._run
  File "/root/miniforge3/envs/flwr/lib/python3.11/site-packages/grpc/_channel.py", line 1916, in _poll_connectivity
    event = channel.watch_connectivity_state(
            ^^^^^^^^^^^^^^^^^^^^^^^^^^^^^^^^^
  File "src/python/grpcio/grpc/_cython/_cygrpc/channel.pyx.pxi", line 561, in grpc._cython.cygrpc.Channel.watch_connectivity_state
  File "src/python/grpcio/grpc/_cython/_cygrpc/channel.pyx.pxi", line 427, in grpc._cython.cygrpc._watch_connectivity_state
  File "src/python/grpcio/grpc/_cython/_cygrpc/channel.pyx.pxi", line 435, in grpc._cython.cygrpc._watch_connectivity_state
ValueError: Cannot monitor channel state: Channel closed!
Exception in thread Thread-395 (_run):
Traceback (most recent call last):
  File "/root/miniforge3/envs/flwr/lib/python3.11/threading.py", line 1045, in _bootstrap_inner
    self.run()
  File "/root/miniforge3/envs/flwr/lib/python3.11/threading.py", line 982, in run
    self._target(*self._args, **self._kwargs)
  File "src/python/grpcio/grpc/_cython/_cygrpc/thread.pyx.pxi", line 53, in grpc._cython.cygrpc._run_with_context._run
  File "/root/miniforge3/envs/flwr/lib/python3.11/site-packages/grpc/_channel.py", line 1916, in _poll_connectivity
    event = channel.watch_connectivity_state(
            ^^^^^^^^^^^^^^^^^^^^^^^^^^^^^^^^^
  File "src/python/grpcio/grpc/_cython/_cygrpc/channel.pyx.pxi", line 561, in grpc._cython.cygrpc.Channel.watch_connectivity_state
  File "src/python/grpcio/grpc/_cython/_cygrpc/channel.pyx.pxi", line 427, in grpc._cython.cygrpc._watch_connectivity_state
  File "src/python/grpcio/grpc/_cython/_cygrpc/channel.pyx.pxi", line 435, in grpc._cython.cygrpc._watch_connectivity_state
ValueError: Cannot monitor channel state: Channel closed!
Exception in thread Thread-378 (_run):
Traceback (most recent call last):
  File "/root/miniforge3/envs/flwr/lib/python3.11/threading.py", line 1045, in _bootstrap_inner
    self.run()
  File "/root/miniforge3/envs/flwr/lib/python3.11/threading.py", line 982, in run
    self._target(*self._args, **self._kwargs)
  File "src/python/grpcio/grpc/_cython/_cygrpc/thread.pyx.pxi", line 53, in grpc._cython.cygrpc._run_with_context._run
  File "/root/miniforge3/envs/flwr/lib/python3.11/site-packages/grpc/_channel.py", line 1916, in _poll_connectivity
    event = channel.watch_connectivity_state(
            ^^^^^^^^^^^^^^^^^^^^^^^^^^^^^^^^^
  File "src/python/grpcio/grpc/_cython/_cygrpc/channel.pyx.pxi", line 561, in grpc._cython.cygrpc.Channel.watch_connectivity_state
  File "src/python/grpcio/grpc/_cython/_cygrpc/channel.pyx.pxi", line 427, in grpc._cython.cygrpc._watch_connectivity_state
  File "src/python/grpcio/grpc/_cython/_cygrpc/channel.pyx.pxi", line 435, in grpc._cython.cygrpc._watch_connectivity_state
ValueError: Cannot monitor channel state: Channel closed!
Exception in thread Thread-371 (_run):
Traceback (most recent call last):
  File "/root/miniforge3/envs/flwr/lib/python3.11/threading.py", line 1045, in _bootstrap_inner
    self.run()
  File "/root/miniforge3/envs/flwr/lib/python3.11/threading.py", line 982, in run
    self._target(*self._args, **self._kwargs)
Exception in thread Thread-379 (_run):
Traceback (most recent call last):
  File "/root/miniforge3/envs/flwr/lib/python3.11/threading.py", line 1045, in _bootstrap_inner
  File "src/python/grpcio/grpc/_cython/_cygrpc/thread.pyx.pxi", line 53, in grpc._cython.cygrpc._run_with_context._run
    self.run()
  File "/root/miniforge3/envs/flwr/lib/python3.11/threading.py", line 982, in run
  File "/root/miniforge3/envs/flwr/lib/python3.11/site-packages/grpc/_channel.py", line 1916, in _poll_connectivity
    self._target(*self._args, **self._kwargs)
  File "src/python/grpcio/grpc/_cython/_cygrpc/thread.pyx.pxi", line 53, in grpc._cython.cygrpc._run_with_context._run
  File "/root/miniforge3/envs/flwr/lib/python3.11/site-packages/grpc/_channel.py", line 1916, in _poll_connectivity
    event = channel.watch_connectivity_state(
            ^^^^^^^^^^^^^^^^^^^^^^^^^^^^^^^^^
  File "src/python/grpcio/grpc/_cython/_cygrpc/channel.pyx.pxi", line 561, in grpc._cython.cygrpc.Channel.watch_connectivity_state
  File "src/python/grpcio/grpc/_cython/_cygrpc/channel.pyx.pxi", line 427, in grpc._cython.cygrpc._watch_connectivity_state
  File "src/python/grpcio/grpc/_cython/_cygrpc/channel.pyx.pxi", line 435, in grpc._cython.cygrpc._watch_connectivity_state
ValueError: Cannot monitor channel state: Channel closed!
    event = channel.watch_connectivity_state(
            ^^^^^^^^^^^^^^^^^^^^^^^^^^^^^^^^^
  File "src/python/grpcio/grpc/_cython/_cygrpc/channel.pyx.pxi", line 561, in grpc._cython.cygrpc.Channel.watch_connectivity_state
  File "src/python/grpcio/grpc/_cython/_cygrpc/channel.pyx.pxi", line 427, in grpc._cython.cygrpc._watch_connectivity_state
  File "src/python/grpcio/grpc/_cython/_cygrpc/channel.pyx.pxi", line 435, in grpc._cython.cygrpc._watch_connectivity_state
ValueError: Cannot monitor channel state: Channel closed!
Exception in thread Thread-369 (_run):
Traceback (most recent call last):
  File "/root/miniforge3/envs/flwr/lib/python3.11/threading.py", line 1045, in _bootstrap_inner
Exception in thread Thread-371 (_run):
    self.run()
  File "/root/miniforge3/envs/flwr/lib/python3.11/threading.py", line 982, in run
Traceback (most recent call last):
    self._target(*self._args, **self._kwargs)
  File "/root/miniforge3/envs/flwr/lib/python3.11/threading.py", line 1045, in _bootstrap_inner
  File "src/python/grpcio/grpc/_cython/_cygrpc/thread.pyx.pxi", line 53, in grpc._cython.cygrpc._run_with_context._run
  File "/root/miniforge3/envs/flwr/lib/python3.11/site-packages/grpc/_channel.py", line 1916, in _poll_connectivity
    self.run()
  File "/root/miniforge3/envs/flwr/lib/python3.11/threading.py", line 982, in run
    self._target(*self._args, **self._kwargs)
    event = channel.watch_connectivity_state(
  File "src/python/grpcio/grpc/_cython/_cygrpc/thread.pyx.pxi", line 53, in grpc._cython.cygrpc._run_with_context._run
            ^^^^^^^^^^^^^^^^^^^^^^^^^^^^^^^^^
  File "src/python/grpcio/grpc/_cython/_cygrpc/channel.pyx.pxi", line 561, in grpc._cython.cygrpc.Channel.watch_connectivity_state
  File "/root/miniforge3/envs/flwr/lib/python3.11/site-packages/grpc/_channel.py", line 1916, in _poll_connectivity
  File "src/python/grpcio/grpc/_cython/_cygrpc/channel.pyx.pxi", line 427, in grpc._cython.cygrpc._watch_connectivity_state
  File "src/python/grpcio/grpc/_cython/_cygrpc/channel.pyx.pxi", line 435, in grpc._cython.cygrpc._watch_connectivity_state
    event = channel.watch_connectivity_state(
ValueError: Cannot monitor channel state: Channel closed!
            ^^^^^^^^^^^^^^^^^^^^^^^^^^^^^^^^^
  File "src/python/grpcio/grpc/_cython/_cygrpc/channel.pyx.pxi", line 561, in grpc._cython.cygrpc.Channel.watch_connectivity_state
  File "src/python/grpcio/grpc/_cython/_cygrpc/channel.pyx.pxi", line 427, in grpc._cython.cygrpc._watch_connectivity_state
  File "src/python/grpcio/grpc/_cython/_cygrpc/channel.pyx.pxi", line 435, in grpc._cython.cygrpc._watch_connectivity_state
ValueError: Cannot monitor channel state: Channel closed!
Exception in thread Thread-383 (_run):
Traceback (most recent call last):
  File "/root/miniforge3/envs/flwr/lib/python3.11/threading.py", line 1045, in _bootstrap_inner
Exception in thread Thread-364 (_run):
Traceback (most recent call last):
  File "/root/miniforge3/envs/flwr/lib/python3.11/threading.py", line 1045, in _bootstrap_inner
    self.run()
  File "/root/miniforge3/envs/flwr/lib/python3.11/threading.py", line 982, in run
    self.run()
  File "/root/miniforge3/envs/flwr/lib/python3.11/threading.py", line 982, in run
    self._target(*self._args, **self._kwargs)
  File "src/python/grpcio/grpc/_cython/_cygrpc/thread.pyx.pxi", line 53, in grpc._cython.cygrpc._run_with_context._run
    self._target(*self._args, **self._kwargs)
  File "src/python/grpcio/grpc/_cython/_cygrpc/thread.pyx.pxi", line 53, in grpc._cython.cygrpc._run_with_context._run
  File "/root/miniforge3/envs/flwr/lib/python3.11/site-packages/grpc/_channel.py", line 1916, in _poll_connectivity
  File "/root/miniforge3/envs/flwr/lib/python3.11/site-packages/grpc/_channel.py", line 1931, in _poll_connectivity
    event = channel.watch_connectivity_state(
    connectivity = channel.check_connectivity_state(try_to_connect)
            ^^^^^^^^^^^^^^^^^^^^^^^^^^^^^^^^^
                   ^^^^^^^^^^^^^^^^^^^^^^^^^^^^^^^^^^^^^^^^^^^^^^^^
  File "src/python/grpcio/grpc/_cython/_cygrpc/channel.pyx.pxi", line 561, in grpc._cython.cygrpc.Channel.watch_connectivity_state
  File "src/python/grpcio/grpc/_cython/_cygrpc/channel.pyx.pxi", line 552, in grpc._cython.cygrpc.Channel.check_connectivity_state
  File "src/python/grpcio/grpc/_cython/_cygrpc/channel.pyx.pxi", line 427, in grpc._cython.cygrpc._watch_connectivity_state
  File "src/python/grpcio/grpc/_cython/_cygrpc/channel.pyx.pxi", line 557, in grpc._cython.cygrpc.Channel.check_connectivity_state
  File "src/python/grpcio/grpc/_cython/_cygrpc/channel.pyx.pxi", line 435, in grpc._cython.cygrpc._watch_connectivity_state
ValueError: Cannot invoke RPC: Channel closed!
ValueError: Cannot monitor channel state: Channel closed!
Exception in thread Thread-380 (_run):
Traceback (most recent call last):
  File "/root/miniforge3/envs/flwr/lib/python3.11/threading.py", line 1045, in _bootstrap_inner
    self.run()
  File "/root/miniforge3/envs/flwr/lib/python3.11/threading.py", line 982, in run
    self._target(*self._args, **self._kwargs)
  File "src/python/grpcio/grpc/_cython/_cygrpc/thread.pyx.pxi", line 53, in grpc._cython.cygrpc._run_with_context._run
  File "/root/miniforge3/envs/flwr/lib/python3.11/site-packages/grpc/_channel.py", line 1916, in _poll_connectivity
    event = channel.watch_connectivity_state(
            ^^^^^^^^^^^^^^^^^^^^^^^^^^^^^^^^^
  File "src/python/grpcio/grpc/_cython/_cygrpc/channel.pyx.pxi", line 561, in grpc._cython.cygrpc.Channel.watch_connectivity_state
  File "src/python/grpcio/grpc/_cython/_cygrpc/channel.pyx.pxi", line 427, in grpc._cython.cygrpc._watch_connectivity_state
  File "src/python/grpcio/grpc/_cython/_cygrpc/channel.pyx.pxi", line 435, in grpc._cython.cygrpc._watch_connectivity_state
ValueError: Cannot monitor channel state: Channel closed!
Exception in thread Thread-368 (_run):
Traceback (most recent call last):
  File "/root/miniforge3/envs/flwr/lib/python3.11/threading.py", line 1045, in _bootstrap_inner
    self.run()
  File "/root/miniforge3/envs/flwr/lib/python3.11/threading.py", line 982, in run
    self._target(*self._args, **self._kwargs)
  File "src/python/grpcio/grpc/_cython/_cygrpc/thread.pyx.pxi", line 53, in grpc._cython.cygrpc._run_with_context._run
  File "/root/miniforge3/envs/flwr/lib/python3.11/site-packages/grpc/_channel.py", line 1916, in _poll_connectivity
    event = channel.watch_connectivity_state(
            ^^^^^^^^^^^^^^^^^^^^^^^^^^^^^^^^^
  File "src/python/grpcio/grpc/_cython/_cygrpc/channel.pyx.pxi", line 561, in grpc._cython.cygrpc.Channel.watch_connectivity_state
  File "src/python/grpcio/grpc/_cython/_cygrpc/channel.pyx.pxi", line 427, in grpc._cython.cygrpc._watch_connectivity_state
  File "src/python/grpcio/grpc/_cython/_cygrpc/channel.pyx.pxi", line 435, in grpc._cython.cygrpc._watch_connectivity_state
ValueError: Cannot monitor channel state: Channel closed!
Exception in thread Thread-386 (_run):
Traceback (most recent call last):
  File "/root/miniforge3/envs/flwr/lib/python3.11/threading.py", line 1045, in _bootstrap_inner
    self.run()
  File "/root/miniforge3/envs/flwr/lib/python3.11/threading.py", line 982, in run
    self._target(*self._args, **self._kwargs)
  File "src/python/grpcio/grpc/_cython/_cygrpc/thread.pyx.pxi", line 53, in grpc._cython.cygrpc._run_with_context._run
  File "/root/miniforge3/envs/flwr/lib/python3.11/site-packages/grpc/_channel.py", line 1916, in _poll_connectivity
    event = channel.watch_connectivity_state(
            ^^^^^^^^^^^^^^^^^^^^^^^^^^^^^^^^^
  File "src/python/grpcio/grpc/_cython/_cygrpc/channel.pyx.pxi", line 561, in grpc._cython.cygrpc.Channel.watch_connectivity_state
  File "src/python/grpcio/grpc/_cython/_cygrpc/channel.pyx.pxi", line 427, in grpc._cython.cygrpc._watch_connectivity_state
  File "src/python/grpcio/grpc/_cython/_cygrpc/channel.pyx.pxi", line 435, in grpc._cython.cygrpc._watch_connectivity_state
ValueError: Cannot monitor channel state: Channel closed!
Exception in thread Thread-379 (_run):
Traceback (most recent call last):
  File "/root/miniforge3/envs/flwr/lib/python3.11/threading.py", line 1045, in _bootstrap_inner
    self.run()
  File "/root/miniforge3/envs/flwr/lib/python3.11/threading.py", line 982, in run
    self._target(*self._args, **self._kwargs)
  File "src/python/grpcio/grpc/_cython/_cygrpc/thread.pyx.pxi", line 53, in grpc._cython.cygrpc._run_with_context._run
  File "/root/miniforge3/envs/flwr/lib/python3.11/site-packages/grpc/_channel.py", line 1916, in _poll_connectivity
    event = channel.watch_connectivity_state(
            ^^^^^^^^^^^^^^^^^^^^^^^^^^^^^^^^^
  File "src/python/grpcio/grpc/_cython/_cygrpc/channel.pyx.pxi", line 561, in grpc._cython.cygrpc.Channel.watch_connectivity_state
  File "src/python/grpcio/grpc/_cython/_cygrpc/channel.pyx.pxi", line 427, in grpc._cython.cygrpc._watch_connectivity_state
  File "src/python/grpcio/grpc/_cython/_cygrpc/channel.pyx.pxi", line 435, in grpc._cython.cygrpc._watch_connectivity_state
ValueError: Cannot monitor channel state: Channel closed!
Exception in thread Thread-427 (_run):
Traceback (most recent call last):
  File "/root/miniforge3/envs/flwr/lib/python3.11/threading.py", line 1045, in _bootstrap_inner
    self.run()
  File "/root/miniforge3/envs/flwr/lib/python3.11/threading.py", line 982, in run
    self._target(*self._args, **self._kwargs)
  File "src/python/grpcio/grpc/_cython/_cygrpc/thread.pyx.pxi", line 53, in grpc._cython.cygrpc._run_with_context._run
  File "/root/miniforge3/envs/flwr/lib/python3.11/site-packages/grpc/_channel.py", line 1916, in _poll_connectivity
    event = channel.watch_connectivity_state(
            ^^^^^^^^^^^^^^^^^^^^^^^^^^^^^^^^^
  File "src/python/grpcio/grpc/_cython/_cygrpc/channel.pyx.pxi", line 561, in grpc._cython.cygrpc.Channel.watch_connectivity_state
  File "src/python/grpcio/grpc/_cython/_cygrpc/channel.pyx.pxi", line 427, in grpc._cython.cygrpc._watch_connectivity_state
  File "src/python/grpcio/grpc/_cython/_cygrpc/channel.pyx.pxi", line 435, in grpc._cython.cygrpc._watch_connectivity_state
ValueError: Cannot monitor channel state: Channel closed!
Exception in thread Thread-415 (_run):
Traceback (most recent call last):
  File "/root/miniforge3/envs/flwr/lib/python3.11/threading.py", line 1045, in _bootstrap_inner
    self.run()
  File "/root/miniforge3/envs/flwr/lib/python3.11/threading.py", line 982, in run
    self._target(*self._args, **self._kwargs)
  File "src/python/grpcio/grpc/_cython/_cygrpc/thread.pyx.pxi", line 53, in grpc._cython.cygrpc._run_with_context._run
  File "/root/miniforge3/envs/flwr/lib/python3.11/site-packages/grpc/_channel.py", line 1916, in _poll_connectivity
    event = channel.watch_connectivity_state(
            ^^^^^^^^^^^^^^^^^^^^^^^^^^^^^^^^^
  File "src/python/grpcio/grpc/_cython/_cygrpc/channel.pyx.pxi", line 561, in grpc._cython.cygrpc.Channel.watch_connectivity_state
  File "src/python/grpcio/grpc/_cython/_cygrpc/channel.pyx.pxi", line 427, in grpc._cython.cygrpc._watch_connectivity_state
Exception in thread Thread-417 (_run):
Traceback (most recent call last):
  File "/root/miniforge3/envs/flwr/lib/python3.11/threading.py", line 1045, in _bootstrap_inner
  File "src/python/grpcio/grpc/_cython/_cygrpc/channel.pyx.pxi", line 435, in grpc._cython.cygrpc._watch_connectivity_state
    self.run()
ValueError: Cannot monitor channel state: Channel closed!
  File "/root/miniforge3/envs/flwr/lib/python3.11/threading.py", line 982, in run
    self._target(*self._args, **self._kwargs)
  File "src/python/grpcio/grpc/_cython/_cygrpc/thread.pyx.pxi", line 53, in grpc._cython.cygrpc._run_with_context._run
  File "/root/miniforge3/envs/flwr/lib/python3.11/site-packages/grpc/_channel.py", line 1916, in _poll_connectivity
    event = channel.watch_connectivity_state(
            ^^^^^^^^^^^^^^^^^^^^^^^^^^^^^^^^^
  File "src/python/grpcio/grpc/_cython/_cygrpc/channel.pyx.pxi", line 561, in grpc._cython.cygrpc.Channel.watch_connectivity_state
  File "src/python/grpcio/grpc/_cython/_cygrpc/channel.pyx.pxi", line 427, in grpc._cython.cygrpc._watch_connectivity_state
  File "src/python/grpcio/grpc/_cython/_cygrpc/channel.pyx.pxi", line 435, in grpc._cython.cygrpc._watch_connectivity_state
ValueError: Cannot monitor channel state: Channel closed!
Exception in thread Thread-400 (_run):
Traceback (most recent call last):
  File "/root/miniforge3/envs/flwr/lib/python3.11/threading.py", line 1045, in _bootstrap_inner
    self.run()
  File "/root/miniforge3/envs/flwr/lib/python3.11/threading.py", line 982, in run
    self._target(*self._args, **self._kwargs)
  File "src/python/grpcio/grpc/_cython/_cygrpc/thread.pyx.pxi", line 53, in grpc._cython.cygrpc._run_with_context._run
Exception in thread Thread-394 (_run):
Traceback (most recent call last):
  File "/root/miniforge3/envs/flwr/lib/python3.11/threading.py", line 1045, in _bootstrap_inner
  File "/root/miniforge3/envs/flwr/lib/python3.11/site-packages/grpc/_channel.py", line 1916, in _poll_connectivity
    self.run()
  File "/root/miniforge3/envs/flwr/lib/python3.11/threading.py", line 982, in run
    self._target(*self._args, **self._kwargs)
  File "src/python/grpcio/grpc/_cython/_cygrpc/thread.pyx.pxi", line 53, in grpc._cython.cygrpc._run_with_context._run
    event = channel.watch_connectivity_state(
            ^^^^^^^^^^^^^^^^^^^^^^^^^^^^^^^^^
  File "src/python/grpcio/grpc/_cython/_cygrpc/channel.pyx.pxi", line 561, in grpc._cython.cygrpc.Channel.watch_connectivity_state
  File "/root/miniforge3/envs/flwr/lib/python3.11/site-packages/grpc/_channel.py", line 1916, in _poll_connectivity
  File "src/python/grpcio/grpc/_cython/_cygrpc/channel.pyx.pxi", line 427, in grpc._cython.cygrpc._watch_connectivity_state
  File "src/python/grpcio/grpc/_cython/_cygrpc/channel.pyx.pxi", line 435, in grpc._cython.cygrpc._watch_connectivity_state
    event = channel.watch_connectivity_state(
            ^^^^^^^^^^^^^^^^^^^^^^^^^^^^^^^^^
ValueError: Cannot monitor channel state: Channel closed!
  File "src/python/grpcio/grpc/_cython/_cygrpc/channel.pyx.pxi", line 561, in grpc._cython.cygrpc.Channel.watch_connectivity_state
  File "src/python/grpcio/grpc/_cython/_cygrpc/channel.pyx.pxi", line 427, in grpc._cython.cygrpc._watch_connectivity_state
  File "src/python/grpcio/grpc/_cython/_cygrpc/channel.pyx.pxi", line 435, in grpc._cython.cygrpc._watch_connectivity_state
ValueError: Cannot monitor channel state: Channel closed!
Exception in thread Thread-408 (_run):
Traceback (most recent call last):
  File "/root/miniforge3/envs/flwr/lib/python3.11/threading.py", line 1045, in _bootstrap_inner
    self.run()
  File "/root/miniforge3/envs/flwr/lib/python3.11/threading.py", line 982, in run
    self._target(*self._args, **self._kwargs)
  File "src/python/grpcio/grpc/_cython/_cygrpc/thread.pyx.pxi", line 53, in grpc._cython.cygrpc._run_with_context._run
  File "/root/miniforge3/envs/flwr/lib/python3.11/site-packages/grpc/_channel.py", line 1916, in _poll_connectivity
    event = channel.watch_connectivity_state(
            ^^^^^^^^^^^^^^^^^^^^^^^^^^^^^^^^^
  File "src/python/grpcio/grpc/_cython/_cygrpc/channel.pyx.pxi", line 561, in grpc._cython.cygrpc.Channel.watch_connectivity_state
  File "src/python/grpcio/grpc/_cython/_cygrpc/channel.pyx.pxi", line 427, in grpc._cython.cygrpc._watch_connectivity_state
  File "src/python/grpcio/grpc/_cython/_cygrpc/channel.pyx.pxi", line 435, in grpc._cython.cygrpc._watch_connectivity_state
ValueError: Cannot monitor channel state: Channel closed!
Exception in thread Thread-394 (_run):
Traceback (most recent call last):
  File "/root/miniforge3/envs/flwr/lib/python3.11/threading.py", line 1045, in _bootstrap_inner
    self.run()
  File "/root/miniforge3/envs/flwr/lib/python3.11/threading.py", line 982, in run
    self._target(*self._args, **self._kwargs)
  File "src/python/grpcio/grpc/_cython/_cygrpc/thread.pyx.pxi", line 53, in grpc._cython.cygrpc._run_with_context._run
  File "/root/miniforge3/envs/flwr/lib/python3.11/site-packages/grpc/_channel.py", line 1916, in _poll_connectivity
    event = channel.watch_connectivity_state(
            ^^^^^^^^^^^^^^^^^^^^^^^^^^^^^^^^^
  File "src/python/grpcio/grpc/_cython/_cygrpc/channel.pyx.pxi", line 561, in grpc._cython.cygrpc.Channel.watch_connectivity_state
  File "src/python/grpcio/grpc/_cython/_cygrpc/channel.pyx.pxi", line 427, in grpc._cython.cygrpc._watch_connectivity_state
  File "src/python/grpcio/grpc/_cython/_cygrpc/channel.pyx.pxi", line 435, in grpc._cython.cygrpc._watch_connectivity_state
ValueError: Cannot monitor channel state: Channel closed!
Exception in thread Thread-432 (_run):
Traceback (most recent call last):
  File "/root/miniforge3/envs/flwr/lib/python3.11/threading.py", line 1045, in _bootstrap_inner
    self.run()
  File "/root/miniforge3/envs/flwr/lib/python3.11/threading.py", line 982, in run
    self._target(*self._args, **self._kwargs)
  File "src/python/grpcio/grpc/_cython/_cygrpc/thread.pyx.pxi", line 53, in grpc._cython.cygrpc._run_with_context._run
  File "/root/miniforge3/envs/flwr/lib/python3.11/site-packages/grpc/_channel.py", line 1916, in _poll_connectivity
    event = channel.watch_connectivity_state(
            ^^^^^^^^^^^^^^^^^^^^^^^^^^^^^^^^^
  File "src/python/grpcio/grpc/_cython/_cygrpc/channel.pyx.pxi", line 561, in grpc._cython.cygrpc.Channel.watch_connectivity_state
  File "src/python/grpcio/grpc/_cython/_cygrpc/channel.pyx.pxi", line 427, in grpc._cython.cygrpc._watch_connectivity_state
  File "src/python/grpcio/grpc/_cython/_cygrpc/channel.pyx.pxi", line 435, in grpc._cython.cygrpc._watch_connectivity_state
ValueError: Cannot monitor channel state: Channel closed!
Exception in thread Thread-413 (_run):
Traceback (most recent call last):
  File "/root/miniforge3/envs/flwr/lib/python3.11/threading.py", line 1045, in _bootstrap_inner
    self.run()
  File "/root/miniforge3/envs/flwr/lib/python3.11/threading.py", line 982, in run
    self._target(*self._args, **self._kwargs)
  File "src/python/grpcio/grpc/_cython/_cygrpc/thread.pyx.pxi", line 53, in grpc._cython.cygrpc._run_with_context._run
  File "/root/miniforge3/envs/flwr/lib/python3.11/site-packages/grpc/_channel.py", line 1916, in _poll_connectivity
    event = channel.watch_connectivity_state(
            ^^^^^^^^^^^^^^^^^^^^^^^^^^^^^^^^^
  File "src/python/grpcio/grpc/_cython/_cygrpc/channel.pyx.pxi", line 561, in grpc._cython.cygrpc.Channel.watch_connectivity_state
  File "src/python/grpcio/grpc/_cython/_cygrpc/channel.pyx.pxi", line 427, in grpc._cython.cygrpc._watch_connectivity_state
  File "src/python/grpcio/grpc/_cython/_cygrpc/channel.pyx.pxi", line 435, in grpc._cython.cygrpc._watch_connectivity_state
ValueError: Cannot monitor channel state: Channel closed!
Exception in thread Thread-401 (_run):
Traceback (most recent call last):
  File "/root/miniforge3/envs/flwr/lib/python3.11/threading.py", line 1045, in _bootstrap_inner
    self.run()
  File "/root/miniforge3/envs/flwr/lib/python3.11/threading.py", line 982, in run
    self._target(*self._args, **self._kwargs)
  File "src/python/grpcio/grpc/_cython/_cygrpc/thread.pyx.pxi", line 53, in grpc._cython.cygrpc._run_with_context._run
  File "/root/miniforge3/envs/flwr/lib/python3.11/site-packages/grpc/_channel.py", line 1916, in _poll_connectivity
    event = channel.watch_connectivity_state(
            ^^^^^^^^^^^^^^^^^^^^^^^^^^^^^^^^^
  File "src/python/grpcio/grpc/_cython/_cygrpc/channel.pyx.pxi", line 561, in grpc._cython.cygrpc.Channel.watch_connectivity_state
  File "src/python/grpcio/grpc/_cython/_cygrpc/channel.pyx.pxi", line 427, in grpc._cython.cygrpc._watch_connectivity_state
  File "src/python/grpcio/grpc/_cython/_cygrpc/channel.pyx.pxi", line 435, in grpc._cython.cygrpc._watch_connectivity_state
ValueError: Cannot monitor channel state: Channel closed!
Exception in thread Thread-417 (_run):
Traceback (most recent call last):
  File "/root/miniforge3/envs/flwr/lib/python3.11/threading.py", line 1045, in _bootstrap_inner
    self.run()
  File "/root/miniforge3/envs/flwr/lib/python3.11/threading.py", line 982, in run
    self._target(*self._args, **self._kwargs)
  File "src/python/grpcio/grpc/_cython/_cygrpc/thread.pyx.pxi", line 53, in grpc._cython.cygrpc._run_with_context._run
  File "/root/miniforge3/envs/flwr/lib/python3.11/site-packages/grpc/_channel.py", line 1916, in _poll_connectivity
    event = channel.watch_connectivity_state(
            ^^^^^^^^^^^^^^^^^^^^^^^^^^^^^^^^^
  File "src/python/grpcio/grpc/_cython/_cygrpc/channel.pyx.pxi", line 561, in grpc._cython.cygrpc.Channel.watch_connectivity_state
  File "src/python/grpcio/grpc/_cython/_cygrpc/channel.pyx.pxi", line 427, in grpc._cython.cygrpc._watch_connectivity_state
  File "src/python/grpcio/grpc/_cython/_cygrpc/channel.pyx.pxi", line 435, in grpc._cython.cygrpc._watch_connectivity_state
ValueError: Cannot monitor channel state: Channel closed!
Exception in thread Thread-433 (_run):
Traceback (most recent call last):
  File "/root/miniforge3/envs/flwr/lib/python3.11/threading.py", line 1045, in _bootstrap_inner
    self.run()
  File "/root/miniforge3/envs/flwr/lib/python3.11/threading.py", line 982, in run
    self._target(*self._args, **self._kwargs)
  File "src/python/grpcio/grpc/_cython/_cygrpc/thread.pyx.pxi", line 53, in grpc._cython.cygrpc._run_with_context._run
  File "/root/miniforge3/envs/flwr/lib/python3.11/site-packages/grpc/_channel.py", line 1916, in _poll_connectivity
    event = channel.watch_connectivity_state(
            ^^^^^^^^^^^^^^^^^^^^^^^^^^^^^^^^^
  File "src/python/grpcio/grpc/_cython/_cygrpc/channel.pyx.pxi", line 561, in grpc._cython.cygrpc.Channel.watch_connectivity_state
  File "src/python/grpcio/grpc/_cython/_cygrpc/channel.pyx.pxi", line 427, in grpc._cython.cygrpc._watch_connectivity_state
  File "src/python/grpcio/grpc/_cython/_cygrpc/channel.pyx.pxi", line 435, in grpc._cython.cygrpc._watch_connectivity_state
ValueError: Cannot monitor channel state: Channel closed!
Exception in thread Thread-446 (_run):
Traceback (most recent call last):
  File "/root/miniforge3/envs/flwr/lib/python3.11/threading.py", line 1045, in _bootstrap_inner
    self.run()
  File "/root/miniforge3/envs/flwr/lib/python3.11/threading.py", line 982, in run
    self._target(*self._args, **self._kwargs)
  File "src/python/grpcio/grpc/_cython/_cygrpc/thread.pyx.pxi", line 53, in grpc._cython.cygrpc._run_with_context._run
  File "/root/miniforge3/envs/flwr/lib/python3.11/site-packages/grpc/_channel.py", line 1916, in _poll_connectivity
    event = channel.watch_connectivity_state(
            ^^^^^^^^^^^^^^^^^^^^^^^^^^^^^^^^^
  File "src/python/grpcio/grpc/_cython/_cygrpc/channel.pyx.pxi", line 561, in grpc._cython.cygrpc.Channel.watch_connectivity_state
  File "src/python/grpcio/grpc/_cython/_cygrpc/channel.pyx.pxi", line 427, in grpc._cython.cygrpc._watch_connectivity_state
  File "src/python/grpcio/grpc/_cython/_cygrpc/channel.pyx.pxi", line 435, in grpc._cython.cygrpc._watch_connectivity_state
ValueError: Cannot monitor channel state: Channel closed!
Exception in thread Thread-416 (_run):
Traceback (most recent call last):
  File "/root/miniforge3/envs/flwr/lib/python3.11/threading.py", line 1045, in _bootstrap_inner
    self.run()
  File "/root/miniforge3/envs/flwr/lib/python3.11/threading.py", line 982, in run
    self._target(*self._args, **self._kwargs)
  File "src/python/grpcio/grpc/_cython/_cygrpc/thread.pyx.pxi", line 53, in grpc._cython.cygrpc._run_with_context._run
  File "/root/miniforge3/envs/flwr/lib/python3.11/site-packages/grpc/_channel.py", line 1916, in _poll_connectivity
    event = channel.watch_connectivity_state(
            ^^^^^^^^^^^^^^^^^^^^^^^^^^^^^^^^^
  File "src/python/grpcio/grpc/_cython/_cygrpc/channel.pyx.pxi", line 561, in grpc._cython.cygrpc.Channel.watch_connectivity_state
  File "src/python/grpcio/grpc/_cython/_cygrpc/channel.pyx.pxi", line 427, in grpc._cython.cygrpc._watch_connectivity_state
  File "src/python/grpcio/grpc/_cython/_cygrpc/channel.pyx.pxi", line 435, in grpc._cython.cygrpc._watch_connectivity_state
ValueError: Cannot monitor channel state: Channel closed!
Using the latest cached version of the dataset since fashion_mnist couldn't be found on the Hugging Face Hub
Found the latest cached dataset configuration 'fashion_mnist' at /root/.cache/huggingface/datasets/fashion_mnist/fashion_mnist/0.0.0/531be5e2ccc9dba0c201ad3ae567a4f3d16ecdd2 (last modified on Tue Feb 24 13:59:21 2026).
Using the latest cached version of the dataset since fashion_mnist couldn't be found on the Hugging Face Hub
Found the latest cached dataset configuration 'fashion_mnist' at /root/.cache/huggingface/datasets/fashion_mnist/fashion_mnist/0.0.0/531be5e2ccc9dba0c201ad3ae567a4f3d16ecdd2 (last modified on Tue Feb 24 13:59:21 2026).
Using the latest cached version of the dataset since fashion_mnist couldn't be found on the Hugging Face Hub
Found the latest cached dataset configuration 'fashion_mnist' at /root/.cache/huggingface/datasets/fashion_mnist/fashion_mnist/0.0.0/531be5e2ccc9dba0c201ad3ae567a4f3d16ecdd2 (last modified on Tue Feb 24 13:59:21 2026).
Using the latest cached version of the dataset since fashion_mnist couldn't be found on the Hugging Face Hub
Found the latest cached dataset configuration 'fashion_mnist' at /root/.cache/huggingface/datasets/fashion_mnist/fashion_mnist/0.0.0/531be5e2ccc9dba0c201ad3ae567a4f3d16ecdd2 (last modified on Tue Feb 24 13:59:21 2026).
Using the latest cached version of the dataset since fashion_mnist couldn't be found on the Hugging Face Hub
Found the latest cached dataset configuration 'fashion_mnist' at /root/.cache/huggingface/datasets/fashion_mnist/fashion_mnist/0.0.0/531be5e2ccc9dba0c201ad3ae567a4f3d16ecdd2 (last modified on Tue Feb 24 13:59:21 2026).
Using the latest cached version of the dataset since fashion_mnist couldn't be found on the Hugging Face Hub
Found the latest cached dataset configuration 'fashion_mnist' at /root/.cache/huggingface/datasets/fashion_mnist/fashion_mnist/0.0.0/531be5e2ccc9dba0c201ad3ae567a4f3d16ecdd2 (last modified on Tue Feb 24 13:59:21 2026).
Using the latest cached version of the dataset since fashion_mnist couldn't be found on the Hugging Face Hub
Found the latest cached dataset configuration 'fashion_mnist' at /root/.cache/huggingface/datasets/fashion_mnist/fashion_mnist/0.0.0/531be5e2ccc9dba0c201ad3ae567a4f3d16ecdd2 (last modified on Tue Feb 24 13:59:21 2026).
Exception in thread Thread-444 (_run):
Traceback (most recent call last):
  File "/root/miniforge3/envs/flwr/lib/python3.11/threading.py", line 1045, in _bootstrap_inner
    self.run()
  File "/root/miniforge3/envs/flwr/lib/python3.11/threading.py", line 982, in run
    self._target(*self._args, **self._kwargs)
  File "src/python/grpcio/grpc/_cython/_cygrpc/thread.pyx.pxi", line 53, in grpc._cython.cygrpc._run_with_context._run
  File "/root/miniforge3/envs/flwr/lib/python3.11/site-packages/grpc/_channel.py", line 1916, in _poll_connectivity
    event = channel.watch_connectivity_state(
            ^^^^^^^^^^^^^^^^^^^^^^^^^^^^^^^^^
  File "src/python/grpcio/grpc/_cython/_cygrpc/channel.pyx.pxi", line 561, in grpc._cython.cygrpc.Channel.watch_connectivity_state
  File "src/python/grpcio/grpc/_cython/_cygrpc/channel.pyx.pxi", line 427, in grpc._cython.cygrpc._watch_connectivity_state
  File "src/python/grpcio/grpc/_cython/_cygrpc/channel.pyx.pxi", line 435, in grpc._cython.cygrpc._watch_connectivity_state
ValueError: Cannot monitor channel state: Channel closed!
Exception in thread Thread-438 (_run):
Traceback (most recent call last):
  File "/root/miniforge3/envs/flwr/lib/python3.11/threading.py", line 1045, in _bootstrap_inner
    self.run()
  File "/root/miniforge3/envs/flwr/lib/python3.11/threading.py", line 982, in run
    self._target(*self._args, **self._kwargs)
  File "src/python/grpcio/grpc/_cython/_cygrpc/thread.pyx.pxi", line 53, in grpc._cython.cygrpc._run_with_context._run
  File "/root/miniforge3/envs/flwr/lib/python3.11/site-packages/grpc/_channel.py", line 1916, in _poll_connectivity
    event = channel.watch_connectivity_state(
            ^^^^^^^^^^^^^^^^^^^^^^^^^^^^^^^^^
  File "src/python/grpcio/grpc/_cython/_cygrpc/channel.pyx.pxi", line 561, in grpc._cython.cygrpc.Channel.watch_connectivity_state
  File "src/python/grpcio/grpc/_cython/_cygrpc/channel.pyx.pxi", line 427, in grpc._cython.cygrpc._watch_connectivity_state
  File "src/python/grpcio/grpc/_cython/_cygrpc/channel.pyx.pxi", line 435, in grpc._cython.cygrpc._watch_connectivity_state
ValueError: Cannot monitor channel state: Channel closed!
Exception in thread Thread-424 (_run):
Traceback (most recent call last):
  File "/root/miniforge3/envs/flwr/lib/python3.11/threading.py", line 1045, in _bootstrap_inner
    self.run()
  File "/root/miniforge3/envs/flwr/lib/python3.11/threading.py", line 982, in run
    self._target(*self._args, **self._kwargs)
  File "src/python/grpcio/grpc/_cython/_cygrpc/thread.pyx.pxi", line 53, in grpc._cython.cygrpc._run_with_context._run
  File "/root/miniforge3/envs/flwr/lib/python3.11/site-packages/grpc/_channel.py", line 1916, in _poll_connectivity
    event = channel.watch_connectivity_state(
            ^^^^^^^^^^^^^^^^^^^^^^^^^^^^^^^^^
  File "src/python/grpcio/grpc/_cython/_cygrpc/channel.pyx.pxi", line 561, in grpc._cython.cygrpc.Channel.watch_connectivity_state
  File "src/python/grpcio/grpc/_cython/_cygrpc/channel.pyx.pxi", line 427, in grpc._cython.cygrpc._watch_connectivity_state
  File "src/python/grpcio/grpc/_cython/_cygrpc/channel.pyx.pxi", line 435, in grpc._cython.cygrpc._watch_connectivity_state
ValueError: Cannot monitor channel state: Channel closed!
Using the latest cached version of the dataset since fashion_mnist couldn't be found on the Hugging Face Hub
Found the latest cached dataset configuration 'fashion_mnist' at /root/.cache/huggingface/datasets/fashion_mnist/fashion_mnist/0.0.0/531be5e2ccc9dba0c201ad3ae567a4f3d16ecdd2 (last modified on Tue Feb 24 13:59:21 2026).
Using the latest cached version of the dataset since fashion_mnist couldn't be found on the Hugging Face Hub
Found the latest cached dataset configuration 'fashion_mnist' at /root/.cache/huggingface/datasets/fashion_mnist/fashion_mnist/0.0.0/531be5e2ccc9dba0c201ad3ae567a4f3d16ecdd2 (last modified on Tue Feb 24 13:59:21 2026).
Using the latest cached version of the dataset since fashion_mnist couldn't be found on the Hugging Face Hub
Found the latest cached dataset configuration 'fashion_mnist' at /root/.cache/huggingface/datasets/fashion_mnist/fashion_mnist/0.0.0/531be5e2ccc9dba0c201ad3ae567a4f3d16ecdd2 (last modified on Tue Feb 24 13:59:21 2026).
Using the latest cached version of the dataset since fashion_mnist couldn't be found on the Hugging Face Hub
Found the latest cached dataset configuration 'fashion_mnist' at /root/.cache/huggingface/datasets/fashion_mnist/fashion_mnist/0.0.0/531be5e2ccc9dba0c201ad3ae567a4f3d16ecdd2 (last modified on Tue Feb 24 13:59:21 2026).
Using the latest cached version of the dataset since fashion_mnist couldn't be found on the Hugging Face Hub
Found the latest cached dataset configuration 'fashion_mnist' at /root/.cache/huggingface/datasets/fashion_mnist/fashion_mnist/0.0.0/531be5e2ccc9dba0c201ad3ae567a4f3d16ecdd2 (last modified on Tue Feb 24 13:59:21 2026).
Using the latest cached version of the dataset since fashion_mnist couldn't be found on the Hugging Face Hub
Found the latest cached dataset configuration 'fashion_mnist' at /root/.cache/huggingface/datasets/fashion_mnist/fashion_mnist/0.0.0/531be5e2ccc9dba0c201ad3ae567a4f3d16ecdd2 (last modified on Tue Feb 24 13:59:21 2026).
Using the latest cached version of the dataset since fashion_mnist couldn't be found on the Hugging Face Hub
Found the latest cached dataset configuration 'fashion_mnist' at /root/.cache/huggingface/datasets/fashion_mnist/fashion_mnist/0.0.0/531be5e2ccc9dba0c201ad3ae567a4f3d16ecdd2 (last modified on Tue Feb 24 13:59:21 2026).
Using the latest cached version of the dataset since fashion_mnist couldn't be found on the Hugging Face Hub
Using the latest cached version of the dataset since fashion_mnist couldn't be found on the Hugging Face Hub
Found the latest cached dataset configuration 'fashion_mnist' at /root/.cache/huggingface/datasets/fashion_mnist/fashion_mnist/0.0.0/531be5e2ccc9dba0c201ad3ae567a4f3d16ecdd2 (last modified on Tue Feb 24 13:59:21 2026).
Found the latest cached dataset configuration 'fashion_mnist' at /root/.cache/huggingface/datasets/fashion_mnist/fashion_mnist/0.0.0/531be5e2ccc9dba0c201ad3ae567a4f3d16ecdd2 (last modified on Tue Feb 24 13:59:21 2026).
Using the latest cached version of the dataset since fashion_mnist couldn't be found on the Hugging Face Hub
Found the latest cached dataset configuration 'fashion_mnist' at /root/.cache/huggingface/datasets/fashion_mnist/fashion_mnist/0.0.0/531be5e2ccc9dba0c201ad3ae567a4f3d16ecdd2 (last modified on Tue Feb 24 13:59:21 2026).
Exception in thread Thread-477 (_run):
Traceback (most recent call last):
  File "/root/miniforge3/envs/flwr/lib/python3.11/threading.py", line 1045, in _bootstrap_inner
    self.run()
  File "/root/miniforge3/envs/flwr/lib/python3.11/threading.py", line 982, in run
    self._target(*self._args, **self._kwargs)
  File "src/python/grpcio/grpc/_cython/_cygrpc/thread.pyx.pxi", line 53, in grpc._cython.cygrpc._run_with_context._run
  File "/root/miniforge3/envs/flwr/lib/python3.11/site-packages/grpc/_channel.py", line 1916, in _poll_connectivity
    event = channel.watch_connectivity_state(
            ^^^^^^^^^^^^^^^^^^^^^^^^^^^^^^^^^
  File "src/python/grpcio/grpc/_cython/_cygrpc/channel.pyx.pxi", line 561, in grpc._cython.cygrpc.Channel.watch_connectivity_state
  File "src/python/grpcio/grpc/_cython/_cygrpc/channel.pyx.pxi", line 427, in grpc._cython.cygrpc._watch_connectivity_state
  File "src/python/grpcio/grpc/_cython/_cygrpc/channel.pyx.pxi", line 435, in grpc._cython.cygrpc._watch_connectivity_state
ValueError: Cannot monitor channel state: Channel closed!
Exception in thread Thread-451 (_run):
Traceback (most recent call last):
  File "/root/miniforge3/envs/flwr/lib/python3.11/threading.py", line 1045, in _bootstrap_inner
    self.run()
  File "/root/miniforge3/envs/flwr/lib/python3.11/threading.py", line 982, in run
    self._target(*self._args, **self._kwargs)
  File "src/python/grpcio/grpc/_cython/_cygrpc/thread.pyx.pxi", line 53, in grpc._cython.cygrpc._run_with_context._run
  File "/root/miniforge3/envs/flwr/lib/python3.11/site-packages/grpc/_channel.py", line 1916, in _poll_connectivity
    event = channel.watch_connectivity_state(
            ^^^^^^^^^^^^^^^^^^^^^^^^^^^^^^^^^
  File "src/python/grpcio/grpc/_cython/_cygrpc/channel.pyx.pxi", line 561, in grpc._cython.cygrpc.Channel.watch_connectivity_state
  File "src/python/grpcio/grpc/_cython/_cygrpc/channel.pyx.pxi", line 427, in grpc._cython.cygrpc._watch_connectivity_state
  File "src/python/grpcio/grpc/_cython/_cygrpc/channel.pyx.pxi", line 435, in grpc._cython.cygrpc._watch_connectivity_state
ValueError: Cannot monitor channel state: Channel closed!
Exception in thread Thread-444 (_run):
Traceback (most recent call last):
  File "/root/miniforge3/envs/flwr/lib/python3.11/threading.py", line 1045, in _bootstrap_inner
    self.run()
  File "/root/miniforge3/envs/flwr/lib/python3.11/threading.py", line 982, in run
    self._target(*self._args, **self._kwargs)
  File "src/python/grpcio/grpc/_cython/_cygrpc/thread.pyx.pxi", line 53, in grpc._cython.cygrpc._run_with_context._run
  File "/root/miniforge3/envs/flwr/lib/python3.11/site-packages/grpc/_channel.py", line 1916, in _poll_connectivity
    event = channel.watch_connectivity_state(
            ^^^^^^^^^^^^^^^^^^^^^^^^^^^^^^^^^
  File "src/python/grpcio/grpc/_cython/_cygrpc/channel.pyx.pxi", line 561, in grpc._cython.cygrpc.Channel.watch_connectivity_state
  File "src/python/grpcio/grpc/_cython/_cygrpc/channel.pyx.pxi", line 427, in grpc._cython.cygrpc._watch_connectivity_state
  File "src/python/grpcio/grpc/_cython/_cygrpc/channel.pyx.pxi", line 435, in grpc._cython.cygrpc._watch_connectivity_state
ValueError: Cannot monitor channel state: Channel closed!
Exception in thread Thread-467 (_run):
Traceback (most recent call last):
  File "/root/miniforge3/envs/flwr/lib/python3.11/threading.py", line 1045, in _bootstrap_inner
    self.run()
  File "/root/miniforge3/envs/flwr/lib/python3.11/threading.py", line 982, in run
    self._target(*self._args, **self._kwargs)
  File "src/python/grpcio/grpc/_cython/_cygrpc/thread.pyx.pxi", line 53, in grpc._cython.cygrpc._run_with_context._run
  File "/root/miniforge3/envs/flwr/lib/python3.11/site-packages/grpc/_channel.py", line 1916, in _poll_connectivity
    event = channel.watch_connectivity_state(
            ^^^^^^^^^^^^^^^^^^^^^^^^^^^^^^^^^
  File "src/python/grpcio/grpc/_cython/_cygrpc/channel.pyx.pxi", line 561, in grpc._cython.cygrpc.Channel.watch_connectivity_state
  File "src/python/grpcio/grpc/_cython/_cygrpc/channel.pyx.pxi", line 427, in grpc._cython.cygrpc._watch_connectivity_state
  File "src/python/grpcio/grpc/_cython/_cygrpc/channel.pyx.pxi", line 435, in grpc._cython.cygrpc._watch_connectivity_state
ValueError: Cannot monitor channel state: Channel closed!
Exception in thread Thread-497 (_run):
Traceback (most recent call last):
  File "/root/miniforge3/envs/flwr/lib/python3.11/threading.py", line 1045, in _bootstrap_inner
    self.run()
  File "/root/miniforge3/envs/flwr/lib/python3.11/threading.py", line 982, in run
    self._target(*self._args, **self._kwargs)
  File "src/python/grpcio/grpc/_cython/_cygrpc/thread.pyx.pxi", line 53, in grpc._cython.cygrpc._run_with_context._run
  File "/root/miniforge3/envs/flwr/lib/python3.11/site-packages/grpc/_channel.py", line 1916, in _poll_connectivity
    event = channel.watch_connectivity_state(
            ^^^^^^^^^^^^^^^^^^^^^^^^^^^^^^^^^
  File "src/python/grpcio/grpc/_cython/_cygrpc/channel.pyx.pxi", line 561, in grpc._cython.cygrpc.Channel.watch_connectivity_state
  File "src/python/grpcio/grpc/_cython/_cygrpc/channel.pyx.pxi", line 427, in grpc._cython.cygrpc._watch_connectivity_state
  File "src/python/grpcio/grpc/_cython/_cygrpc/channel.pyx.pxi", line 435, in grpc._cython.cygrpc._watch_connectivity_state
ValueError: Cannot monitor channel state: Channel closed!
Exception in thread Thread-462 (_run):
Traceback (most recent call last):
  File "/root/miniforge3/envs/flwr/lib/python3.11/threading.py", line 1045, in _bootstrap_inner
Exception in thread Thread-463 (_run):
Traceback (most recent call last):
  File "/root/miniforge3/envs/flwr/lib/python3.11/threading.py", line 1045, in _bootstrap_inner
    self.run()
  File "/root/miniforge3/envs/flwr/lib/python3.11/threading.py", line 982, in run
    self.run()
  File "/root/miniforge3/envs/flwr/lib/python3.11/threading.py", line 982, in run
    self._target(*self._args, **self._kwargs)
  File "src/python/grpcio/grpc/_cython/_cygrpc/thread.pyx.pxi", line 53, in grpc._cython.cygrpc._run_with_context._run
    self._target(*self._args, **self._kwargs)
  File "src/python/grpcio/grpc/_cython/_cygrpc/thread.pyx.pxi", line 53, in grpc._cython.cygrpc._run_with_context._run
  File "/root/miniforge3/envs/flwr/lib/python3.11/site-packages/grpc/_channel.py", line 1916, in _poll_connectivity
  File "/root/miniforge3/envs/flwr/lib/python3.11/site-packages/grpc/_channel.py", line 1916, in _poll_connectivity
    event = channel.watch_connectivity_state(
            ^^^^^^^^^^^^^^^^^^^^^^^^^^^^^^^^^
  File "src/python/grpcio/grpc/_cython/_cygrpc/channel.pyx.pxi", line 561, in grpc._cython.cygrpc.Channel.watch_connectivity_state
    event = channel.watch_connectivity_state(
            ^^^^^^^^^^^^^^^^^^^^^^^^^^^^^^^^^
  File "src/python/grpcio/grpc/_cython/_cygrpc/channel.pyx.pxi", line 561, in grpc._cython.cygrpc.Channel.watch_connectivity_state
  File "src/python/grpcio/grpc/_cython/_cygrpc/channel.pyx.pxi", line 427, in grpc._cython.cygrpc._watch_connectivity_state
  File "src/python/grpcio/grpc/_cython/_cygrpc/channel.pyx.pxi", line 427, in grpc._cython.cygrpc._watch_connectivity_state
  File "src/python/grpcio/grpc/_cython/_cygrpc/channel.pyx.pxi", line 435, in grpc._cython.cygrpc._watch_connectivity_state
  File "src/python/grpcio/grpc/_cython/_cygrpc/channel.pyx.pxi", line 435, in grpc._cython.cygrpc._watch_connectivity_state
ValueError: Cannot monitor channel state: Channel closed!
ValueError: Cannot monitor channel state: Channel closed!
Exception in thread Thread-485 (_run):
Traceback (most recent call last):
  File "/root/miniforge3/envs/flwr/lib/python3.11/threading.py", line 1045, in _bootstrap_inner
    self.run()
  File "/root/miniforge3/envs/flwr/lib/python3.11/threading.py", line 982, in run
    self._target(*self._args, **self._kwargs)
  File "src/python/grpcio/grpc/_cython/_cygrpc/thread.pyx.pxi", line 53, in grpc._cython.cygrpc._run_with_context._run
  File "/root/miniforge3/envs/flwr/lib/python3.11/site-packages/grpc/_channel.py", line 1916, in _poll_connectivity
    event = channel.watch_connectivity_state(
            ^^^^^^^^^^^^^^^^^^^^^^^^^^^^^^^^^
  File "src/python/grpcio/grpc/_cython/_cygrpc/channel.pyx.pxi", line 561, in grpc._cython.cygrpc.Channel.watch_connectivity_state
  File "src/python/grpcio/grpc/_cython/_cygrpc/channel.pyx.pxi", line 427, in grpc._cython.cygrpc._watch_connectivity_state
  File "src/python/grpcio/grpc/_cython/_cygrpc/channel.pyx.pxi", line 435, in grpc._cython.cygrpc._watch_connectivity_state
ValueError: Cannot monitor channel state: Channel closed!
Exception in thread Thread-465 (_run):
Traceback (most recent call last):
  File "/root/miniforge3/envs/flwr/lib/python3.11/threading.py", line 1045, in _bootstrap_inner
    self.run()
  File "/root/miniforge3/envs/flwr/lib/python3.11/threading.py", line 982, in run
    self._target(*self._args, **self._kwargs)
  File "src/python/grpcio/grpc/_cython/_cygrpc/thread.pyx.pxi", line 53, in grpc._cython.cygrpc._run_with_context._run
  File "/root/miniforge3/envs/flwr/lib/python3.11/site-packages/grpc/_channel.py", line 1916, in _poll_connectivity
    event = channel.watch_connectivity_state(
            ^^^^^^^^^^^^^^^^^^^^^^^^^^^^^^^^^
  File "src/python/grpcio/grpc/_cython/_cygrpc/channel.pyx.pxi", line 561, in grpc._cython.cygrpc.Channel.watch_connectivity_state
  File "src/python/grpcio/grpc/_cython/_cygrpc/channel.pyx.pxi", line 427, in grpc._cython.cygrpc._watch_connectivity_state
  File "src/python/grpcio/grpc/_cython/_cygrpc/channel.pyx.pxi", line 435, in grpc._cython.cygrpc._watch_connectivity_state
ValueError: Cannot monitor channel state: Channel closed!
Exception in thread Thread-484 (_run):
Traceback (most recent call last):
  File "/root/miniforge3/envs/flwr/lib/python3.11/threading.py", line 1045, in _bootstrap_inner
    self.run()
  File "/root/miniforge3/envs/flwr/lib/python3.11/threading.py", line 982, in run
    self._target(*self._args, **self._kwargs)
  File "src/python/grpcio/grpc/_cython/_cygrpc/thread.pyx.pxi", line 53, in grpc._cython.cygrpc._run_with_context._run
  File "/root/miniforge3/envs/flwr/lib/python3.11/site-packages/grpc/_channel.py", line 1916, in _poll_connectivity
    event = channel.watch_connectivity_state(
            ^^^^^^^^^^^^^^^^^^^^^^^^^^^^^^^^^
  File "src/python/grpcio/grpc/_cython/_cygrpc/channel.pyx.pxi", line 561, in grpc._cython.cygrpc.Channel.watch_connectivity_state
  File "src/python/grpcio/grpc/_cython/_cygrpc/channel.pyx.pxi", line 427, in grpc._cython.cygrpc._watch_connectivity_state
  File "src/python/grpcio/grpc/_cython/_cygrpc/channel.pyx.pxi", line 435, in grpc._cython.cygrpc._watch_connectivity_state
ValueError: Cannot monitor channel state: Channel closed!
Exception in thread Thread-477 (_run):
Traceback (most recent call last):
  File "/root/miniforge3/envs/flwr/lib/python3.11/threading.py", line 1045, in _bootstrap_inner
    self.run()
  File "/root/miniforge3/envs/flwr/lib/python3.11/threading.py", line 982, in run
    self._target(*self._args, **self._kwargs)
  File "src/python/grpcio/grpc/_cython/_cygrpc/thread.pyx.pxi", line 53, in grpc._cython.cygrpc._run_with_context._run
  File "/root/miniforge3/envs/flwr/lib/python3.11/site-packages/grpc/_channel.py", line 1916, in _poll_connectivity
    event = channel.watch_connectivity_state(
            ^^^^^^^^^^^^^^^^^^^^^^^^^^^^^^^^^
  File "src/python/grpcio/grpc/_cython/_cygrpc/channel.pyx.pxi", line 561, in grpc._cython.cygrpc.Channel.watch_connectivity_state
  File "src/python/grpcio/grpc/_cython/_cygrpc/channel.pyx.pxi", line 427, in grpc._cython.cygrpc._watch_connectivity_state
  File "src/python/grpcio/grpc/_cython/_cygrpc/channel.pyx.pxi", line 435, in grpc._cython.cygrpc._watch_connectivity_state
ValueError: Cannot monitor channel state: Channel closed!
Exception in thread Thread-542 (_run):
Traceback (most recent call last):
  File "/root/miniforge3/envs/flwr/lib/python3.11/threading.py", line 1045, in _bootstrap_inner
    self.run()
  File "/root/miniforge3/envs/flwr/lib/python3.11/threading.py", line 982, in run
    self._target(*self._args, **self._kwargs)
  File "src/python/grpcio/grpc/_cython/_cygrpc/thread.pyx.pxi", line 53, in grpc._cython.cygrpc._run_with_context._run
  File "/root/miniforge3/envs/flwr/lib/python3.11/site-packages/grpc/_channel.py", line 1916, in _poll_connectivity
    event = channel.watch_connectivity_state(
            ^^^^^^^^^^^^^^^^^^^^^^^^^^^^^^^^^
  File "src/python/grpcio/grpc/_cython/_cygrpc/channel.pyx.pxi", line 561, in grpc._cython.cygrpc.Channel.watch_connectivity_state
  File "src/python/grpcio/grpc/_cython/_cygrpc/channel.pyx.pxi", line 427, in grpc._cython.cygrpc._watch_connectivity_state
  File "src/python/grpcio/grpc/_cython/_cygrpc/channel.pyx.pxi", line 435, in grpc._cython.cygrpc._watch_connectivity_state
ValueError: Cannot monitor channel state: Channel closed!
Exception in thread Thread-512 (_run):
Traceback (most recent call last):
  File "/root/miniforge3/envs/flwr/lib/python3.11/threading.py", line 1045, in _bootstrap_inner
    self.run()
  File "/root/miniforge3/envs/flwr/lib/python3.11/threading.py", line 982, in run
    self._target(*self._args, **self._kwargs)
  File "src/python/grpcio/grpc/_cython/_cygrpc/thread.pyx.pxi", line 53, in grpc._cython.cygrpc._run_with_context._run
  File "/root/miniforge3/envs/flwr/lib/python3.11/site-packages/grpc/_channel.py", line 1916, in _poll_connectivity
    event = channel.watch_connectivity_state(
            ^^^^^^^^^^^^^^^^^^^^^^^^^^^^^^^^^
  File "src/python/grpcio/grpc/_cython/_cygrpc/channel.pyx.pxi", line 561, in grpc._cython.cygrpc.Channel.watch_connectivity_state
  File "src/python/grpcio/grpc/_cython/_cygrpc/channel.pyx.pxi", line 427, in grpc._cython.cygrpc._watch_connectivity_state
  File "src/python/grpcio/grpc/_cython/_cygrpc/channel.pyx.pxi", line 435, in grpc._cython.cygrpc._watch_connectivity_state
ValueError: Cannot monitor channel state: Channel closed!
Exception in thread Thread-493 (_run):
Traceback (most recent call last):
  File "/root/miniforge3/envs/flwr/lib/python3.11/threading.py", line 1045, in _bootstrap_inner
    self.run()
  File "/root/miniforge3/envs/flwr/lib/python3.11/threading.py", line 982, in run
    self._target(*self._args, **self._kwargs)
  File "src/python/grpcio/grpc/_cython/_cygrpc/thread.pyx.pxi", line 53, in grpc._cython.cygrpc._run_with_context._run
  File "/root/miniforge3/envs/flwr/lib/python3.11/site-packages/grpc/_channel.py", line 1916, in _poll_connectivity
    event = channel.watch_connectivity_state(
            ^^^^^^^^^^^^^^^^^^^^^^^^^^^^^^^^^
  File "src/python/grpcio/grpc/_cython/_cygrpc/channel.pyx.pxi", line 561, in grpc._cython.cygrpc.Channel.watch_connectivity_state
  File "src/python/grpcio/grpc/_cython/_cygrpc/channel.pyx.pxi", line 427, in grpc._cython.cygrpc._watch_connectivity_state
  File "src/python/grpcio/grpc/_cython/_cygrpc/channel.pyx.pxi", line 435, in grpc._cython.cygrpc._watch_connectivity_state
ValueError: Cannot monitor channel state: Channel closed!
Exception in thread Thread-498 (_run):
Traceback (most recent call last):
  File "/root/miniforge3/envs/flwr/lib/python3.11/threading.py", line 1045, in _bootstrap_inner
    self.run()
  File "/root/miniforge3/envs/flwr/lib/python3.11/threading.py", line 982, in run
    self._target(*self._args, **self._kwargs)
  File "src/python/grpcio/grpc/_cython/_cygrpc/thread.pyx.pxi", line 53, in grpc._cython.cygrpc._run_with_context._run
  File "/root/miniforge3/envs/flwr/lib/python3.11/site-packages/grpc/_channel.py", line 1916, in _poll_connectivity
    event = channel.watch_connectivity_state(
            ^^^^^^^^^^^^^^^^^^^^^^^^^^^^^^^^^
  File "src/python/grpcio/grpc/_cython/_cygrpc/channel.pyx.pxi", line 561, in grpc._cython.cygrpc.Channel.watch_connectivity_state
  File "src/python/grpcio/grpc/_cython/_cygrpc/channel.pyx.pxi", line 427, in grpc._cython.cygrpc._watch_connectivity_state
  File "src/python/grpcio/grpc/_cython/_cygrpc/channel.pyx.pxi", line 435, in grpc._cython.cygrpc._watch_connectivity_state
ValueError: Cannot monitor channel state: Channel closed!
Exception in thread Thread-506 (_run):
Traceback (most recent call last):
  File "/root/miniforge3/envs/flwr/lib/python3.11/threading.py", line 1045, in _bootstrap_inner
    self.run()
  File "/root/miniforge3/envs/flwr/lib/python3.11/threading.py", line 982, in run
    self._target(*self._args, **self._kwargs)
  File "src/python/grpcio/grpc/_cython/_cygrpc/thread.pyx.pxi", line 53, in grpc._cython.cygrpc._run_with_context._run
  File "/root/miniforge3/envs/flwr/lib/python3.11/site-packages/grpc/_channel.py", line 1916, in _poll_connectivity
    event = channel.watch_connectivity_state(
            ^^^^^^^^^^^^^^^^^^^^^^^^^^^^^^^^^
  File "src/python/grpcio/grpc/_cython/_cygrpc/channel.pyx.pxi", line 561, in grpc._cython.cygrpc.Channel.watch_connectivity_state
  File "src/python/grpcio/grpc/_cython/_cygrpc/channel.pyx.pxi", line 427, in grpc._cython.cygrpc._watch_connectivity_state
  File "src/python/grpcio/grpc/_cython/_cygrpc/channel.pyx.pxi", line 435, in grpc._cython.cygrpc._watch_connectivity_state
ValueError: Cannot monitor channel state: Channel closed!
Exception in thread Thread-508 (_run):
Traceback (most recent call last):
  File "/root/miniforge3/envs/flwr/lib/python3.11/threading.py", line 1045, in _bootstrap_inner
    self.run()
  File "/root/miniforge3/envs/flwr/lib/python3.11/threading.py", line 982, in run
    self._target(*self._args, **self._kwargs)
  File "src/python/grpcio/grpc/_cython/_cygrpc/thread.pyx.pxi", line 53, in grpc._cython.cygrpc._run_with_context._run
  File "/root/miniforge3/envs/flwr/lib/python3.11/site-packages/grpc/_channel.py", line 1916, in _poll_connectivity
    event = channel.watch_connectivity_state(
            ^^^^^^^^^^^^^^^^^^^^^^^^^^^^^^^^^
  File "src/python/grpcio/grpc/_cython/_cygrpc/channel.pyx.pxi", line 561, in grpc._cython.cygrpc.Channel.watch_connectivity_state
  File "src/python/grpcio/grpc/_cython/_cygrpc/channel.pyx.pxi", line 427, in grpc._cython.cygrpc._watch_connectivity_state
  File "src/python/grpcio/grpc/_cython/_cygrpc/channel.pyx.pxi", line 435, in grpc._cython.cygrpc._watch_connectivity_state
ValueError: Cannot monitor channel state: Channel closed!
Exception in thread Thread-531 (_run):
Traceback (most recent call last):
  File "/root/miniforge3/envs/flwr/lib/python3.11/threading.py", line 1045, in _bootstrap_inner
    self.run()
  File "/root/miniforge3/envs/flwr/lib/python3.11/threading.py", line 982, in run
    self._target(*self._args, **self._kwargs)
  File "src/python/grpcio/grpc/_cython/_cygrpc/thread.pyx.pxi", line 53, in grpc._cython.cygrpc._run_with_context._run
  File "/root/miniforge3/envs/flwr/lib/python3.11/site-packages/grpc/_channel.py", line 1916, in _poll_connectivity
    event = channel.watch_connectivity_state(
            ^^^^^^^^^^^^^^^^^^^^^^^^^^^^^^^^^
  File "src/python/grpcio/grpc/_cython/_cygrpc/channel.pyx.pxi", line 561, in grpc._cython.cygrpc.Channel.watch_connectivity_state
  File "src/python/grpcio/grpc/_cython/_cygrpc/channel.pyx.pxi", line 427, in grpc._cython.cygrpc._watch_connectivity_state
  File "src/python/grpcio/grpc/_cython/_cygrpc/channel.pyx.pxi", line 435, in grpc._cython.cygrpc._watch_connectivity_state
ValueError: Cannot monitor channel state: Channel closed!
Exception in thread Thread-519 (_run):
Traceback (most recent call last):
  File "/root/miniforge3/envs/flwr/lib/python3.11/threading.py", line 1045, in _bootstrap_inner
    self.run()
  File "/root/miniforge3/envs/flwr/lib/python3.11/threading.py", line 982, in run
    self._target(*self._args, **self._kwargs)
  File "src/python/grpcio/grpc/_cython/_cygrpc/thread.pyx.pxi", line 53, in grpc._cython.cygrpc._run_with_context._run
  File "/root/miniforge3/envs/flwr/lib/python3.11/site-packages/grpc/_channel.py", line 1916, in _poll_connectivity
    event = channel.watch_connectivity_state(
            ^^^^^^^^^^^^^^^^^^^^^^^^^^^^^^^^^
  File "src/python/grpcio/grpc/_cython/_cygrpc/channel.pyx.pxi", line 561, in grpc._cython.cygrpc.Channel.watch_connectivity_state
  File "src/python/grpcio/grpc/_cython/_cygrpc/channel.pyx.pxi", line 427, in grpc._cython.cygrpc._watch_connectivity_state
  File "src/python/grpcio/grpc/_cython/_cygrpc/channel.pyx.pxi", line 435, in grpc._cython.cygrpc._watch_connectivity_state
ValueError: Cannot monitor channel state: Channel closed!
Exception in thread Thread-566 (_run):
Traceback (most recent call last):
  File "/root/miniforge3/envs/flwr/lib/python3.11/threading.py", line 1045, in _bootstrap_inner
    self.run()
  File "/root/miniforge3/envs/flwr/lib/python3.11/threading.py", line 982, in run
    self._target(*self._args, **self._kwargs)
  File "src/python/grpcio/grpc/_cython/_cygrpc/thread.pyx.pxi", line 53, in grpc._cython.cygrpc._run_with_context._run
  File "/root/miniforge3/envs/flwr/lib/python3.11/site-packages/grpc/_channel.py", line 1916, in _poll_connectivity
    event = channel.watch_connectivity_state(
            ^^^^^^^^^^^^^^^^^^^^^^^^^^^^^^^^^
  File "src/python/grpcio/grpc/_cython/_cygrpc/channel.pyx.pxi", line 561, in grpc._cython.cygrpc.Channel.watch_connectivity_state
  File "src/python/grpcio/grpc/_cython/_cygrpc/channel.pyx.pxi", line 427, in grpc._cython.cygrpc._watch_connectivity_state
  File "src/python/grpcio/grpc/_cython/_cygrpc/channel.pyx.pxi", line 435, in grpc._cython.cygrpc._watch_connectivity_state
ValueError: Cannot monitor channel state: Channel closed!
Exception in thread Thread-536 (_run):
Traceback (most recent call last):
  File "/root/miniforge3/envs/flwr/lib/python3.11/threading.py", line 1045, in _bootstrap_inner
    self.run()
  File "/root/miniforge3/envs/flwr/lib/python3.11/threading.py", line 982, in run
    self._target(*self._args, **self._kwargs)
  File "src/python/grpcio/grpc/_cython/_cygrpc/thread.pyx.pxi", line 53, in grpc._cython.cygrpc._run_with_context._run
  File "/root/miniforge3/envs/flwr/lib/python3.11/site-packages/grpc/_channel.py", line 1916, in _poll_connectivity
    event = channel.watch_connectivity_state(
            ^^^^^^^^^^^^^^^^^^^^^^^^^^^^^^^^^
  File "src/python/grpcio/grpc/_cython/_cygrpc/channel.pyx.pxi", line 561, in grpc._cython.cygrpc.Channel.watch_connectivity_state
  File "src/python/grpcio/grpc/_cython/_cygrpc/channel.pyx.pxi", line 427, in grpc._cython.cygrpc._watch_connectivity_state
  File "src/python/grpcio/grpc/_cython/_cygrpc/channel.pyx.pxi", line 435, in grpc._cython.cygrpc._watch_connectivity_state
ValueError: Cannot monitor channel state: Channel closed!
Exception in thread Thread-578 (_run):
Traceback (most recent call last):
  File "/root/miniforge3/envs/flwr/lib/python3.11/threading.py", line 1045, in _bootstrap_inner
    self.run()
  File "/root/miniforge3/envs/flwr/lib/python3.11/threading.py", line 982, in run
    self._target(*self._args, **self._kwargs)
  File "src/python/grpcio/grpc/_cython/_cygrpc/thread.pyx.pxi", line 53, in grpc._cython.cygrpc._run_with_context._run
  File "/root/miniforge3/envs/flwr/lib/python3.11/site-packages/grpc/_channel.py", line 1916, in _poll_connectivity
    event = channel.watch_connectivity_state(
            ^^^^^^^^^^^^^^^^^^^^^^^^^^^^^^^^^
  File "src/python/grpcio/grpc/_cython/_cygrpc/channel.pyx.pxi", line 561, in grpc._cython.cygrpc.Channel.watch_connectivity_state
  File "src/python/grpcio/grpc/_cython/_cygrpc/channel.pyx.pxi", line 427, in grpc._cython.cygrpc._watch_connectivity_state
  File "src/python/grpcio/grpc/_cython/_cygrpc/channel.pyx.pxi", line 435, in grpc._cython.cygrpc._watch_connectivity_state
ValueError: Cannot monitor channel state: Channel closed!
Exception in thread Thread-532 (_run):
Traceback (most recent call last):
  File "/root/miniforge3/envs/flwr/lib/python3.11/threading.py", line 1045, in _bootstrap_inner
    self.run()
  File "/root/miniforge3/envs/flwr/lib/python3.11/threading.py", line 982, in run
    self._target(*self._args, **self._kwargs)
  File "src/python/grpcio/grpc/_cython/_cygrpc/thread.pyx.pxi", line 53, in grpc._cython.cygrpc._run_with_context._run
  File "/root/miniforge3/envs/flwr/lib/python3.11/site-packages/grpc/_channel.py", line 1916, in _poll_connectivity
    event = channel.watch_connectivity_state(
            ^^^^^^^^^^^^^^^^^^^^^^^^^^^^^^^^^
  File "src/python/grpcio/grpc/_cython/_cygrpc/channel.pyx.pxi", line 561, in grpc._cython.cygrpc.Channel.watch_connectivity_state
  File "src/python/grpcio/grpc/_cython/_cygrpc/channel.pyx.pxi", line 427, in grpc._cython.cygrpc._watch_connectivity_state
  File "src/python/grpcio/grpc/_cython/_cygrpc/channel.pyx.pxi", line 435, in grpc._cython.cygrpc._watch_connectivity_state
ValueError: Cannot monitor channel state: Channel closed!
Exception in thread Thread-560 (_run):
Traceback (most recent call last):
  File "/root/miniforge3/envs/flwr/lib/python3.11/threading.py", line 1045, in _bootstrap_inner
    self.run()
  File "/root/miniforge3/envs/flwr/lib/python3.11/threading.py", line 982, in run
    self._target(*self._args, **self._kwargs)
  File "src/python/grpcio/grpc/_cython/_cygrpc/thread.pyx.pxi", line 53, in grpc._cython.cygrpc._run_with_context._run
  File "/root/miniforge3/envs/flwr/lib/python3.11/site-packages/grpc/_channel.py", line 1916, in _poll_connectivity
    event = channel.watch_connectivity_state(
            ^^^^^^^^^^^^^^^^^^^^^^^^^^^^^^^^^
  File "src/python/grpcio/grpc/_cython/_cygrpc/channel.pyx.pxi", line 561, in grpc._cython.cygrpc.Channel.watch_connectivity_state
  File "src/python/grpcio/grpc/_cython/_cygrpc/channel.pyx.pxi", line 427, in grpc._cython.cygrpc._watch_connectivity_state
  File "src/python/grpcio/grpc/_cython/_cygrpc/channel.pyx.pxi", line 435, in grpc._cython.cygrpc._watch_connectivity_state
ValueError: Cannot monitor channel state: Channel closed!
Exception in thread Thread-527 (_run):
Traceback (most recent call last):
  File "/root/miniforge3/envs/flwr/lib/python3.11/threading.py", line 1045, in _bootstrap_inner
    self.run()
  File "/root/miniforge3/envs/flwr/lib/python3.11/threading.py", line 982, in run
    self._target(*self._args, **self._kwargs)
  File "src/python/grpcio/grpc/_cython/_cygrpc/thread.pyx.pxi", line 53, in grpc._cython.cygrpc._run_with_context._run
  File "/root/miniforge3/envs/flwr/lib/python3.11/site-packages/grpc/_channel.py", line 1916, in _poll_connectivity
    event = channel.watch_connectivity_state(
            ^^^^^^^^^^^^^^^^^^^^^^^^^^^^^^^^^
  File "src/python/grpcio/grpc/_cython/_cygrpc/channel.pyx.pxi", line 561, in grpc._cython.cygrpc.Channel.watch_connectivity_state
  File "src/python/grpcio/grpc/_cython/_cygrpc/channel.pyx.pxi", line 427, in grpc._cython.cygrpc._watch_connectivity_state
  File "src/python/grpcio/grpc/_cython/_cygrpc/channel.pyx.pxi", line 435, in grpc._cython.cygrpc._watch_connectivity_state
ValueError: Cannot monitor channel state: Channel closed!
Exception in thread Thread-559 (_run):
Traceback (most recent call last):
  File "/root/miniforge3/envs/flwr/lib/python3.11/threading.py", line 1045, in _bootstrap_inner
    self.run()
  File "/root/miniforge3/envs/flwr/lib/python3.11/threading.py", line 982, in run
    self._target(*self._args, **self._kwargs)
  File "src/python/grpcio/grpc/_cython/_cygrpc/thread.pyx.pxi", line 53, in grpc._cython.cygrpc._run_with_context._run
  File "/root/miniforge3/envs/flwr/lib/python3.11/site-packages/grpc/_channel.py", line 1916, in _poll_connectivity
    event = channel.watch_connectivity_state(
            ^^^^^^^^^^^^^^^^^^^^^^^^^^^^^^^^^
  File "src/python/grpcio/grpc/_cython/_cygrpc/channel.pyx.pxi", line 561, in grpc._cython.cygrpc.Channel.watch_connectivity_state
  File "src/python/grpcio/grpc/_cython/_cygrpc/channel.pyx.pxi", line 427, in grpc._cython.cygrpc._watch_connectivity_state
  File "src/python/grpcio/grpc/_cython/_cygrpc/channel.pyx.pxi", line 435, in grpc._cython.cygrpc._watch_connectivity_state
ValueError: Cannot monitor channel state: Channel closed!
Exception in thread Thread-547 (_run):
Traceback (most recent call last):
  File "/root/miniforge3/envs/flwr/lib/python3.11/threading.py", line 1045, in _bootstrap_inner
    self.run()
  File "/root/miniforge3/envs/flwr/lib/python3.11/threading.py", line 982, in run
    self._target(*self._args, **self._kwargs)
  File "src/python/grpcio/grpc/_cython/_cygrpc/thread.pyx.pxi", line 53, in grpc._cython.cygrpc._run_with_context._run
  File "/root/miniforge3/envs/flwr/lib/python3.11/site-packages/grpc/_channel.py", line 1916, in _poll_connectivity
    event = channel.watch_connectivity_state(
            ^^^^^^^^^^^^^^^^^^^^^^^^^^^^^^^^^
  File "src/python/grpcio/grpc/_cython/_cygrpc/channel.pyx.pxi", line 561, in grpc._cython.cygrpc.Channel.watch_connectivity_state
  File "src/python/grpcio/grpc/_cython/_cygrpc/channel.pyx.pxi", line 427, in grpc._cython.cygrpc._watch_connectivity_state
  File "src/python/grpcio/grpc/_cython/_cygrpc/channel.pyx.pxi", line 435, in grpc._cython.cygrpc._watch_connectivity_state
ValueError: Cannot monitor channel state: Channel closed!
Exception in thread Thread-575 (_run):
Traceback (most recent call last):
  File "/root/miniforge3/envs/flwr/lib/python3.11/threading.py", line 1045, in _bootstrap_inner
    self.run()
  File "/root/miniforge3/envs/flwr/lib/python3.11/threading.py", line 982, in run
    self._target(*self._args, **self._kwargs)
  File "src/python/grpcio/grpc/_cython/_cygrpc/thread.pyx.pxi", line 53, in grpc._cython.cygrpc._run_with_context._run
  File "/root/miniforge3/envs/flwr/lib/python3.11/site-packages/grpc/_channel.py", line 1916, in _poll_connectivity
    event = channel.watch_connectivity_state(
            ^^^^^^^^^^^^^^^^^^^^^^^^^^^^^^^^^
  File "src/python/grpcio/grpc/_cython/_cygrpc/channel.pyx.pxi", line 561, in grpc._cython.cygrpc.Channel.watch_connectivity_state
  File "src/python/grpcio/grpc/_cython/_cygrpc/channel.pyx.pxi", line 427, in grpc._cython.cygrpc._watch_connectivity_state
  File "src/python/grpcio/grpc/_cython/_cygrpc/channel.pyx.pxi", line 435, in grpc._cython.cygrpc._watch_connectivity_state
ValueError: Cannot monitor channel state: Channel closed!
Exception in thread Thread-533 (_run):
Traceback (most recent call last):
  File "/root/miniforge3/envs/flwr/lib/python3.11/threading.py", line 1045, in _bootstrap_inner
    self.run()
  File "/root/miniforge3/envs/flwr/lib/python3.11/threading.py", line 982, in run
    self._target(*self._args, **self._kwargs)
  File "src/python/grpcio/grpc/_cython/_cygrpc/thread.pyx.pxi", line 53, in grpc._cython.cygrpc._run_with_context._run
  File "/root/miniforge3/envs/flwr/lib/python3.11/site-packages/grpc/_channel.py", line 1916, in _poll_connectivity
    event = channel.watch_connectivity_state(
            ^^^^^^^^^^^^^^^^^^^^^^^^^^^^^^^^^
  File "src/python/grpcio/grpc/_cython/_cygrpc/channel.pyx.pxi", line 561, in grpc._cython.cygrpc.Channel.watch_connectivity_state
  File "src/python/grpcio/grpc/_cython/_cygrpc/channel.pyx.pxi", line 427, in grpc._cython.cygrpc._watch_connectivity_state
  File "src/python/grpcio/grpc/_cython/_cygrpc/channel.pyx.pxi", line 435, in grpc._cython.cygrpc._watch_connectivity_state
ValueError: Cannot monitor channel state: Channel closed!
Exception in thread Thread-592 (_run):
Traceback (most recent call last):
  File "/root/miniforge3/envs/flwr/lib/python3.11/threading.py", line 1045, in _bootstrap_inner
    self.run()
  File "/root/miniforge3/envs/flwr/lib/python3.11/threading.py", line 982, in run
    self._target(*self._args, **self._kwargs)
  File "src/python/grpcio/grpc/_cython/_cygrpc/thread.pyx.pxi", line 53, in grpc._cython.cygrpc._run_with_context._run
  File "/root/miniforge3/envs/flwr/lib/python3.11/site-packages/grpc/_channel.py", line 1916, in _poll_connectivity
    event = channel.watch_connectivity_state(
            ^^^^^^^^^^^^^^^^^^^^^^^^^^^^^^^^^
  File "src/python/grpcio/grpc/_cython/_cygrpc/channel.pyx.pxi", line 561, in grpc._cython.cygrpc.Channel.watch_connectivity_state
  File "src/python/grpcio/grpc/_cython/_cygrpc/channel.pyx.pxi", line 427, in grpc._cython.cygrpc._watch_connectivity_state
  File "src/python/grpcio/grpc/_cython/_cygrpc/channel.pyx.pxi", line 435, in grpc._cython.cygrpc._watch_connectivity_state
ValueError: Cannot monitor channel state: Channel closed!
Exception in thread Thread-558 (_run):
Traceback (most recent call last):
  File "/root/miniforge3/envs/flwr/lib/python3.11/threading.py", line 1045, in _bootstrap_inner
    self.run()
  File "/root/miniforge3/envs/flwr/lib/python3.11/threading.py", line 982, in run
    self._target(*self._args, **self._kwargs)
  File "src/python/grpcio/grpc/_cython/_cygrpc/thread.pyx.pxi", line 53, in grpc._cython.cygrpc._run_with_context._run
  File "/root/miniforge3/envs/flwr/lib/python3.11/site-packages/grpc/_channel.py", line 1916, in _poll_connectivity
    event = channel.watch_connectivity_state(
            ^^^^^^^^^^^^^^^^^^^^^^^^^^^^^^^^^
  File "src/python/grpcio/grpc/_cython/_cygrpc/channel.pyx.pxi", line 561, in grpc._cython.cygrpc.Channel.watch_connectivity_state
  File "src/python/grpcio/grpc/_cython/_cygrpc/channel.pyx.pxi", line 427, in grpc._cython.cygrpc._watch_connectivity_state
  File "src/python/grpcio/grpc/_cython/_cygrpc/channel.pyx.pxi", line 435, in grpc._cython.cygrpc._watch_connectivity_state
ValueError: Cannot monitor channel state: Channel closed!
Exception in thread Thread-556 (_run):
Traceback (most recent call last):
  File "/root/miniforge3/envs/flwr/lib/python3.11/threading.py", line 1045, in _bootstrap_inner
    self.run()
  File "/root/miniforge3/envs/flwr/lib/python3.11/threading.py", line 982, in run
    self._target(*self._args, **self._kwargs)
  File "src/python/grpcio/grpc/_cython/_cygrpc/thread.pyx.pxi", line 53, in grpc._cython.cygrpc._run_with_context._run
  File "/root/miniforge3/envs/flwr/lib/python3.11/site-packages/grpc/_channel.py", line 1916, in _poll_connectivity
    event = channel.watch_connectivity_state(
            ^^^^^^^^^^^^^^^^^^^^^^^^^^^^^^^^^
  File "src/python/grpcio/grpc/_cython/_cygrpc/channel.pyx.pxi", line 561, in grpc._cython.cygrpc.Channel.watch_connectivity_state
  File "src/python/grpcio/grpc/_cython/_cygrpc/channel.pyx.pxi", line 427, in grpc._cython.cygrpc._watch_connectivity_state
  File "src/python/grpcio/grpc/_cython/_cygrpc/channel.pyx.pxi", line 435, in grpc._cython.cygrpc._watch_connectivity_state
ValueError: Cannot monitor channel state: Channel closed!
Exception in thread Thread-568 (_run):
Traceback (most recent call last):
  File "/root/miniforge3/envs/flwr/lib/python3.11/threading.py", line 1045, in _bootstrap_inner
    self.run()
  File "/root/miniforge3/envs/flwr/lib/python3.11/threading.py", line 982, in run
    self._target(*self._args, **self._kwargs)
  File "src/python/grpcio/grpc/_cython/_cygrpc/thread.pyx.pxi", line 53, in grpc._cython.cygrpc._run_with_context._run
  File "/root/miniforge3/envs/flwr/lib/python3.11/site-packages/grpc/_channel.py", line 1916, in _poll_connectivity
    event = channel.watch_connectivity_state(
            ^^^^^^^^^^^^^^^^^^^^^^^^^^^^^^^^^
  File "src/python/grpcio/grpc/_cython/_cygrpc/channel.pyx.pxi", line 561, in grpc._cython.cygrpc.Channel.watch_connectivity_state
  File "src/python/grpcio/grpc/_cython/_cygrpc/channel.pyx.pxi", line 427, in grpc._cython.cygrpc._watch_connectivity_state
  File "src/python/grpcio/grpc/_cython/_cygrpc/channel.pyx.pxi", line 435, in grpc._cython.cygrpc._watch_connectivity_state
ValueError: Cannot monitor channel state: Channel closed!
Exception in thread Thread-561 (_run):
Traceback (most recent call last):
  File "/root/miniforge3/envs/flwr/lib/python3.11/threading.py", line 1045, in _bootstrap_inner
    self.run()
  File "/root/miniforge3/envs/flwr/lib/python3.11/threading.py", line 982, in run
    self._target(*self._args, **self._kwargs)
  File "src/python/grpcio/grpc/_cython/_cygrpc/thread.pyx.pxi", line 53, in grpc._cython.cygrpc._run_with_context._run
  File "/root/miniforge3/envs/flwr/lib/python3.11/site-packages/grpc/_channel.py", line 1916, in _poll_connectivity
    event = channel.watch_connectivity_state(
            ^^^^^^^^^^^^^^^^^^^^^^^^^^^^^^^^^
  File "src/python/grpcio/grpc/_cython/_cygrpc/channel.pyx.pxi", line 561, in grpc._cython.cygrpc.Channel.watch_connectivity_state
  File "src/python/grpcio/grpc/_cython/_cygrpc/channel.pyx.pxi", line 427, in grpc._cython.cygrpc._watch_connectivity_state
  File "src/python/grpcio/grpc/_cython/_cygrpc/channel.pyx.pxi", line 435, in grpc._cython.cygrpc._watch_connectivity_state
ValueError: Cannot monitor channel state: Channel closed!
Exception in thread Thread-596 (_run):
Traceback (most recent call last):
  File "/root/miniforge3/envs/flwr/lib/python3.11/threading.py", line 1045, in _bootstrap_inner
    self.run()
  File "/root/miniforge3/envs/flwr/lib/python3.11/threading.py", line 982, in run
    self._target(*self._args, **self._kwargs)
  File "src/python/grpcio/grpc/_cython/_cygrpc/thread.pyx.pxi", line 53, in grpc._cython.cygrpc._run_with_context._run
  File "/root/miniforge3/envs/flwr/lib/python3.11/site-packages/grpc/_channel.py", line 1916, in _poll_connectivity
    event = channel.watch_connectivity_state(
            ^^^^^^^^^^^^^^^^^^^^^^^^^^^^^^^^^
  File "src/python/grpcio/grpc/_cython/_cygrpc/channel.pyx.pxi", line 561, in grpc._cython.cygrpc.Channel.watch_connectivity_state
  File "src/python/grpcio/grpc/_cython/_cygrpc/channel.pyx.pxi", line 427, in grpc._cython.cygrpc._watch_connectivity_state
  File "src/python/grpcio/grpc/_cython/_cygrpc/channel.pyx.pxi", line 435, in grpc._cython.cygrpc._watch_connectivity_state
ValueError: Cannot monitor channel state: Channel closed!
Exception in thread Thread-572 (_run):
Traceback (most recent call last):
  File "/root/miniforge3/envs/flwr/lib/python3.11/threading.py", line 1045, in _bootstrap_inner
    self.run()
  File "/root/miniforge3/envs/flwr/lib/python3.11/threading.py", line 982, in run
    self._target(*self._args, **self._kwargs)
  File "src/python/grpcio/grpc/_cython/_cygrpc/thread.pyx.pxi", line 53, in grpc._cython.cygrpc._run_with_context._run
  File "/root/miniforge3/envs/flwr/lib/python3.11/site-packages/grpc/_channel.py", line 1916, in _poll_connectivity
    event = channel.watch_connectivity_state(
            ^^^^^^^^^^^^^^^^^^^^^^^^^^^^^^^^^
  File "src/python/grpcio/grpc/_cython/_cygrpc/channel.pyx.pxi", line 561, in grpc._cython.cygrpc.Channel.watch_connectivity_state
  File "src/python/grpcio/grpc/_cython/_cygrpc/channel.pyx.pxi", line 427, in grpc._cython.cygrpc._watch_connectivity_state
  File "src/python/grpcio/grpc/_cython/_cygrpc/channel.pyx.pxi", line 435, in grpc._cython.cygrpc._watch_connectivity_state
ValueError: Cannot monitor channel state: Channel closed!
Exception in thread Thread-615 (_run):
Traceback (most recent call last):
  File "/root/miniforge3/envs/flwr/lib/python3.11/threading.py", line 1045, in _bootstrap_inner
    self.run()
  File "/root/miniforge3/envs/flwr/lib/python3.11/threading.py", line 982, in run
    self._target(*self._args, **self._kwargs)
  File "src/python/grpcio/grpc/_cython/_cygrpc/thread.pyx.pxi", line 53, in grpc._cython.cygrpc._run_with_context._run
  File "/root/miniforge3/envs/flwr/lib/python3.11/site-packages/grpc/_channel.py", line 1916, in _poll_connectivity
    event = channel.watch_connectivity_state(
            ^^^^^^^^^^^^^^^^^^^^^^^^^^^^^^^^^
  File "src/python/grpcio/grpc/_cython/_cygrpc/channel.pyx.pxi", line 561, in grpc._cython.cygrpc.Channel.watch_connectivity_state
  File "src/python/grpcio/grpc/_cython/_cygrpc/channel.pyx.pxi", line 427, in grpc._cython.cygrpc._watch_connectivity_state
  File "src/python/grpcio/grpc/_cython/_cygrpc/channel.pyx.pxi", line 435, in grpc._cython.cygrpc._watch_connectivity_state
ValueError: Cannot monitor channel state: Channel closed!
Exception in thread Thread-589 (_run):
Traceback (most recent call last):
  File "/root/miniforge3/envs/flwr/lib/python3.11/threading.py", line 1045, in _bootstrap_inner
    self.run()
  File "/root/miniforge3/envs/flwr/lib/python3.11/threading.py", line 982, in run
    self._target(*self._args, **self._kwargs)
  File "src/python/grpcio/grpc/_cython/_cygrpc/thread.pyx.pxi", line 53, in grpc._cython.cygrpc._run_with_context._run
  File "/root/miniforge3/envs/flwr/lib/python3.11/site-packages/grpc/_channel.py", line 1916, in _poll_connectivity
    event = channel.watch_connectivity_state(
            ^^^^^^^^^^^^^^^^^^^^^^^^^^^^^^^^^
  File "src/python/grpcio/grpc/_cython/_cygrpc/channel.pyx.pxi", line 561, in grpc._cython.cygrpc.Channel.watch_connectivity_state
  File "src/python/grpcio/grpc/_cython/_cygrpc/channel.pyx.pxi", line 427, in grpc._cython.cygrpc._watch_connectivity_state
  File "src/python/grpcio/grpc/_cython/_cygrpc/channel.pyx.pxi", line 435, in grpc._cython.cygrpc._watch_connectivity_state
ValueError: Cannot monitor channel state: Channel closed!
Exception in thread Thread-617 (_run):
Traceback (most recent call last):
  File "/root/miniforge3/envs/flwr/lib/python3.11/threading.py", line 1045, in _bootstrap_inner
    self.run()
  File "/root/miniforge3/envs/flwr/lib/python3.11/threading.py", line 982, in run
    self._target(*self._args, **self._kwargs)
  File "src/python/grpcio/grpc/_cython/_cygrpc/thread.pyx.pxi", line 53, in grpc._cython.cygrpc._run_with_context._run
  File "/root/miniforge3/envs/flwr/lib/python3.11/site-packages/grpc/_channel.py", line 1916, in _poll_connectivity
    event = channel.watch_connectivity_state(
            ^^^^^^^^^^^^^^^^^^^^^^^^^^^^^^^^^
  File "src/python/grpcio/grpc/_cython/_cygrpc/channel.pyx.pxi", line 561, in grpc._cython.cygrpc.Channel.watch_connectivity_state
  File "src/python/grpcio/grpc/_cython/_cygrpc/channel.pyx.pxi", line 427, in grpc._cython.cygrpc._watch_connectivity_state
  File "src/python/grpcio/grpc/_cython/_cygrpc/channel.pyx.pxi", line 435, in grpc._cython.cygrpc._watch_connectivity_state
ValueError: Cannot monitor channel state: Channel closed!
Exception in thread Thread-581 (_run):
Traceback (most recent call last):
  File "/root/miniforge3/envs/flwr/lib/python3.11/threading.py", line 1045, in _bootstrap_inner
    self.run()
  File "/root/miniforge3/envs/flwr/lib/python3.11/threading.py", line 982, in run
    self._target(*self._args, **self._kwargs)
  File "src/python/grpcio/grpc/_cython/_cygrpc/thread.pyx.pxi", line 53, in grpc._cython.cygrpc._run_with_context._run
  File "/root/miniforge3/envs/flwr/lib/python3.11/site-packages/grpc/_channel.py", line 1916, in _poll_connectivity
    event = channel.watch_connectivity_state(
            ^^^^^^^^^^^^^^^^^^^^^^^^^^^^^^^^^
  File "src/python/grpcio/grpc/_cython/_cygrpc/channel.pyx.pxi", line 561, in grpc._cython.cygrpc.Channel.watch_connectivity_state
  File "src/python/grpcio/grpc/_cython/_cygrpc/channel.pyx.pxi", line 427, in grpc._cython.cygrpc._watch_connectivity_state
  File "src/python/grpcio/grpc/_cython/_cygrpc/channel.pyx.pxi", line 435, in grpc._cython.cygrpc._watch_connectivity_state
ValueError: Cannot monitor channel state: Channel closed!
Exception in thread Thread-623 (_run):
Traceback (most recent call last):
  File "/root/miniforge3/envs/flwr/lib/python3.11/threading.py", line 1045, in _bootstrap_inner
    self.run()
  File "/root/miniforge3/envs/flwr/lib/python3.11/threading.py", line 982, in run
    self._target(*self._args, **self._kwargs)
  File "src/python/grpcio/grpc/_cython/_cygrpc/thread.pyx.pxi", line 53, in grpc._cython.cygrpc._run_with_context._run
  File "/root/miniforge3/envs/flwr/lib/python3.11/site-packages/grpc/_channel.py", line 1916, in _poll_connectivity
    event = channel.watch_connectivity_state(
            ^^^^^^^^^^^^^^^^^^^^^^^^^^^^^^^^^
  File "src/python/grpcio/grpc/_cython/_cygrpc/channel.pyx.pxi", line 561, in grpc._cython.cygrpc.Channel.watch_connectivity_state
  File "src/python/grpcio/grpc/_cython/_cygrpc/channel.pyx.pxi", line 427, in grpc._cython.cygrpc._watch_connectivity_state
  File "src/python/grpcio/grpc/_cython/_cygrpc/channel.pyx.pxi", line 435, in grpc._cython.cygrpc._watch_connectivity_state
ValueError: Cannot monitor channel state: Channel closed!
Using the latest cached version of the dataset since fashion_mnist couldn't be found on the Hugging Face Hub
Found the latest cached dataset configuration 'fashion_mnist' at /root/.cache/huggingface/datasets/fashion_mnist/fashion_mnist/0.0.0/531be5e2ccc9dba0c201ad3ae567a4f3d16ecdd2 (last modified on Tue Feb 24 13:59:21 2026).
Using the latest cached version of the dataset since fashion_mnist couldn't be found on the Hugging Face Hub
Found the latest cached dataset configuration 'fashion_mnist' at /root/.cache/huggingface/datasets/fashion_mnist/fashion_mnist/0.0.0/531be5e2ccc9dba0c201ad3ae567a4f3d16ecdd2 (last modified on Tue Feb 24 13:59:21 2026).
Using the latest cached version of the dataset since fashion_mnist couldn't be found on the Hugging Face Hub
Found the latest cached dataset configuration 'fashion_mnist' at /root/.cache/huggingface/datasets/fashion_mnist/fashion_mnist/0.0.0/531be5e2ccc9dba0c201ad3ae567a4f3d16ecdd2 (last modified on Tue Feb 24 13:59:21 2026).
Using the latest cached version of the dataset since fashion_mnist couldn't be found on the Hugging Face Hub
Found the latest cached dataset configuration 'fashion_mnist' at /root/.cache/huggingface/datasets/fashion_mnist/fashion_mnist/0.0.0/531be5e2ccc9dba0c201ad3ae567a4f3d16ecdd2 (last modified on Tue Feb 24 13:59:21 2026).
Using the latest cached version of the dataset since fashion_mnist couldn't be found on the Hugging Face Hub
Found the latest cached dataset configuration 'fashion_mnist' at /root/.cache/huggingface/datasets/fashion_mnist/fashion_mnist/0.0.0/531be5e2ccc9dba0c201ad3ae567a4f3d16ecdd2 (last modified on Tue Feb 24 13:59:21 2026).
Using the latest cached version of the dataset since fashion_mnist couldn't be found on the Hugging Face Hub
Found the latest cached dataset configuration 'fashion_mnist' at /root/.cache/huggingface/datasets/fashion_mnist/fashion_mnist/0.0.0/531be5e2ccc9dba0c201ad3ae567a4f3d16ecdd2 (last modified on Tue Feb 24 13:59:21 2026).
Using the latest cached version of the dataset since fashion_mnist couldn't be found on the Hugging Face Hub
Found the latest cached dataset configuration 'fashion_mnist' at /root/.cache/huggingface/datasets/fashion_mnist/fashion_mnist/0.0.0/531be5e2ccc9dba0c201ad3ae567a4f3d16ecdd2 (last modified on Tue Feb 24 13:59:21 2026).
Using the latest cached version of the dataset since fashion_mnist couldn't be found on the Hugging Face Hub
Found the latest cached dataset configuration 'fashion_mnist' at /root/.cache/huggingface/datasets/fashion_mnist/fashion_mnist/0.0.0/531be5e2ccc9dba0c201ad3ae567a4f3d16ecdd2 (last modified on Tue Feb 24 13:59:21 2026).
Exception in thread Thread-624 (_run):
Traceback (most recent call last):
  File "/root/miniforge3/envs/flwr/lib/python3.11/threading.py", line 1045, in _bootstrap_inner
    self.run()
  File "/root/miniforge3/envs/flwr/lib/python3.11/threading.py", line 982, in run
    self._target(*self._args, **self._kwargs)
  File "src/python/grpcio/grpc/_cython/_cygrpc/thread.pyx.pxi", line 53, in grpc._cython.cygrpc._run_with_context._run
  File "/root/miniforge3/envs/flwr/lib/python3.11/site-packages/grpc/_channel.py", line 1916, in _poll_connectivity
    event = channel.watch_connectivity_state(
            ^^^^^^^^^^^^^^^^^^^^^^^^^^^^^^^^^
  File "src/python/grpcio/grpc/_cython/_cygrpc/channel.pyx.pxi", line 561, in grpc._cython.cygrpc.Channel.watch_connectivity_state
  File "src/python/grpcio/grpc/_cython/_cygrpc/channel.pyx.pxi", line 427, in grpc._cython.cygrpc._watch_connectivity_state
  File "src/python/grpcio/grpc/_cython/_cygrpc/channel.pyx.pxi", line 435, in grpc._cython.cygrpc._watch_connectivity_state
ValueError: Cannot monitor channel state: Channel closed!
Exception in thread Thread-606 (_run):
Traceback (most recent call last):
  File "/root/miniforge3/envs/flwr/lib/python3.11/threading.py", line 1045, in _bootstrap_inner
    self.run()
  File "/root/miniforge3/envs/flwr/lib/python3.11/threading.py", line 982, in run
    self._target(*self._args, **self._kwargs)
  File "src/python/grpcio/grpc/_cython/_cygrpc/thread.pyx.pxi", line 53, in grpc._cython.cygrpc._run_with_context._run
  File "/root/miniforge3/envs/flwr/lib/python3.11/site-packages/grpc/_channel.py", line 1916, in _poll_connectivity
    event = channel.watch_connectivity_state(
            ^^^^^^^^^^^^^^^^^^^^^^^^^^^^^^^^^
  File "src/python/grpcio/grpc/_cython/_cygrpc/channel.pyx.pxi", line 561, in grpc._cython.cygrpc.Channel.watch_connectivity_state
  File "src/python/grpcio/grpc/_cython/_cygrpc/channel.pyx.pxi", line 427, in grpc._cython.cygrpc._watch_connectivity_state
  File "src/python/grpcio/grpc/_cython/_cygrpc/channel.pyx.pxi", line 435, in grpc._cython.cygrpc._watch_connectivity_state
ValueError: Cannot monitor channel state: Channel closed!
Exception in thread Thread-591 (_run):
Traceback (most recent call last):
  File "/root/miniforge3/envs/flwr/lib/python3.11/threading.py", line 1045, in _bootstrap_inner
    self.run()
  File "/root/miniforge3/envs/flwr/lib/python3.11/threading.py", line 982, in run
    self._target(*self._args, **self._kwargs)
  File "src/python/grpcio/grpc/_cython/_cygrpc/thread.pyx.pxi", line 53, in grpc._cython.cygrpc._run_with_context._run
  File "/root/miniforge3/envs/flwr/lib/python3.11/site-packages/grpc/_channel.py", line 1916, in _poll_connectivity
    event = channel.watch_connectivity_state(
            ^^^^^^^^^^^^^^^^^^^^^^^^^^^^^^^^^
  File "src/python/grpcio/grpc/_cython/_cygrpc/channel.pyx.pxi", line 561, in grpc._cython.cygrpc.Channel.watch_connectivity_state
  File "src/python/grpcio/grpc/_cython/_cygrpc/channel.pyx.pxi", line 427, in grpc._cython.cygrpc._watch_connectivity_state
  File "src/python/grpcio/grpc/_cython/_cygrpc/channel.pyx.pxi", line 435, in grpc._cython.cygrpc._watch_connectivity_state
ValueError: Cannot monitor channel state: Channel closed!
Using the latest cached version of the dataset since fashion_mnist couldn't be found on the Hugging Face Hub
Found the latest cached dataset configuration 'fashion_mnist' at /root/.cache/huggingface/datasets/fashion_mnist/fashion_mnist/0.0.0/531be5e2ccc9dba0c201ad3ae567a4f3d16ecdd2 (last modified on Tue Feb 24 13:59:21 2026).
Using the latest cached version of the dataset since fashion_mnist couldn't be found on the Hugging Face Hub
Found the latest cached dataset configuration 'fashion_mnist' at /root/.cache/huggingface/datasets/fashion_mnist/fashion_mnist/0.0.0/531be5e2ccc9dba0c201ad3ae567a4f3d16ecdd2 (last modified on Tue Feb 24 13:59:21 2026).
Using the latest cached version of the dataset since fashion_mnist couldn't be found on the Hugging Face Hub
Found the latest cached dataset configuration 'fashion_mnist' at /root/.cache/huggingface/datasets/fashion_mnist/fashion_mnist/0.0.0/531be5e2ccc9dba0c201ad3ae567a4f3d16ecdd2 (last modified on Tue Feb 24 13:59:21 2026).
Using the latest cached version of the dataset since fashion_mnist couldn't be found on the Hugging Face Hub
Found the latest cached dataset configuration 'fashion_mnist' at /root/.cache/huggingface/datasets/fashion_mnist/fashion_mnist/0.0.0/531be5e2ccc9dba0c201ad3ae567a4f3d16ecdd2 (last modified on Tue Feb 24 13:59:21 2026).
Using the latest cached version of the dataset since fashion_mnist couldn't be found on the Hugging Face Hub
Found the latest cached dataset configuration 'fashion_mnist' at /root/.cache/huggingface/datasets/fashion_mnist/fashion_mnist/0.0.0/531be5e2ccc9dba0c201ad3ae567a4f3d16ecdd2 (last modified on Tue Feb 24 13:59:21 2026).
Using the latest cached version of the dataset since fashion_mnist couldn't be found on the Hugging Face Hub
Found the latest cached dataset configuration 'fashion_mnist' at /root/.cache/huggingface/datasets/fashion_mnist/fashion_mnist/0.0.0/531be5e2ccc9dba0c201ad3ae567a4f3d16ecdd2 (last modified on Tue Feb 24 13:59:21 2026).
Using the latest cached version of the dataset since fashion_mnist couldn't be found on the Hugging Face Hub
Found the latest cached dataset configuration 'fashion_mnist' at /root/.cache/huggingface/datasets/fashion_mnist/fashion_mnist/0.0.0/531be5e2ccc9dba0c201ad3ae567a4f3d16ecdd2 (last modified on Tue Feb 24 13:59:21 2026).
Using the latest cached version of the dataset since fashion_mnist couldn't be found on the Hugging Face Hub
Found the latest cached dataset configuration 'fashion_mnist' at /root/.cache/huggingface/datasets/fashion_mnist/fashion_mnist/0.0.0/531be5e2ccc9dba0c201ad3ae567a4f3d16ecdd2 (last modified on Tue Feb 24 13:59:21 2026).
Using the latest cached version of the dataset since fashion_mnist couldn't be found on the Hugging Face Hub
Found the latest cached dataset configuration 'fashion_mnist' at /root/.cache/huggingface/datasets/fashion_mnist/fashion_mnist/0.0.0/531be5e2ccc9dba0c201ad3ae567a4f3d16ecdd2 (last modified on Tue Feb 24 13:59:21 2026).
Using the latest cached version of the dataset since fashion_mnist couldn't be found on the Hugging Face Hub
Found the latest cached dataset configuration 'fashion_mnist' at /root/.cache/huggingface/datasets/fashion_mnist/fashion_mnist/0.0.0/531be5e2ccc9dba0c201ad3ae567a4f3d16ecdd2 (last modified on Tue Feb 24 13:59:21 2026).
Exception in thread Thread-626 (_run):
Traceback (most recent call last):
  File "/root/miniforge3/envs/flwr/lib/python3.11/threading.py", line 1045, in _bootstrap_inner
Exception in thread Thread-615 (_run):
Traceback (most recent call last):
  File "/root/miniforge3/envs/flwr/lib/python3.11/threading.py", line 1045, in _bootstrap_inner
    self.run()
  File "/root/miniforge3/envs/flwr/lib/python3.11/threading.py", line 982, in run
    self.run()
  File "/root/miniforge3/envs/flwr/lib/python3.11/threading.py", line 982, in run
    self._target(*self._args, **self._kwargs)
  File "src/python/grpcio/grpc/_cython/_cygrpc/thread.pyx.pxi", line 53, in grpc._cython.cygrpc._run_with_context._run
    self._target(*self._args, **self._kwargs)
  File "src/python/grpcio/grpc/_cython/_cygrpc/thread.pyx.pxi", line 53, in grpc._cython.cygrpc._run_with_context._run
  File "/root/miniforge3/envs/flwr/lib/python3.11/site-packages/grpc/_channel.py", line 1916, in _poll_connectivity
  File "/root/miniforge3/envs/flwr/lib/python3.11/site-packages/grpc/_channel.py", line 1916, in _poll_connectivity
    event = channel.watch_connectivity_state(
    event = channel.watch_connectivity_state(
            ^^^^^^^^^^^^^^^^^^^^^^^^^^^^^^^^^
  File "src/python/grpcio/grpc/_cython/_cygrpc/channel.pyx.pxi", line 561, in grpc._cython.cygrpc.Channel.watch_connectivity_state
            ^^^^^^^^^^^^^^^^^^^^^^^^^^^^^^^^^
  File "src/python/grpcio/grpc/_cython/_cygrpc/channel.pyx.pxi", line 561, in grpc._cython.cygrpc.Channel.watch_connectivity_state
  File "src/python/grpcio/grpc/_cython/_cygrpc/channel.pyx.pxi", line 427, in grpc._cython.cygrpc._watch_connectivity_state
  File "src/python/grpcio/grpc/_cython/_cygrpc/channel.pyx.pxi", line 427, in grpc._cython.cygrpc._watch_connectivity_state
  File "src/python/grpcio/grpc/_cython/_cygrpc/channel.pyx.pxi", line 435, in grpc._cython.cygrpc._watch_connectivity_state
  File "src/python/grpcio/grpc/_cython/_cygrpc/channel.pyx.pxi", line 435, in grpc._cython.cygrpc._watch_connectivity_state
ValueError: Cannot monitor channel state: Channel closed!
ValueError: Cannot monitor channel state: Channel closed!
Exception in thread Thread-661 (_run):
Traceback (most recent call last):
  File "/root/miniforge3/envs/flwr/lib/python3.11/threading.py", line 1045, in _bootstrap_inner
    self.run()
  File "/root/miniforge3/envs/flwr/lib/python3.11/threading.py", line 982, in run
    self._target(*self._args, **self._kwargs)
  File "src/python/grpcio/grpc/_cython/_cygrpc/thread.pyx.pxi", line 53, in grpc._cython.cygrpc._run_with_context._run
  File "/root/miniforge3/envs/flwr/lib/python3.11/site-packages/grpc/_channel.py", line 1916, in _poll_connectivity
    event = channel.watch_connectivity_state(
            ^^^^^^^^^^^^^^^^^^^^^^^^^^^^^^^^^
  File "src/python/grpcio/grpc/_cython/_cygrpc/channel.pyx.pxi", line 561, in grpc._cython.cygrpc.Channel.watch_connectivity_state
  File "src/python/grpcio/grpc/_cython/_cygrpc/channel.pyx.pxi", line 427, in grpc._cython.cygrpc._watch_connectivity_state
  File "src/python/grpcio/grpc/_cython/_cygrpc/channel.pyx.pxi", line 435, in grpc._cython.cygrpc._watch_connectivity_state
ValueError: Cannot monitor channel state: Channel closed!
Exception in thread Thread-598 (_run):
Traceback (most recent call last):
  File "/root/miniforge3/envs/flwr/lib/python3.11/threading.py", line 1045, in _bootstrap_inner
    self.run()
  File "/root/miniforge3/envs/flwr/lib/python3.11/threading.py", line 982, in run
    self._target(*self._args, **self._kwargs)
  File "src/python/grpcio/grpc/_cython/_cygrpc/thread.pyx.pxi", line 53, in grpc._cython.cygrpc._run_with_context._run
  File "/root/miniforge3/envs/flwr/lib/python3.11/site-packages/grpc/_channel.py", line 1916, in _poll_connectivity
    event = channel.watch_connectivity_state(
            ^^^^^^^^^^^^^^^^^^^^^^^^^^^^^^^^^
  File "src/python/grpcio/grpc/_cython/_cygrpc/channel.pyx.pxi", line 561, in grpc._cython.cygrpc.Channel.watch_connectivity_state
  File "src/python/grpcio/grpc/_cython/_cygrpc/channel.pyx.pxi", line 427, in grpc._cython.cygrpc._watch_connectivity_state
  File "src/python/grpcio/grpc/_cython/_cygrpc/channel.pyx.pxi", line 435, in grpc._cython.cygrpc._watch_connectivity_state
ValueError: Cannot monitor channel state: Channel closed!
Exception in thread Thread-613 (_run):
Traceback (most recent call last):
  File "/root/miniforge3/envs/flwr/lib/python3.11/threading.py", line 1045, in _bootstrap_inner
    self.run()
  File "/root/miniforge3/envs/flwr/lib/python3.11/threading.py", line 982, in run
    self._target(*self._args, **self._kwargs)
  File "src/python/grpcio/grpc/_cython/_cygrpc/thread.pyx.pxi", line 53, in grpc._cython.cygrpc._run_with_context._run
  File "/root/miniforge3/envs/flwr/lib/python3.11/site-packages/grpc/_channel.py", line 1916, in _poll_connectivity
    event = channel.watch_connectivity_state(
            ^^^^^^^^^^^^^^^^^^^^^^^^^^^^^^^^^
  File "src/python/grpcio/grpc/_cython/_cygrpc/channel.pyx.pxi", line 561, in grpc._cython.cygrpc.Channel.watch_connectivity_state
  File "src/python/grpcio/grpc/_cython/_cygrpc/channel.pyx.pxi", line 427, in grpc._cython.cygrpc._watch_connectivity_state
  File "src/python/grpcio/grpc/_cython/_cygrpc/channel.pyx.pxi", line 435, in grpc._cython.cygrpc._watch_connectivity_state
ValueError: Cannot monitor channel state: Channel closed!
Exception in thread Thread-636 (_run):
Traceback (most recent call last):
  File "/root/miniforge3/envs/flwr/lib/python3.11/threading.py", line 1045, in _bootstrap_inner
    self.run()
  File "/root/miniforge3/envs/flwr/lib/python3.11/threading.py", line 982, in run
    self._target(*self._args, **self._kwargs)
  File "src/python/grpcio/grpc/_cython/_cygrpc/thread.pyx.pxi", line 53, in grpc._cython.cygrpc._run_with_context._run
  File "/root/miniforge3/envs/flwr/lib/python3.11/site-packages/grpc/_channel.py", line 1916, in _poll_connectivity
    event = channel.watch_connectivity_state(
            ^^^^^^^^^^^^^^^^^^^^^^^^^^^^^^^^^
  File "src/python/grpcio/grpc/_cython/_cygrpc/channel.pyx.pxi", line 561, in grpc._cython.cygrpc.Channel.watch_connectivity_state
  File "src/python/grpcio/grpc/_cython/_cygrpc/channel.pyx.pxi", line 427, in grpc._cython.cygrpc._watch_connectivity_state
  File "src/python/grpcio/grpc/_cython/_cygrpc/channel.pyx.pxi", line 435, in grpc._cython.cygrpc._watch_connectivity_state
ValueError: Cannot monitor channel state: Channel closed!
Exception in thread Thread-643 (_run):
Traceback (most recent call last):
  File "/root/miniforge3/envs/flwr/lib/python3.11/threading.py", line 1045, in _bootstrap_inner
Exception in thread Thread-632 (_run):
Traceback (most recent call last):
  File "/root/miniforge3/envs/flwr/lib/python3.11/threading.py", line 1045, in _bootstrap_inner
    self.run()
    self.run()
  File "/root/miniforge3/envs/flwr/lib/python3.11/threading.py", line 982, in run
  File "/root/miniforge3/envs/flwr/lib/python3.11/threading.py", line 982, in run
    self._target(*self._args, **self._kwargs)
  File "src/python/grpcio/grpc/_cython/_cygrpc/thread.pyx.pxi", line 53, in grpc._cython.cygrpc._run_with_context._run
    self._target(*self._args, **self._kwargs)
  File "src/python/grpcio/grpc/_cython/_cygrpc/thread.pyx.pxi", line 53, in grpc._cython.cygrpc._run_with_context._run
  File "/root/miniforge3/envs/flwr/lib/python3.11/site-packages/grpc/_channel.py", line 1916, in _poll_connectivity
  File "/root/miniforge3/envs/flwr/lib/python3.11/site-packages/grpc/_channel.py", line 1916, in _poll_connectivity
    event = channel.watch_connectivity_state(
            ^^^^^^^^^^^^^^^^^^^^^^^^^^^^^^^^^
  File "src/python/grpcio/grpc/_cython/_cygrpc/channel.pyx.pxi", line 561, in grpc._cython.cygrpc.Channel.watch_connectivity_state
    event = channel.watch_connectivity_state(
            ^^^^^^^^^^^^^^^^^^^^^^^^^^^^^^^^^
  File "src/python/grpcio/grpc/_cython/_cygrpc/channel.pyx.pxi", line 561, in grpc._cython.cygrpc.Channel.watch_connectivity_state
  File "src/python/grpcio/grpc/_cython/_cygrpc/channel.pyx.pxi", line 427, in grpc._cython.cygrpc._watch_connectivity_state
  File "src/python/grpcio/grpc/_cython/_cygrpc/channel.pyx.pxi", line 427, in grpc._cython.cygrpc._watch_connectivity_state
  File "src/python/grpcio/grpc/_cython/_cygrpc/channel.pyx.pxi", line 435, in grpc._cython.cygrpc._watch_connectivity_state
  File "src/python/grpcio/grpc/_cython/_cygrpc/channel.pyx.pxi", line 435, in grpc._cython.cygrpc._watch_connectivity_state
ValueError: Cannot monitor channel state: Channel closed!
ValueError: Cannot monitor channel state: Channel closed!
Using the latest cached version of the dataset since fashion_mnist couldn't be found on the Hugging Face Hub
Found the latest cached dataset configuration 'fashion_mnist' at /root/.cache/huggingface/datasets/fashion_mnist/fashion_mnist/0.0.0/531be5e2ccc9dba0c201ad3ae567a4f3d16ecdd2 (last modified on Tue Feb 24 13:59:21 2026).
Using the latest cached version of the dataset since fashion_mnist couldn't be found on the Hugging Face Hub
Found the latest cached dataset configuration 'fashion_mnist' at /root/.cache/huggingface/datasets/fashion_mnist/fashion_mnist/0.0.0/531be5e2ccc9dba0c201ad3ae567a4f3d16ecdd2 (last modified on Tue Feb 24 13:59:21 2026).
Using the latest cached version of the dataset since fashion_mnist couldn't be found on the Hugging Face Hub
Found the latest cached dataset configuration 'fashion_mnist' at /root/.cache/huggingface/datasets/fashion_mnist/fashion_mnist/0.0.0/531be5e2ccc9dba0c201ad3ae567a4f3d16ecdd2 (last modified on Tue Feb 24 13:59:21 2026).
Using the latest cached version of the dataset since fashion_mnist couldn't be found on the Hugging Face Hub
Found the latest cached dataset configuration 'fashion_mnist' at /root/.cache/huggingface/datasets/fashion_mnist/fashion_mnist/0.0.0/531be5e2ccc9dba0c201ad3ae567a4f3d16ecdd2 (last modified on Tue Feb 24 13:59:21 2026).
Using the latest cached version of the dataset since fashion_mnist couldn't be found on the Hugging Face Hub
Found the latest cached dataset configuration 'fashion_mnist' at /root/.cache/huggingface/datasets/fashion_mnist/fashion_mnist/0.0.0/531be5e2ccc9dba0c201ad3ae567a4f3d16ecdd2 (last modified on Tue Feb 24 13:59:21 2026).
Using the latest cached version of the dataset since fashion_mnist couldn't be found on the Hugging Face Hub
Using the latest cached version of the dataset since fashion_mnist couldn't be found on the Hugging Face Hub
Found the latest cached dataset configuration 'fashion_mnist' at /root/.cache/huggingface/datasets/fashion_mnist/fashion_mnist/0.0.0/531be5e2ccc9dba0c201ad3ae567a4f3d16ecdd2 (last modified on Tue Feb 24 13:59:21 2026).
Found the latest cached dataset configuration 'fashion_mnist' at /root/.cache/huggingface/datasets/fashion_mnist/fashion_mnist/0.0.0/531be5e2ccc9dba0c201ad3ae567a4f3d16ecdd2 (last modified on Tue Feb 24 13:59:21 2026).
Using the latest cached version of the dataset since fashion_mnist couldn't be found on the Hugging Face Hub
Found the latest cached dataset configuration 'fashion_mnist' at /root/.cache/huggingface/datasets/fashion_mnist/fashion_mnist/0.0.0/531be5e2ccc9dba0c201ad3ae567a4f3d16ecdd2 (last modified on Tue Feb 24 13:59:21 2026).
Using the latest cached version of the dataset since fashion_mnist couldn't be found on the Hugging Face Hub
Found the latest cached dataset configuration 'fashion_mnist' at /root/.cache/huggingface/datasets/fashion_mnist/fashion_mnist/0.0.0/531be5e2ccc9dba0c201ad3ae567a4f3d16ecdd2 (last modified on Tue Feb 24 13:59:21 2026).
Using the latest cached version of the dataset since fashion_mnist couldn't be found on the Hugging Face Hub
Found the latest cached dataset configuration 'fashion_mnist' at /root/.cache/huggingface/datasets/fashion_mnist/fashion_mnist/0.0.0/531be5e2ccc9dba0c201ad3ae567a4f3d16ecdd2 (last modified on Tue Feb 24 13:59:21 2026).
Exception in thread Thread-657 (_run):
Traceback (most recent call last):
  File "/root/miniforge3/envs/flwr/lib/python3.11/threading.py", line 1045, in _bootstrap_inner
    self.run()
  File "/root/miniforge3/envs/flwr/lib/python3.11/threading.py", line 982, in run
    self._target(*self._args, **self._kwargs)
  File "src/python/grpcio/grpc/_cython/_cygrpc/thread.pyx.pxi", line 53, in grpc._cython.cygrpc._run_with_context._run
  File "/root/miniforge3/envs/flwr/lib/python3.11/site-packages/grpc/_channel.py", line 1916, in _poll_connectivity
    event = channel.watch_connectivity_state(
            ^^^^^^^^^^^^^^^^^^^^^^^^^^^^^^^^^
  File "src/python/grpcio/grpc/_cython/_cygrpc/channel.pyx.pxi", line 561, in grpc._cython.cygrpc.Channel.watch_connectivity_state
  File "src/python/grpcio/grpc/_cython/_cygrpc/channel.pyx.pxi", line 427, in grpc._cython.cygrpc._watch_connectivity_state
  File "src/python/grpcio/grpc/_cython/_cygrpc/channel.pyx.pxi", line 435, in grpc._cython.cygrpc._watch_connectivity_state
ValueError: Cannot monitor channel state: Channel closed!
Exception in thread Thread-690 (_run):
Traceback (most recent call last):
  File "/root/miniforge3/envs/flwr/lib/python3.11/threading.py", line 1045, in _bootstrap_inner
    self.run()
  File "/root/miniforge3/envs/flwr/lib/python3.11/threading.py", line 982, in run
    self._target(*self._args, **self._kwargs)
  File "src/python/grpcio/grpc/_cython/_cygrpc/thread.pyx.pxi", line 53, in grpc._cython.cygrpc._run_with_context._run
  File "/root/miniforge3/envs/flwr/lib/python3.11/site-packages/grpc/_channel.py", line 1916, in _poll_connectivity
    event = channel.watch_connectivity_state(
            ^^^^^^^^^^^^^^^^^^^^^^^^^^^^^^^^^
  File "src/python/grpcio/grpc/_cython/_cygrpc/channel.pyx.pxi", line 561, in grpc._cython.cygrpc.Channel.watch_connectivity_state
  File "src/python/grpcio/grpc/_cython/_cygrpc/channel.pyx.pxi", line 427, in grpc._cython.cygrpc._watch_connectivity_state
  File "src/python/grpcio/grpc/_cython/_cygrpc/channel.pyx.pxi", line 435, in grpc._cython.cygrpc._watch_connectivity_state
ValueError: Cannot monitor channel state: Channel closed!
Exception in thread Thread-668 (_run):
Traceback (most recent call last):
  File "/root/miniforge3/envs/flwr/lib/python3.11/threading.py", line 1045, in _bootstrap_inner
    self.run()
  File "/root/miniforge3/envs/flwr/lib/python3.11/threading.py", line 982, in run
    self._target(*self._args, **self._kwargs)
  File "src/python/grpcio/grpc/_cython/_cygrpc/thread.pyx.pxi", line 53, in grpc._cython.cygrpc._run_with_context._run
  File "/root/miniforge3/envs/flwr/lib/python3.11/site-packages/grpc/_channel.py", line 1916, in _poll_connectivity
    event = channel.watch_connectivity_state(
            ^^^^^^^^^^^^^^^^^^^^^^^^^^^^^^^^^
  File "src/python/grpcio/grpc/_cython/_cygrpc/channel.pyx.pxi", line 561, in grpc._cython.cygrpc.Channel.watch_connectivity_state
  File "src/python/grpcio/grpc/_cython/_cygrpc/channel.pyx.pxi", line 427, in grpc._cython.cygrpc._watch_connectivity_state
  File "src/python/grpcio/grpc/_cython/_cygrpc/channel.pyx.pxi", line 435, in grpc._cython.cygrpc._watch_connectivity_state
ValueError: Cannot monitor channel state: Channel closed!
Exception in thread Thread-643 (_run):
Traceback (most recent call last):
  File "/root/miniforge3/envs/flwr/lib/python3.11/threading.py", line 1045, in _bootstrap_inner
    self.run()
  File "/root/miniforge3/envs/flwr/lib/python3.11/threading.py", line 982, in run
    self._target(*self._args, **self._kwargs)
  File "src/python/grpcio/grpc/_cython/_cygrpc/thread.pyx.pxi", line 53, in grpc._cython.cygrpc._run_with_context._run
  File "/root/miniforge3/envs/flwr/lib/python3.11/site-packages/grpc/_channel.py", line 1916, in _poll_connectivity
    event = channel.watch_connectivity_state(
            ^^^^^^^^^^^^^^^^^^^^^^^^^^^^^^^^^
  File "src/python/grpcio/grpc/_cython/_cygrpc/channel.pyx.pxi", line 561, in grpc._cython.cygrpc.Channel.watch_connectivity_state
  File "src/python/grpcio/grpc/_cython/_cygrpc/channel.pyx.pxi", line 427, in grpc._cython.cygrpc._watch_connectivity_state
  File "src/python/grpcio/grpc/_cython/_cygrpc/channel.pyx.pxi", line 435, in grpc._cython.cygrpc._watch_connectivity_state
ValueError: Cannot monitor channel state: Channel closed!
Exception in thread Thread-642 (_run):
Traceback (most recent call last):
  File "/root/miniforge3/envs/flwr/lib/python3.11/threading.py", line 1045, in _bootstrap_inner
    self.run()
  File "/root/miniforge3/envs/flwr/lib/python3.11/threading.py", line 982, in run
    self._target(*self._args, **self._kwargs)
  File "src/python/grpcio/grpc/_cython/_cygrpc/thread.pyx.pxi", line 53, in grpc._cython.cygrpc._run_with_context._run
  File "/root/miniforge3/envs/flwr/lib/python3.11/site-packages/grpc/_channel.py", line 1916, in _poll_connectivity
    event = channel.watch_connectivity_state(
            ^^^^^^^^^^^^^^^^^^^^^^^^^^^^^^^^^
  File "src/python/grpcio/grpc/_cython/_cygrpc/channel.pyx.pxi", line 561, in grpc._cython.cygrpc.Channel.watch_connectivity_state
Exception in thread Thread-641 (_run):
Traceback (most recent call last):
  File "/root/miniforge3/envs/flwr/lib/python3.11/threading.py", line 1045, in _bootstrap_inner
  File "src/python/grpcio/grpc/_cython/_cygrpc/channel.pyx.pxi", line 427, in grpc._cython.cygrpc._watch_connectivity_state
  File "src/python/grpcio/grpc/_cython/_cygrpc/channel.pyx.pxi", line 435, in grpc._cython.cygrpc._watch_connectivity_state
    self.run()
ValueError: Cannot monitor channel state: Channel closed!
  File "/root/miniforge3/envs/flwr/lib/python3.11/threading.py", line 982, in run
    self._target(*self._args, **self._kwargs)
  File "src/python/grpcio/grpc/_cython/_cygrpc/thread.pyx.pxi", line 53, in grpc._cython.cygrpc._run_with_context._run
  File "/root/miniforge3/envs/flwr/lib/python3.11/site-packages/grpc/_channel.py", line 1916, in _poll_connectivity
    event = channel.watch_connectivity_state(
            ^^^^^^^^^^^^^^^^^^^^^^^^^^^^^^^^^
  File "src/python/grpcio/grpc/_cython/_cygrpc/channel.pyx.pxi", line 561, in grpc._cython.cygrpc.Channel.watch_connectivity_state
  File "src/python/grpcio/grpc/_cython/_cygrpc/channel.pyx.pxi", line 427, in grpc._cython.cygrpc._watch_connectivity_state
  File "src/python/grpcio/grpc/_cython/_cygrpc/channel.pyx.pxi", line 435, in grpc._cython.cygrpc._watch_connectivity_state
ValueError: Cannot monitor channel state: Channel closed!
Exception in thread Thread-642 (_run):
Traceback (most recent call last):
  File "/root/miniforge3/envs/flwr/lib/python3.11/threading.py", line 1045, in _bootstrap_inner
    self.run()
  File "/root/miniforge3/envs/flwr/lib/python3.11/threading.py", line 982, in run
    self._target(*self._args, **self._kwargs)
  File "src/python/grpcio/grpc/_cython/_cygrpc/thread.pyx.pxi", line 53, in grpc._cython.cygrpc._run_with_context._run
  File "/root/miniforge3/envs/flwr/lib/python3.11/site-packages/grpc/_channel.py", line 1916, in _poll_connectivity
    event = channel.watch_connectivity_state(
            ^^^^^^^^^^^^^^^^^^^^^^^^^^^^^^^^^
  File "src/python/grpcio/grpc/_cython/_cygrpc/channel.pyx.pxi", line 561, in grpc._cython.cygrpc.Channel.watch_connectivity_state
  File "src/python/grpcio/grpc/_cython/_cygrpc/channel.pyx.pxi", line 427, in grpc._cython.cygrpc._watch_connectivity_state
  File "src/python/grpcio/grpc/_cython/_cygrpc/channel.pyx.pxi", line 435, in grpc._cython.cygrpc._watch_connectivity_state
ValueError: Cannot monitor channel state: Channel closed!
Using the latest cached version of the dataset since fashion_mnist couldn't be found on the Hugging Face Hub
Found the latest cached dataset configuration 'fashion_mnist' at /root/.cache/huggingface/datasets/fashion_mnist/fashion_mnist/0.0.0/531be5e2ccc9dba0c201ad3ae567a4f3d16ecdd2 (last modified on Tue Feb 24 13:59:21 2026).
Exception in thread Thread-639 (_run):
Traceback (most recent call last):
  File "/root/miniforge3/envs/flwr/lib/python3.11/threading.py", line 1045, in _bootstrap_inner
    self.run()
  File "/root/miniforge3/envs/flwr/lib/python3.11/threading.py", line 982, in run
    self._target(*self._args, **self._kwargs)
  File "src/python/grpcio/grpc/_cython/_cygrpc/thread.pyx.pxi", line 53, in grpc._cython.cygrpc._run_with_context._run
  File "/root/miniforge3/envs/flwr/lib/python3.11/site-packages/grpc/_channel.py", line 1916, in _poll_connectivity
    event = channel.watch_connectivity_state(
            ^^^^^^^^^^^^^^^^^^^^^^^^^^^^^^^^^
  File "src/python/grpcio/grpc/_cython/_cygrpc/channel.pyx.pxi", line 561, in grpc._cython.cygrpc.Channel.watch_connectivity_state
  File "src/python/grpcio/grpc/_cython/_cygrpc/channel.pyx.pxi", line 427, in grpc._cython.cygrpc._watch_connectivity_state
  File "src/python/grpcio/grpc/_cython/_cygrpc/channel.pyx.pxi", line 435, in grpc._cython.cygrpc._watch_connectivity_state
ValueError: Cannot monitor channel state: Channel closed!
Exception in thread Thread-647 (_run):
Traceback (most recent call last):
  File "/root/miniforge3/envs/flwr/lib/python3.11/threading.py", line 1045, in _bootstrap_inner
    self.run()
  File "/root/miniforge3/envs/flwr/lib/python3.11/threading.py", line 982, in run
    self._target(*self._args, **self._kwargs)
  File "src/python/grpcio/grpc/_cython/_cygrpc/thread.pyx.pxi", line 53, in grpc._cython.cygrpc._run_with_context._run
  File "/root/miniforge3/envs/flwr/lib/python3.11/site-packages/grpc/_channel.py", line 1916, in _poll_connectivity
    event = channel.watch_connectivity_state(
            ^^^^^^^^^^^^^^^^^^^^^^^^^^^^^^^^^
  File "src/python/grpcio/grpc/_cython/_cygrpc/channel.pyx.pxi", line 561, in grpc._cython.cygrpc.Channel.watch_connectivity_state
  File "src/python/grpcio/grpc/_cython/_cygrpc/channel.pyx.pxi", line 427, in grpc._cython.cygrpc._watch_connectivity_state
  File "src/python/grpcio/grpc/_cython/_cygrpc/channel.pyx.pxi", line 435, in grpc._cython.cygrpc._watch_connectivity_state
ValueError: Cannot monitor channel state: Channel closed!
Exception in thread Thread-649 (_run):
Traceback (most recent call last):
  File "/root/miniforge3/envs/flwr/lib/python3.11/threading.py", line 1045, in _bootstrap_inner
    self.run()
  File "/root/miniforge3/envs/flwr/lib/python3.11/threading.py", line 982, in run
    self._target(*self._args, **self._kwargs)
  File "src/python/grpcio/grpc/_cython/_cygrpc/thread.pyx.pxi", line 53, in grpc._cython.cygrpc._run_with_context._run
  File "/root/miniforge3/envs/flwr/lib/python3.11/site-packages/grpc/_channel.py", line 1916, in _poll_connectivity
    event = channel.watch_connectivity_state(
            ^^^^^^^^^^^^^^^^^^^^^^^^^^^^^^^^^
  File "src/python/grpcio/grpc/_cython/_cygrpc/channel.pyx.pxi", line 561, in grpc._cython.cygrpc.Channel.watch_connectivity_state
  File "src/python/grpcio/grpc/_cython/_cygrpc/channel.pyx.pxi", line 427, in grpc._cython.cygrpc._watch_connectivity_state
  File "src/python/grpcio/grpc/_cython/_cygrpc/channel.pyx.pxi", line 435, in grpc._cython.cygrpc._watch_connectivity_state
ValueError: Cannot monitor channel state: Channel closed!
Exception in thread Thread-665 (_run):
Traceback (most recent call last):
  File "/root/miniforge3/envs/flwr/lib/python3.11/threading.py", line 1045, in _bootstrap_inner
    self.run()
  File "/root/miniforge3/envs/flwr/lib/python3.11/threading.py", line 982, in run
    self._target(*self._args, **self._kwargs)
  File "src/python/grpcio/grpc/_cython/_cygrpc/thread.pyx.pxi", line 53, in grpc._cython.cygrpc._run_with_context._run
  File "/root/miniforge3/envs/flwr/lib/python3.11/site-packages/grpc/_channel.py", line 1916, in _poll_connectivity
    event = channel.watch_connectivity_state(
            ^^^^^^^^^^^^^^^^^^^^^^^^^^^^^^^^^
  File "src/python/grpcio/grpc/_cython/_cygrpc/channel.pyx.pxi", line 561, in grpc._cython.cygrpc.Channel.watch_connectivity_state
  File "src/python/grpcio/grpc/_cython/_cygrpc/channel.pyx.pxi", line 427, in grpc._cython.cygrpc._watch_connectivity_state
  File "src/python/grpcio/grpc/_cython/_cygrpc/channel.pyx.pxi", line 435, in grpc._cython.cygrpc._watch_connectivity_state
ValueError: Cannot monitor channel state: Channel closed!
Exception in thread Thread-669 (_run):
Traceback (most recent call last):
  File "/root/miniforge3/envs/flwr/lib/python3.11/threading.py", line 1045, in _bootstrap_inner
    self.run()
  File "/root/miniforge3/envs/flwr/lib/python3.11/threading.py", line 982, in run
    self._target(*self._args, **self._kwargs)
  File "src/python/grpcio/grpc/_cython/_cygrpc/thread.pyx.pxi", line 53, in grpc._cython.cygrpc._run_with_context._run
  File "/root/miniforge3/envs/flwr/lib/python3.11/site-packages/grpc/_channel.py", line 1916, in _poll_connectivity
    event = channel.watch_connectivity_state(
            ^^^^^^^^^^^^^^^^^^^^^^^^^^^^^^^^^
  File "src/python/grpcio/grpc/_cython/_cygrpc/channel.pyx.pxi", line 561, in grpc._cython.cygrpc.Channel.watch_connectivity_state
  File "src/python/grpcio/grpc/_cython/_cygrpc/channel.pyx.pxi", line 427, in grpc._cython.cygrpc._watch_connectivity_state
  File "src/python/grpcio/grpc/_cython/_cygrpc/channel.pyx.pxi", line 435, in grpc._cython.cygrpc._watch_connectivity_state
ValueError: Cannot monitor channel state: Channel closed!
Exception in thread Thread-675 (_run):
Traceback (most recent call last):
  File "/root/miniforge3/envs/flwr/lib/python3.11/threading.py", line 1045, in _bootstrap_inner
    self.run()
  File "/root/miniforge3/envs/flwr/lib/python3.11/threading.py", line 982, in run
    self._target(*self._args, **self._kwargs)
  File "src/python/grpcio/grpc/_cython/_cygrpc/thread.pyx.pxi", line 53, in grpc._cython.cygrpc._run_with_context._run
  File "/root/miniforge3/envs/flwr/lib/python3.11/site-packages/grpc/_channel.py", line 1916, in _poll_connectivity
    event = channel.watch_connectivity_state(
            ^^^^^^^^^^^^^^^^^^^^^^^^^^^^^^^^^
  File "src/python/grpcio/grpc/_cython/_cygrpc/channel.pyx.pxi", line 561, in grpc._cython.cygrpc.Channel.watch_connectivity_state
  File "src/python/grpcio/grpc/_cython/_cygrpc/channel.pyx.pxi", line 427, in grpc._cython.cygrpc._watch_connectivity_state
  File "src/python/grpcio/grpc/_cython/_cygrpc/channel.pyx.pxi", line 435, in grpc._cython.cygrpc._watch_connectivity_state
ValueError: Cannot monitor channel state: Channel closed!
Exception in thread Thread-704 (_run):
Traceback (most recent call last):
  File "/root/miniforge3/envs/flwr/lib/python3.11/threading.py", line 1045, in _bootstrap_inner
    self.run()
  File "/root/miniforge3/envs/flwr/lib/python3.11/threading.py", line 982, in run
    self._target(*self._args, **self._kwargs)
  File "src/python/grpcio/grpc/_cython/_cygrpc/thread.pyx.pxi", line 53, in grpc._cython.cygrpc._run_with_context._run
  File "/root/miniforge3/envs/flwr/lib/python3.11/site-packages/grpc/_channel.py", line 1916, in _poll_connectivity
    event = channel.watch_connectivity_state(
            ^^^^^^^^^^^^^^^^^^^^^^^^^^^^^^^^^
  File "src/python/grpcio/grpc/_cython/_cygrpc/channel.pyx.pxi", line 561, in grpc._cython.cygrpc.Channel.watch_connectivity_state
  File "src/python/grpcio/grpc/_cython/_cygrpc/channel.pyx.pxi", line 427, in grpc._cython.cygrpc._watch_connectivity_state
  File "src/python/grpcio/grpc/_cython/_cygrpc/channel.pyx.pxi", line 435, in grpc._cython.cygrpc._watch_connectivity_state
ValueError: Cannot monitor channel state: Channel closed!
Exception in thread Thread-634 (_run):
Traceback (most recent call last):
  File "/root/miniforge3/envs/flwr/lib/python3.11/threading.py", line 1045, in _bootstrap_inner
    self.run()
  File "/root/miniforge3/envs/flwr/lib/python3.11/threading.py", line 982, in run
    self._target(*self._args, **self._kwargs)
  File "src/python/grpcio/grpc/_cython/_cygrpc/thread.pyx.pxi", line 53, in grpc._cython.cygrpc._run_with_context._run
  File "/root/miniforge3/envs/flwr/lib/python3.11/site-packages/grpc/_channel.py", line 1916, in _poll_connectivity
    event = channel.watch_connectivity_state(
            ^^^^^^^^^^^^^^^^^^^^^^^^^^^^^^^^^
  File "src/python/grpcio/grpc/_cython/_cygrpc/channel.pyx.pxi", line 561, in grpc._cython.cygrpc.Channel.watch_connectivity_state
  File "src/python/grpcio/grpc/_cython/_cygrpc/channel.pyx.pxi", line 427, in grpc._cython.cygrpc._watch_connectivity_state
  File "src/python/grpcio/grpc/_cython/_cygrpc/channel.pyx.pxi", line 435, in grpc._cython.cygrpc._watch_connectivity_state
ValueError: Cannot monitor channel state: Channel closed!
Exception in thread Thread-661 (_run):
Traceback (most recent call last):
  File "/root/miniforge3/envs/flwr/lib/python3.11/threading.py", line 1045, in _bootstrap_inner
    self.run()
  File "/root/miniforge3/envs/flwr/lib/python3.11/threading.py", line 982, in run
    self._target(*self._args, **self._kwargs)
  File "src/python/grpcio/grpc/_cython/_cygrpc/thread.pyx.pxi", line 53, in grpc._cython.cygrpc._run_with_context._run
  File "/root/miniforge3/envs/flwr/lib/python3.11/site-packages/grpc/_channel.py", line 1916, in _poll_connectivity
    event = channel.watch_connectivity_state(
            ^^^^^^^^^^^^^^^^^^^^^^^^^^^^^^^^^
  File "src/python/grpcio/grpc/_cython/_cygrpc/channel.pyx.pxi", line 561, in grpc._cython.cygrpc.Channel.watch_connectivity_state
  File "src/python/grpcio/grpc/_cython/_cygrpc/channel.pyx.pxi", line 427, in grpc._cython.cygrpc._watch_connectivity_state
  File "src/python/grpcio/grpc/_cython/_cygrpc/channel.pyx.pxi", line 435, in grpc._cython.cygrpc._watch_connectivity_state
ValueError: Cannot monitor channel state: Channel closed!
Exception in thread Thread-686 (_run):
Traceback (most recent call last):
  File "/root/miniforge3/envs/flwr/lib/python3.11/threading.py", line 1045, in _bootstrap_inner
    self.run()
  File "/root/miniforge3/envs/flwr/lib/python3.11/threading.py", line 982, in run
    self._target(*self._args, **self._kwargs)
  File "src/python/grpcio/grpc/_cython/_cygrpc/thread.pyx.pxi", line 53, in grpc._cython.cygrpc._run_with_context._run
  File "/root/miniforge3/envs/flwr/lib/python3.11/site-packages/grpc/_channel.py", line 1916, in _poll_connectivity
    event = channel.watch_connectivity_state(
            ^^^^^^^^^^^^^^^^^^^^^^^^^^^^^^^^^
  File "src/python/grpcio/grpc/_cython/_cygrpc/channel.pyx.pxi", line 561, in grpc._cython.cygrpc.Channel.watch_connectivity_state
  File "src/python/grpcio/grpc/_cython/_cygrpc/channel.pyx.pxi", line 427, in grpc._cython.cygrpc._watch_connectivity_state
  File "src/python/grpcio/grpc/_cython/_cygrpc/channel.pyx.pxi", line 435, in grpc._cython.cygrpc._watch_connectivity_state
ValueError: Cannot monitor channel state: Channel closed!
Exception in thread Thread-710 (_run):
Traceback (most recent call last):
  File "/root/miniforge3/envs/flwr/lib/python3.11/threading.py", line 1045, in _bootstrap_inner
    self.run()
  File "/root/miniforge3/envs/flwr/lib/python3.11/threading.py", line 982, in run
Exception in thread Thread-721 (_run):
Traceback (most recent call last):
  File "/root/miniforge3/envs/flwr/lib/python3.11/threading.py", line 1045, in _bootstrap_inner
    self._target(*self._args, **self._kwargs)
    self.run()
  File "src/python/grpcio/grpc/_cython/_cygrpc/thread.pyx.pxi", line 53, in grpc._cython.cygrpc._run_with_context._run
  File "/root/miniforge3/envs/flwr/lib/python3.11/threading.py", line 982, in run
  File "/root/miniforge3/envs/flwr/lib/python3.11/site-packages/grpc/_channel.py", line 1916, in _poll_connectivity
    self._target(*self._args, **self._kwargs)
  File "src/python/grpcio/grpc/_cython/_cygrpc/thread.pyx.pxi", line 53, in grpc._cython.cygrpc._run_with_context._run
    event = channel.watch_connectivity_state(
            ^^^^^^^^^^^^^^^^^^^^^^^^^^^^^^^^^
  File "src/python/grpcio/grpc/_cython/_cygrpc/channel.pyx.pxi", line 561, in grpc._cython.cygrpc.Channel.watch_connectivity_state
  File "/root/miniforge3/envs/flwr/lib/python3.11/site-packages/grpc/_channel.py", line 1916, in _poll_connectivity
  File "src/python/grpcio/grpc/_cython/_cygrpc/channel.pyx.pxi", line 427, in grpc._cython.cygrpc._watch_connectivity_state
  File "src/python/grpcio/grpc/_cython/_cygrpc/channel.pyx.pxi", line 435, in grpc._cython.cygrpc._watch_connectivity_state
ValueError: Cannot monitor channel state: Channel closed!
    event = channel.watch_connectivity_state(
            ^^^^^^^^^^^^^^^^^^^^^^^^^^^^^^^^^
  File "src/python/grpcio/grpc/_cython/_cygrpc/channel.pyx.pxi", line 561, in grpc._cython.cygrpc.Channel.watch_connectivity_state
  File "src/python/grpcio/grpc/_cython/_cygrpc/channel.pyx.pxi", line 427, in grpc._cython.cygrpc._watch_connectivity_state
  File "src/python/grpcio/grpc/_cython/_cygrpc/channel.pyx.pxi", line 435, in grpc._cython.cygrpc._watch_connectivity_state
ValueError: Cannot monitor channel state: Channel closed!
Exception in thread Thread-706 (_run):
Traceback (most recent call last):
  File "/root/miniforge3/envs/flwr/lib/python3.11/threading.py", line 1045, in _bootstrap_inner
    self.run()
  File "/root/miniforge3/envs/flwr/lib/python3.11/threading.py", line 982, in run
    self._target(*self._args, **self._kwargs)
  File "src/python/grpcio/grpc/_cython/_cygrpc/thread.pyx.pxi", line 53, in grpc._cython.cygrpc._run_with_context._run
  File "/root/miniforge3/envs/flwr/lib/python3.11/site-packages/grpc/_channel.py", line 1916, in _poll_connectivity
    event = channel.watch_connectivity_state(
            ^^^^^^^^^^^^^^^^^^^^^^^^^^^^^^^^^
  File "src/python/grpcio/grpc/_cython/_cygrpc/channel.pyx.pxi", line 561, in grpc._cython.cygrpc.Channel.watch_connectivity_state
  File "src/python/grpcio/grpc/_cython/_cygrpc/channel.pyx.pxi", line 427, in grpc._cython.cygrpc._watch_connectivity_state
  File "src/python/grpcio/grpc/_cython/_cygrpc/channel.pyx.pxi", line 435, in grpc._cython.cygrpc._watch_connectivity_state
ValueError: Cannot monitor channel state: Channel closed!
Exception in thread Thread-708 (_run):
Traceback (most recent call last):
  File "/root/miniforge3/envs/flwr/lib/python3.11/threading.py", line 1045, in _bootstrap_inner
    self.run()
  File "/root/miniforge3/envs/flwr/lib/python3.11/threading.py", line 982, in run
    self._target(*self._args, **self._kwargs)
  File "src/python/grpcio/grpc/_cython/_cygrpc/thread.pyx.pxi", line 53, in grpc._cython.cygrpc._run_with_context._run
  File "/root/miniforge3/envs/flwr/lib/python3.11/site-packages/grpc/_channel.py", line 1916, in _poll_connectivity
    event = channel.watch_connectivity_state(
            ^^^^^^^^^^^^^^^^^^^^^^^^^^^^^^^^^
  File "src/python/grpcio/grpc/_cython/_cygrpc/channel.pyx.pxi", line 561, in grpc._cython.cygrpc.Channel.watch_connectivity_state
  File "src/python/grpcio/grpc/_cython/_cygrpc/channel.pyx.pxi", line 427, in grpc._cython.cygrpc._watch_connectivity_state
  File "src/python/grpcio/grpc/_cython/_cygrpc/channel.pyx.pxi", line 435, in grpc._cython.cygrpc._watch_connectivity_state
ValueError: Cannot monitor channel state: Channel closed!
Exception in thread Thread-706 (_run):
Traceback (most recent call last):
  File "/root/miniforge3/envs/flwr/lib/python3.11/threading.py", line 1045, in _bootstrap_inner
    self.run()
  File "/root/miniforge3/envs/flwr/lib/python3.11/threading.py", line 982, in run
    self._target(*self._args, **self._kwargs)
  File "src/python/grpcio/grpc/_cython/_cygrpc/thread.pyx.pxi", line 53, in grpc._cython.cygrpc._run_with_context._run
  File "/root/miniforge3/envs/flwr/lib/python3.11/site-packages/grpc/_channel.py", line 1916, in _poll_connectivity
    event = channel.watch_connectivity_state(
            ^^^^^^^^^^^^^^^^^^^^^^^^^^^^^^^^^
  File "src/python/grpcio/grpc/_cython/_cygrpc/channel.pyx.pxi", line 561, in grpc._cython.cygrpc.Channel.watch_connectivity_state
  File "src/python/grpcio/grpc/_cython/_cygrpc/channel.pyx.pxi", line 427, in grpc._cython.cygrpc._watch_connectivity_state
  File "src/python/grpcio/grpc/_cython/_cygrpc/channel.pyx.pxi", line 435, in grpc._cython.cygrpc._watch_connectivity_state
ValueError: Cannot monitor channel state: Channel closed!
Exception in thread Thread-694 (_run):
Traceback (most recent call last):
  File "/root/miniforge3/envs/flwr/lib/python3.11/threading.py", line 1045, in _bootstrap_inner
    self.run()
  File "/root/miniforge3/envs/flwr/lib/python3.11/threading.py", line 982, in run
    self._target(*self._args, **self._kwargs)
  File "src/python/grpcio/grpc/_cython/_cygrpc/thread.pyx.pxi", line 53, in grpc._cython.cygrpc._run_with_context._run
  File "/root/miniforge3/envs/flwr/lib/python3.11/site-packages/grpc/_channel.py", line 1916, in _poll_connectivity
    event = channel.watch_connectivity_state(
            ^^^^^^^^^^^^^^^^^^^^^^^^^^^^^^^^^
  File "src/python/grpcio/grpc/_cython/_cygrpc/channel.pyx.pxi", line 561, in grpc._cython.cygrpc.Channel.watch_connectivity_state
  File "src/python/grpcio/grpc/_cython/_cygrpc/channel.pyx.pxi", line 427, in grpc._cython.cygrpc._watch_connectivity_state
  File "src/python/grpcio/grpc/_cython/_cygrpc/channel.pyx.pxi", line 435, in grpc._cython.cygrpc._watch_connectivity_state
ValueError: Cannot monitor channel state: Channel closed!
Exception in thread Thread-693 (_run):
Traceback (most recent call last):
  File "/root/miniforge3/envs/flwr/lib/python3.11/threading.py", line 1045, in _bootstrap_inner
    self.run()
  File "/root/miniforge3/envs/flwr/lib/python3.11/threading.py", line 982, in run
    self._target(*self._args, **self._kwargs)
  File "src/python/grpcio/grpc/_cython/_cygrpc/thread.pyx.pxi", line 53, in grpc._cython.cygrpc._run_with_context._run
  File "/root/miniforge3/envs/flwr/lib/python3.11/site-packages/grpc/_channel.py", line 1916, in _poll_connectivity
    event = channel.watch_connectivity_state(
            ^^^^^^^^^^^^^^^^^^^^^^^^^^^^^^^^^
  File "src/python/grpcio/grpc/_cython/_cygrpc/channel.pyx.pxi", line 561, in grpc._cython.cygrpc.Channel.watch_connectivity_state
  File "src/python/grpcio/grpc/_cython/_cygrpc/channel.pyx.pxi", line 427, in grpc._cython.cygrpc._watch_connectivity_state
  File "src/python/grpcio/grpc/_cython/_cygrpc/channel.pyx.pxi", line 435, in grpc._cython.cygrpc._watch_connectivity_state
ValueError: Cannot monitor channel state: Channel closed!
Exception in thread Thread-728 (_run):
Traceback (most recent call last):
  File "/root/miniforge3/envs/flwr/lib/python3.11/threading.py", line 1045, in _bootstrap_inner
    self.run()
  File "/root/miniforge3/envs/flwr/lib/python3.11/threading.py", line 982, in run
    self._target(*self._args, **self._kwargs)
  File "src/python/grpcio/grpc/_cython/_cygrpc/thread.pyx.pxi", line 53, in grpc._cython.cygrpc._run_with_context._run
  File "/root/miniforge3/envs/flwr/lib/python3.11/site-packages/grpc/_channel.py", line 1916, in _poll_connectivity
    event = channel.watch_connectivity_state(
            ^^^^^^^^^^^^^^^^^^^^^^^^^^^^^^^^^
  File "src/python/grpcio/grpc/_cython/_cygrpc/channel.pyx.pxi", line 561, in grpc._cython.cygrpc.Channel.watch_connectivity_state
  File "src/python/grpcio/grpc/_cython/_cygrpc/channel.pyx.pxi", line 427, in grpc._cython.cygrpc._watch_connectivity_state
  File "src/python/grpcio/grpc/_cython/_cygrpc/channel.pyx.pxi", line 435, in grpc._cython.cygrpc._watch_connectivity_state
ValueError: Cannot monitor channel state: Channel closed!
Exception in thread Thread-719 (_run):
Traceback (most recent call last):
  File "/root/miniforge3/envs/flwr/lib/python3.11/threading.py", line 1045, in _bootstrap_inner
    self.run()
  File "/root/miniforge3/envs/flwr/lib/python3.11/threading.py", line 982, in run
    self._target(*self._args, **self._kwargs)
  File "src/python/grpcio/grpc/_cython/_cygrpc/thread.pyx.pxi", line 53, in grpc._cython.cygrpc._run_with_context._run
  File "/root/miniforge3/envs/flwr/lib/python3.11/site-packages/grpc/_channel.py", line 1916, in _poll_connectivity
    event = channel.watch_connectivity_state(
            ^^^^^^^^^^^^^^^^^^^^^^^^^^^^^^^^^
  File "src/python/grpcio/grpc/_cython/_cygrpc/channel.pyx.pxi", line 561, in grpc._cython.cygrpc.Channel.watch_connectivity_state
  File "src/python/grpcio/grpc/_cython/_cygrpc/channel.pyx.pxi", line 427, in grpc._cython.cygrpc._watch_connectivity_state
  File "src/python/grpcio/grpc/_cython/_cygrpc/channel.pyx.pxi", line 435, in grpc._cython.cygrpc._watch_connectivity_state
ValueError: Cannot monitor channel state: Channel closed!
Exception in thread Thread-744 (_run):
Traceback (most recent call last):
  File "/root/miniforge3/envs/flwr/lib/python3.11/threading.py", line 1045, in _bootstrap_inner
    self.run()
  File "/root/miniforge3/envs/flwr/lib/python3.11/threading.py", line 982, in run
    self._target(*self._args, **self._kwargs)
  File "src/python/grpcio/grpc/_cython/_cygrpc/thread.pyx.pxi", line 53, in grpc._cython.cygrpc._run_with_context._run
  File "/root/miniforge3/envs/flwr/lib/python3.11/site-packages/grpc/_channel.py", line 1916, in _poll_connectivity
    event = channel.watch_connectivity_state(
            ^^^^^^^^^^^^^^^^^^^^^^^^^^^^^^^^^
  File "src/python/grpcio/grpc/_cython/_cygrpc/channel.pyx.pxi", line 561, in grpc._cython.cygrpc.Channel.watch_connectivity_state
  File "src/python/grpcio/grpc/_cython/_cygrpc/channel.pyx.pxi", line 427, in grpc._cython.cygrpc._watch_connectivity_state
  File "src/python/grpcio/grpc/_cython/_cygrpc/channel.pyx.pxi", line 435, in grpc._cython.cygrpc._watch_connectivity_state
ValueError: Cannot monitor channel state: Channel closed!
Exception in thread Thread-765 (_run):
Traceback (most recent call last):
  File "/root/miniforge3/envs/flwr/lib/python3.11/threading.py", line 1045, in _bootstrap_inner
    self.run()
  File "/root/miniforge3/envs/flwr/lib/python3.11/threading.py", line 982, in run
    self._target(*self._args, **self._kwargs)
  File "src/python/grpcio/grpc/_cython/_cygrpc/thread.pyx.pxi", line 53, in grpc._cython.cygrpc._run_with_context._run
  File "/root/miniforge3/envs/flwr/lib/python3.11/site-packages/grpc/_channel.py", line 1916, in _poll_connectivity
    event = channel.watch_connectivity_state(
            ^^^^^^^^^^^^^^^^^^^^^^^^^^^^^^^^^
  File "src/python/grpcio/grpc/_cython/_cygrpc/channel.pyx.pxi", line 561, in grpc._cython.cygrpc.Channel.watch_connectivity_state
  File "src/python/grpcio/grpc/_cython/_cygrpc/channel.pyx.pxi", line 427, in grpc._cython.cygrpc._watch_connectivity_state
  File "src/python/grpcio/grpc/_cython/_cygrpc/channel.pyx.pxi", line 435, in grpc._cython.cygrpc._watch_connectivity_state
ValueError: Cannot monitor channel state: Channel closed!
Exception in thread Thread-737 (_run):
Traceback (most recent call last):
  File "/root/miniforge3/envs/flwr/lib/python3.11/threading.py", line 1045, in _bootstrap_inner
    self.run()
  File "/root/miniforge3/envs/flwr/lib/python3.11/threading.py", line 982, in run
    self._target(*self._args, **self._kwargs)
  File "src/python/grpcio/grpc/_cython/_cygrpc/thread.pyx.pxi", line 53, in grpc._cython.cygrpc._run_with_context._run
  File "/root/miniforge3/envs/flwr/lib/python3.11/site-packages/grpc/_channel.py", line 1916, in _poll_connectivity
    event = channel.watch_connectivity_state(
            ^^^^^^^^^^^^^^^^^^^^^^^^^^^^^^^^^
  File "src/python/grpcio/grpc/_cython/_cygrpc/channel.pyx.pxi", line 561, in grpc._cython.cygrpc.Channel.watch_connectivity_state
  File "src/python/grpcio/grpc/_cython/_cygrpc/channel.pyx.pxi", line 427, in grpc._cython.cygrpc._watch_connectivity_state
  File "src/python/grpcio/grpc/_cython/_cygrpc/channel.pyx.pxi", line 435, in grpc._cython.cygrpc._watch_connectivity_state
ValueError: Cannot monitor channel state: Channel closed!
Exception in thread Thread-779 (_run):
Traceback (most recent call last):
  File "/root/miniforge3/envs/flwr/lib/python3.11/threading.py", line 1045, in _bootstrap_inner
    self.run()
  File "/root/miniforge3/envs/flwr/lib/python3.11/threading.py", line 982, in run
    self._target(*self._args, **self._kwargs)
  File "src/python/grpcio/grpc/_cython/_cygrpc/thread.pyx.pxi", line 53, in grpc._cython.cygrpc._run_with_context._run
  File "/root/miniforge3/envs/flwr/lib/python3.11/site-packages/grpc/_channel.py", line 1916, in _poll_connectivity
    event = channel.watch_connectivity_state(
            ^^^^^^^^^^^^^^^^^^^^^^^^^^^^^^^^^
  File "src/python/grpcio/grpc/_cython/_cygrpc/channel.pyx.pxi", line 561, in grpc._cython.cygrpc.Channel.watch_connectivity_state
  File "src/python/grpcio/grpc/_cython/_cygrpc/channel.pyx.pxi", line 427, in grpc._cython.cygrpc._watch_connectivity_state
  File "src/python/grpcio/grpc/_cython/_cygrpc/channel.pyx.pxi", line 435, in grpc._cython.cygrpc._watch_connectivity_state
ValueError: Cannot monitor channel state: Channel closed!
Exception in thread Thread-766 (_run):
Traceback (most recent call last):
  File "/root/miniforge3/envs/flwr/lib/python3.11/threading.py", line 1045, in _bootstrap_inner
    self.run()
  File "/root/miniforge3/envs/flwr/lib/python3.11/threading.py", line 982, in run
    self._target(*self._args, **self._kwargs)
  File "src/python/grpcio/grpc/_cython/_cygrpc/thread.pyx.pxi", line 53, in grpc._cython.cygrpc._run_with_context._run
  File "/root/miniforge3/envs/flwr/lib/python3.11/site-packages/grpc/_channel.py", line 1916, in _poll_connectivity
    event = channel.watch_connectivity_state(
            ^^^^^^^^^^^^^^^^^^^^^^^^^^^^^^^^^
  File "src/python/grpcio/grpc/_cython/_cygrpc/channel.pyx.pxi", line 561, in grpc._cython.cygrpc.Channel.watch_connectivity_state
  File "src/python/grpcio/grpc/_cython/_cygrpc/channel.pyx.pxi", line 427, in grpc._cython.cygrpc._watch_connectivity_state
  File "src/python/grpcio/grpc/_cython/_cygrpc/channel.pyx.pxi", line 435, in grpc._cython.cygrpc._watch_connectivity_state
ValueError: Cannot monitor channel state: Channel closed!
Exception in thread Thread-766 (_run):
Traceback (most recent call last):
  File "/root/miniforge3/envs/flwr/lib/python3.11/threading.py", line 1045, in _bootstrap_inner
    self.run()
  File "/root/miniforge3/envs/flwr/lib/python3.11/threading.py", line 982, in run
    self._target(*self._args, **self._kwargs)
  File "src/python/grpcio/grpc/_cython/_cygrpc/thread.pyx.pxi", line 53, in grpc._cython.cygrpc._run_with_context._run
  File "/root/miniforge3/envs/flwr/lib/python3.11/site-packages/grpc/_channel.py", line 1916, in _poll_connectivity
    event = channel.watch_connectivity_state(
            ^^^^^^^^^^^^^^^^^^^^^^^^^^^^^^^^^
  File "src/python/grpcio/grpc/_cython/_cygrpc/channel.pyx.pxi", line 561, in grpc._cython.cygrpc.Channel.watch_connectivity_state
  File "src/python/grpcio/grpc/_cython/_cygrpc/channel.pyx.pxi", line 427, in grpc._cython.cygrpc._watch_connectivity_state
  File "src/python/grpcio/grpc/_cython/_cygrpc/channel.pyx.pxi", line 435, in grpc._cython.cygrpc._watch_connectivity_state
ValueError: Cannot monitor channel state: Channel closed!
Exception in thread Thread-745 (_run):
Traceback (most recent call last):
  File "/root/miniforge3/envs/flwr/lib/python3.11/threading.py", line 1045, in _bootstrap_inner
    self.run()
  File "/root/miniforge3/envs/flwr/lib/python3.11/threading.py", line 982, in run
    self._target(*self._args, **self._kwargs)
  File "src/python/grpcio/grpc/_cython/_cygrpc/thread.pyx.pxi", line 53, in grpc._cython.cygrpc._run_with_context._run
  File "/root/miniforge3/envs/flwr/lib/python3.11/site-packages/grpc/_channel.py", line 1916, in _poll_connectivity
    event = channel.watch_connectivity_state(
            ^^^^^^^^^^^^^^^^^^^^^^^^^^^^^^^^^
  File "src/python/grpcio/grpc/_cython/_cygrpc/channel.pyx.pxi", line 561, in grpc._cython.cygrpc.Channel.watch_connectivity_state
  File "src/python/grpcio/grpc/_cython/_cygrpc/channel.pyx.pxi", line 427, in grpc._cython.cygrpc._watch_connectivity_state
  File "src/python/grpcio/grpc/_cython/_cygrpc/channel.pyx.pxi", line 435, in grpc._cython.cygrpc._watch_connectivity_state
ValueError: Cannot monitor channel state: Channel closed!
Exception in thread Thread-764 (_run):
Traceback (most recent call last):
  File "/root/miniforge3/envs/flwr/lib/python3.11/threading.py", line 1045, in _bootstrap_inner
    self.run()
  File "/root/miniforge3/envs/flwr/lib/python3.11/threading.py", line 982, in run
    self._target(*self._args, **self._kwargs)
  File "src/python/grpcio/grpc/_cython/_cygrpc/thread.pyx.pxi", line 53, in grpc._cython.cygrpc._run_with_context._run
  File "/root/miniforge3/envs/flwr/lib/python3.11/site-packages/grpc/_channel.py", line 1916, in _poll_connectivity
    event = channel.watch_connectivity_state(
            ^^^^^^^^^^^^^^^^^^^^^^^^^^^^^^^^^
  File "src/python/grpcio/grpc/_cython/_cygrpc/channel.pyx.pxi", line 561, in grpc._cython.cygrpc.Channel.watch_connectivity_state
  File "src/python/grpcio/grpc/_cython/_cygrpc/channel.pyx.pxi", line 427, in grpc._cython.cygrpc._watch_connectivity_state
  File "src/python/grpcio/grpc/_cython/_cygrpc/channel.pyx.pxi", line 435, in grpc._cython.cygrpc._watch_connectivity_state
ValueError: Cannot monitor channel state: Channel closed!
Exception in thread Thread-779 (_run):
Traceback (most recent call last):
  File "/root/miniforge3/envs/flwr/lib/python3.11/threading.py", line 1045, in _bootstrap_inner
    self.run()
  File "/root/miniforge3/envs/flwr/lib/python3.11/threading.py", line 982, in run
    self._target(*self._args, **self._kwargs)
  File "src/python/grpcio/grpc/_cython/_cygrpc/thread.pyx.pxi", line 53, in grpc._cython.cygrpc._run_with_context._run
  File "/root/miniforge3/envs/flwr/lib/python3.11/site-packages/grpc/_channel.py", line 1916, in _poll_connectivity
    event = channel.watch_connectivity_state(
            ^^^^^^^^^^^^^^^^^^^^^^^^^^^^^^^^^
  File "src/python/grpcio/grpc/_cython/_cygrpc/channel.pyx.pxi", line 561, in grpc._cython.cygrpc.Channel.watch_connectivity_state
  File "src/python/grpcio/grpc/_cython/_cygrpc/channel.pyx.pxi", line 427, in grpc._cython.cygrpc._watch_connectivity_state
  File "src/python/grpcio/grpc/_cython/_cygrpc/channel.pyx.pxi", line 435, in grpc._cython.cygrpc._watch_connectivity_state
ValueError: Cannot monitor channel state: Channel closed!
Exception in thread Thread-769 (_run):
Traceback (most recent call last):
  File "/root/miniforge3/envs/flwr/lib/python3.11/threading.py", line 1045, in _bootstrap_inner
Exception in thread Thread-750 (_run):
Traceback (most recent call last):
  File "/root/miniforge3/envs/flwr/lib/python3.11/threading.py", line 1045, in _bootstrap_inner
    self.run()
  File "/root/miniforge3/envs/flwr/lib/python3.11/threading.py", line 982, in run
    self.run()
  File "/root/miniforge3/envs/flwr/lib/python3.11/threading.py", line 982, in run
    self._target(*self._args, **self._kwargs)
  File "src/python/grpcio/grpc/_cython/_cygrpc/thread.pyx.pxi", line 53, in grpc._cython.cygrpc._run_with_context._run
    self._target(*self._args, **self._kwargs)
  File "src/python/grpcio/grpc/_cython/_cygrpc/thread.pyx.pxi", line 53, in grpc._cython.cygrpc._run_with_context._run
  File "/root/miniforge3/envs/flwr/lib/python3.11/site-packages/grpc/_channel.py", line 1916, in _poll_connectivity
  File "/root/miniforge3/envs/flwr/lib/python3.11/site-packages/grpc/_channel.py", line 1916, in _poll_connectivity
    event = channel.watch_connectivity_state(
            ^^^^^^^^^^^^^^^^^^^^^^^^^^^^^^^^^
    event = channel.watch_connectivity_state(
  File "src/python/grpcio/grpc/_cython/_cygrpc/channel.pyx.pxi", line 561, in grpc._cython.cygrpc.Channel.watch_connectivity_state
            ^^^^^^^^^^^^^^^^^^^^^^^^^^^^^^^^^
  File "src/python/grpcio/grpc/_cython/_cygrpc/channel.pyx.pxi", line 561, in grpc._cython.cygrpc.Channel.watch_connectivity_state
  File "src/python/grpcio/grpc/_cython/_cygrpc/channel.pyx.pxi", line 427, in grpc._cython.cygrpc._watch_connectivity_state
  File "src/python/grpcio/grpc/_cython/_cygrpc/channel.pyx.pxi", line 427, in grpc._cython.cygrpc._watch_connectivity_state
  File "src/python/grpcio/grpc/_cython/_cygrpc/channel.pyx.pxi", line 435, in grpc._cython.cygrpc._watch_connectivity_state
  File "src/python/grpcio/grpc/_cython/_cygrpc/channel.pyx.pxi", line 435, in grpc._cython.cygrpc._watch_connectivity_state
ValueError: Cannot monitor channel state: Channel closed!
ValueError: Cannot monitor channel state: Channel closed!
Exception in thread Thread-823 (_run):
Traceback (most recent call last):
  File "/root/miniforge3/envs/flwr/lib/python3.11/threading.py", line 1045, in _bootstrap_inner
    self.run()
  File "/root/miniforge3/envs/flwr/lib/python3.11/threading.py", line 982, in run
    self._target(*self._args, **self._kwargs)
  File "src/python/grpcio/grpc/_cython/_cygrpc/thread.pyx.pxi", line 53, in grpc._cython.cygrpc._run_with_context._run
  File "/root/miniforge3/envs/flwr/lib/python3.11/site-packages/grpc/_channel.py", line 1916, in _poll_connectivity
    event = channel.watch_connectivity_state(
            ^^^^^^^^^^^^^^^^^^^^^^^^^^^^^^^^^
  File "src/python/grpcio/grpc/_cython/_cygrpc/channel.pyx.pxi", line 561, in grpc._cython.cygrpc.Channel.watch_connectivity_state
  File "src/python/grpcio/grpc/_cython/_cygrpc/channel.pyx.pxi", line 427, in grpc._cython.cygrpc._watch_connectivity_state
  File "src/python/grpcio/grpc/_cython/_cygrpc/channel.pyx.pxi", line 435, in grpc._cython.cygrpc._watch_connectivity_state
ValueError: Cannot monitor channel state: Channel closed!
Using the latest cached version of the dataset since fashion_mnist couldn't be found on the Hugging Face Hub
Found the latest cached dataset configuration 'fashion_mnist' at /root/.cache/huggingface/datasets/fashion_mnist/fashion_mnist/0.0.0/531be5e2ccc9dba0c201ad3ae567a4f3d16ecdd2 (last modified on Tue Feb 24 13:59:21 2026).
Using the latest cached version of the dataset since fashion_mnist couldn't be found on the Hugging Face Hub
Found the latest cached dataset configuration 'fashion_mnist' at /root/.cache/huggingface/datasets/fashion_mnist/fashion_mnist/0.0.0/531be5e2ccc9dba0c201ad3ae567a4f3d16ecdd2 (last modified on Tue Feb 24 13:59:21 2026).
Using the latest cached version of the dataset since fashion_mnist couldn't be found on the Hugging Face Hub
Found the latest cached dataset configuration 'fashion_mnist' at /root/.cache/huggingface/datasets/fashion_mnist/fashion_mnist/0.0.0/531be5e2ccc9dba0c201ad3ae567a4f3d16ecdd2 (last modified on Tue Feb 24 13:59:21 2026).
Using the latest cached version of the dataset since fashion_mnist couldn't be found on the Hugging Face Hub
Found the latest cached dataset configuration 'fashion_mnist' at /root/.cache/huggingface/datasets/fashion_mnist/fashion_mnist/0.0.0/531be5e2ccc9dba0c201ad3ae567a4f3d16ecdd2 (last modified on Tue Feb 24 13:59:21 2026).
Using the latest cached version of the dataset since fashion_mnist couldn't be found on the Hugging Face Hub
Found the latest cached dataset configuration 'fashion_mnist' at /root/.cache/huggingface/datasets/fashion_mnist/fashion_mnist/0.0.0/531be5e2ccc9dba0c201ad3ae567a4f3d16ecdd2 (last modified on Tue Feb 24 13:59:21 2026).
Using the latest cached version of the dataset since fashion_mnist couldn't be found on the Hugging Face Hub
Found the latest cached dataset configuration 'fashion_mnist' at /root/.cache/huggingface/datasets/fashion_mnist/fashion_mnist/0.0.0/531be5e2ccc9dba0c201ad3ae567a4f3d16ecdd2 (last modified on Tue Feb 24 13:59:21 2026).
Using the latest cached version of the dataset since fashion_mnist couldn't be found on the Hugging Face Hub
Found the latest cached dataset configuration 'fashion_mnist' at /root/.cache/huggingface/datasets/fashion_mnist/fashion_mnist/0.0.0/531be5e2ccc9dba0c201ad3ae567a4f3d16ecdd2 (last modified on Tue Feb 24 13:59:21 2026).
Exception in thread Thread-779 (_run):
Traceback (most recent call last):
  File "/root/miniforge3/envs/flwr/lib/python3.11/threading.py", line 1045, in _bootstrap_inner
    self.run()
  File "/root/miniforge3/envs/flwr/lib/python3.11/threading.py", line 982, in run
    self._target(*self._args, **self._kwargs)
  File "src/python/grpcio/grpc/_cython/_cygrpc/thread.pyx.pxi", line 53, in grpc._cython.cygrpc._run_with_context._run
  File "/root/miniforge3/envs/flwr/lib/python3.11/site-packages/grpc/_channel.py", line 1916, in _poll_connectivity
    event = channel.watch_connectivity_state(
            ^^^^^^^^^^^^^^^^^^^^^^^^^^^^^^^^^
  File "src/python/grpcio/grpc/_cython/_cygrpc/channel.pyx.pxi", line 561, in grpc._cython.cygrpc.Channel.watch_connectivity_state
  File "src/python/grpcio/grpc/_cython/_cygrpc/channel.pyx.pxi", line 427, in grpc._cython.cygrpc._watch_connectivity_state
  File "src/python/grpcio/grpc/_cython/_cygrpc/channel.pyx.pxi", line 435, in grpc._cython.cygrpc._watch_connectivity_state
ValueError: Cannot monitor channel state: Channel closed!
Exception in thread Thread-800 (_run):
Traceback (most recent call last):
  File "/root/miniforge3/envs/flwr/lib/python3.11/threading.py", line 1045, in _bootstrap_inner
    self.run()
  File "/root/miniforge3/envs/flwr/lib/python3.11/threading.py", line 982, in run
    self._target(*self._args, **self._kwargs)
  File "src/python/grpcio/grpc/_cython/_cygrpc/thread.pyx.pxi", line 53, in grpc._cython.cygrpc._run_with_context._run
  File "/root/miniforge3/envs/flwr/lib/python3.11/site-packages/grpc/_channel.py", line 1916, in _poll_connectivity
    event = channel.watch_connectivity_state(
            ^^^^^^^^^^^^^^^^^^^^^^^^^^^^^^^^^
  File "src/python/grpcio/grpc/_cython/_cygrpc/channel.pyx.pxi", line 561, in grpc._cython.cygrpc.Channel.watch_connectivity_state
  File "src/python/grpcio/grpc/_cython/_cygrpc/channel.pyx.pxi", line 427, in grpc._cython.cygrpc._watch_connectivity_state
  File "src/python/grpcio/grpc/_cython/_cygrpc/channel.pyx.pxi", line 435, in grpc._cython.cygrpc._watch_connectivity_state
ValueError: Cannot monitor channel state: Channel closed!
Exception in thread Thread-797 (_run):
Traceback (most recent call last):
  File "/root/miniforge3/envs/flwr/lib/python3.11/threading.py", line 1045, in _bootstrap_inner
    self.run()
  File "/root/miniforge3/envs/flwr/lib/python3.11/threading.py", line 982, in run
    self._target(*self._args, **self._kwargs)
  File "src/python/grpcio/grpc/_cython/_cygrpc/thread.pyx.pxi", line 53, in grpc._cython.cygrpc._run_with_context._run
  File "/root/miniforge3/envs/flwr/lib/python3.11/site-packages/grpc/_channel.py", line 1916, in _poll_connectivity
    event = channel.watch_connectivity_state(
            ^^^^^^^^^^^^^^^^^^^^^^^^^^^^^^^^^
  File "src/python/grpcio/grpc/_cython/_cygrpc/channel.pyx.pxi", line 561, in grpc._cython.cygrpc.Channel.watch_connectivity_state
  File "src/python/grpcio/grpc/_cython/_cygrpc/channel.pyx.pxi", line 427, in grpc._cython.cygrpc._watch_connectivity_state
  File "src/python/grpcio/grpc/_cython/_cygrpc/channel.pyx.pxi", line 435, in grpc._cython.cygrpc._watch_connectivity_state
ValueError: Cannot monitor channel state: Channel closed!
Using the latest cached version of the dataset since fashion_mnist couldn't be found on the Hugging Face Hub
Found the latest cached dataset configuration 'fashion_mnist' at /root/.cache/huggingface/datasets/fashion_mnist/fashion_mnist/0.0.0/531be5e2ccc9dba0c201ad3ae567a4f3d16ecdd2 (last modified on Tue Feb 24 13:59:21 2026).
Using the latest cached version of the dataset since fashion_mnist couldn't be found on the Hugging Face Hub
Found the latest cached dataset configuration 'fashion_mnist' at /root/.cache/huggingface/datasets/fashion_mnist/fashion_mnist/0.0.0/531be5e2ccc9dba0c201ad3ae567a4f3d16ecdd2 (last modified on Tue Feb 24 13:59:21 2026).
Using the latest cached version of the dataset since fashion_mnist couldn't be found on the Hugging Face Hub
Found the latest cached dataset configuration 'fashion_mnist' at /root/.cache/huggingface/datasets/fashion_mnist/fashion_mnist/0.0.0/531be5e2ccc9dba0c201ad3ae567a4f3d16ecdd2 (last modified on Tue Feb 24 13:59:21 2026).
Using the latest cached version of the dataset since fashion_mnist couldn't be found on the Hugging Face Hub
Found the latest cached dataset configuration 'fashion_mnist' at /root/.cache/huggingface/datasets/fashion_mnist/fashion_mnist/0.0.0/531be5e2ccc9dba0c201ad3ae567a4f3d16ecdd2 (last modified on Tue Feb 24 13:59:21 2026).
Using the latest cached version of the dataset since fashion_mnist couldn't be found on the Hugging Face Hub
Found the latest cached dataset configuration 'fashion_mnist' at /root/.cache/huggingface/datasets/fashion_mnist/fashion_mnist/0.0.0/531be5e2ccc9dba0c201ad3ae567a4f3d16ecdd2 (last modified on Tue Feb 24 13:59:21 2026).
Using the latest cached version of the dataset since fashion_mnist couldn't be found on the Hugging Face Hub
Found the latest cached dataset configuration 'fashion_mnist' at /root/.cache/huggingface/datasets/fashion_mnist/fashion_mnist/0.0.0/531be5e2ccc9dba0c201ad3ae567a4f3d16ecdd2 (last modified on Tue Feb 24 13:59:21 2026).
Using the latest cached version of the dataset since fashion_mnist couldn't be found on the Hugging Face Hub
Found the latest cached dataset configuration 'fashion_mnist' at /root/.cache/huggingface/datasets/fashion_mnist/fashion_mnist/0.0.0/531be5e2ccc9dba0c201ad3ae567a4f3d16ecdd2 (last modified on Tue Feb 24 13:59:21 2026).
Using the latest cached version of the dataset since fashion_mnist couldn't be found on the Hugging Face Hub
Found the latest cached dataset configuration 'fashion_mnist' at /root/.cache/huggingface/datasets/fashion_mnist/fashion_mnist/0.0.0/531be5e2ccc9dba0c201ad3ae567a4f3d16ecdd2 (last modified on Tue Feb 24 13:59:21 2026).
Using the latest cached version of the dataset since fashion_mnist couldn't be found on the Hugging Face Hub
Found the latest cached dataset configuration 'fashion_mnist' at /root/.cache/huggingface/datasets/fashion_mnist/fashion_mnist/0.0.0/531be5e2ccc9dba0c201ad3ae567a4f3d16ecdd2 (last modified on Tue Feb 24 13:59:21 2026).
Using the latest cached version of the dataset since fashion_mnist couldn't be found on the Hugging Face Hub
Found the latest cached dataset configuration 'fashion_mnist' at /root/.cache/huggingface/datasets/fashion_mnist/fashion_mnist/0.0.0/531be5e2ccc9dba0c201ad3ae567a4f3d16ecdd2 (last modified on Tue Feb 24 13:59:21 2026).
Exception in thread Thread-810 (_run):
Traceback (most recent call last):
  File "/root/miniforge3/envs/flwr/lib/python3.11/threading.py", line 1045, in _bootstrap_inner
    self.run()
  File "/root/miniforge3/envs/flwr/lib/python3.11/threading.py", line 982, in run
    self._target(*self._args, **self._kwargs)
  File "src/python/grpcio/grpc/_cython/_cygrpc/thread.pyx.pxi", line 53, in grpc._cython.cygrpc._run_with_context._run
  File "/root/miniforge3/envs/flwr/lib/python3.11/site-packages/grpc/_channel.py", line 1916, in _poll_connectivity
    event = channel.watch_connectivity_state(
            ^^^^^^^^^^^^^^^^^^^^^^^^^^^^^^^^^
  File "src/python/grpcio/grpc/_cython/_cygrpc/channel.pyx.pxi", line 561, in grpc._cython.cygrpc.Channel.watch_connectivity_state
  File "src/python/grpcio/grpc/_cython/_cygrpc/channel.pyx.pxi", line 427, in grpc._cython.cygrpc._watch_connectivity_state
  File "src/python/grpcio/grpc/_cython/_cygrpc/channel.pyx.pxi", line 435, in grpc._cython.cygrpc._watch_connectivity_state
ValueError: Cannot monitor channel state: Channel closed!
Exception in thread Thread-798 (_run):
Traceback (most recent call last):
  File "/root/miniforge3/envs/flwr/lib/python3.11/threading.py", line 1045, in _bootstrap_inner
    self.run()
  File "/root/miniforge3/envs/flwr/lib/python3.11/threading.py", line 982, in run
    self._target(*self._args, **self._kwargs)
  File "src/python/grpcio/grpc/_cython/_cygrpc/thread.pyx.pxi", line 53, in grpc._cython.cygrpc._run_with_context._run
  File "/root/miniforge3/envs/flwr/lib/python3.11/site-packages/grpc/_channel.py", line 1916, in _poll_connectivity
    event = channel.watch_connectivity_state(
            ^^^^^^^^^^^^^^^^^^^^^^^^^^^^^^^^^
  File "src/python/grpcio/grpc/_cython/_cygrpc/channel.pyx.pxi", line 561, in grpc._cython.cygrpc.Channel.watch_connectivity_state
  File "src/python/grpcio/grpc/_cython/_cygrpc/channel.pyx.pxi", line 427, in grpc._cython.cygrpc._watch_connectivity_state
  File "src/python/grpcio/grpc/_cython/_cygrpc/channel.pyx.pxi", line 435, in grpc._cython.cygrpc._watch_connectivity_state
ValueError: Cannot monitor channel state: Channel closed!
Exception in thread Thread-843 (_run):
Traceback (most recent call last):
  File "/root/miniforge3/envs/flwr/lib/python3.11/threading.py", line 1045, in _bootstrap_inner
    self.run()
  File "/root/miniforge3/envs/flwr/lib/python3.11/threading.py", line 982, in run
    self._target(*self._args, **self._kwargs)
  File "src/python/grpcio/grpc/_cython/_cygrpc/thread.pyx.pxi", line 53, in grpc._cython.cygrpc._run_with_context._run
  File "/root/miniforge3/envs/flwr/lib/python3.11/site-packages/grpc/_channel.py", line 1916, in _poll_connectivity
    event = channel.watch_connectivity_state(
            ^^^^^^^^^^^^^^^^^^^^^^^^^^^^^^^^^
  File "src/python/grpcio/grpc/_cython/_cygrpc/channel.pyx.pxi", line 561, in grpc._cython.cygrpc.Channel.watch_connectivity_state
  File "src/python/grpcio/grpc/_cython/_cygrpc/channel.pyx.pxi", line 427, in grpc._cython.cygrpc._watch_connectivity_state
  File "src/python/grpcio/grpc/_cython/_cygrpc/channel.pyx.pxi", line 435, in grpc._cython.cygrpc._watch_connectivity_state
ValueError: Cannot monitor channel state: Channel closed!
Exception in thread Thread-818 (_run):
Traceback (most recent call last):
  File "/root/miniforge3/envs/flwr/lib/python3.11/threading.py", line 1045, in _bootstrap_inner
    self.run()
  File "/root/miniforge3/envs/flwr/lib/python3.11/threading.py", line 982, in run
    self._target(*self._args, **self._kwargs)
  File "src/python/grpcio/grpc/_cython/_cygrpc/thread.pyx.pxi", line 53, in grpc._cython.cygrpc._run_with_context._run
  File "/root/miniforge3/envs/flwr/lib/python3.11/site-packages/grpc/_channel.py", line 1916, in _poll_connectivity
    event = channel.watch_connectivity_state(
            ^^^^^^^^^^^^^^^^^^^^^^^^^^^^^^^^^
  File "src/python/grpcio/grpc/_cython/_cygrpc/channel.pyx.pxi", line 561, in grpc._cython.cygrpc.Channel.watch_connectivity_state
  File "src/python/grpcio/grpc/_cython/_cygrpc/channel.pyx.pxi", line 427, in grpc._cython.cygrpc._watch_connectivity_state
  File "src/python/grpcio/grpc/_cython/_cygrpc/channel.pyx.pxi", line 435, in grpc._cython.cygrpc._watch_connectivity_state
ValueError: Cannot monitor channel state: Channel closed!
Exception in thread Thread-863 (_run):
Traceback (most recent call last):
  File "/root/miniforge3/envs/flwr/lib/python3.11/threading.py", line 1045, in _bootstrap_inner
    self.run()
  File "/root/miniforge3/envs/flwr/lib/python3.11/threading.py", line 982, in run
    self._target(*self._args, **self._kwargs)
  File "src/python/grpcio/grpc/_cython/_cygrpc/thread.pyx.pxi", line 53, in grpc._cython.cygrpc._run_with_context._run
  File "/root/miniforge3/envs/flwr/lib/python3.11/site-packages/grpc/_channel.py", line 1916, in _poll_connectivity
    event = channel.watch_connectivity_state(
            ^^^^^^^^^^^^^^^^^^^^^^^^^^^^^^^^^
  File "src/python/grpcio/grpc/_cython/_cygrpc/channel.pyx.pxi", line 561, in grpc._cython.cygrpc.Channel.watch_connectivity_state
  File "src/python/grpcio/grpc/_cython/_cygrpc/channel.pyx.pxi", line 427, in grpc._cython.cygrpc._watch_connectivity_state
  File "src/python/grpcio/grpc/_cython/_cygrpc/channel.pyx.pxi", line 435, in grpc._cython.cygrpc._watch_connectivity_state
ValueError: Cannot monitor channel state: Channel closed!
Exception in thread Thread-836 (_run):
Traceback (most recent call last):
  File "/root/miniforge3/envs/flwr/lib/python3.11/threading.py", line 1045, in _bootstrap_inner
    self.run()
  File "/root/miniforge3/envs/flwr/lib/python3.11/threading.py", line 982, in run
    self._target(*self._args, **self._kwargs)
  File "src/python/grpcio/grpc/_cython/_cygrpc/thread.pyx.pxi", line 53, in grpc._cython.cygrpc._run_with_context._run
  File "/root/miniforge3/envs/flwr/lib/python3.11/site-packages/grpc/_channel.py", line 1916, in _poll_connectivity
    event = channel.watch_connectivity_state(
            ^^^^^^^^^^^^^^^^^^^^^^^^^^^^^^^^^
  File "src/python/grpcio/grpc/_cython/_cygrpc/channel.pyx.pxi", line 561, in grpc._cython.cygrpc.Channel.watch_connectivity_state
  File "src/python/grpcio/grpc/_cython/_cygrpc/channel.pyx.pxi", line 427, in grpc._cython.cygrpc._watch_connectivity_state
  File "src/python/grpcio/grpc/_cython/_cygrpc/channel.pyx.pxi", line 435, in grpc._cython.cygrpc._watch_connectivity_state
ValueError: Cannot monitor channel state: Channel closed!
Exception in thread Thread-825 (_run):
Traceback (most recent call last):
  File "/root/miniforge3/envs/flwr/lib/python3.11/threading.py", line 1045, in _bootstrap_inner
    self.run()
  File "/root/miniforge3/envs/flwr/lib/python3.11/threading.py", line 982, in run
    self._target(*self._args, **self._kwargs)
  File "src/python/grpcio/grpc/_cython/_cygrpc/thread.pyx.pxi", line 53, in grpc._cython.cygrpc._run_with_context._run
  File "/root/miniforge3/envs/flwr/lib/python3.11/site-packages/grpc/_channel.py", line 1916, in _poll_connectivity
    event = channel.watch_connectivity_state(
            ^^^^^^^^^^^^^^^^^^^^^^^^^^^^^^^^^
  File "src/python/grpcio/grpc/_cython/_cygrpc/channel.pyx.pxi", line 561, in grpc._cython.cygrpc.Channel.watch_connectivity_state
  File "src/python/grpcio/grpc/_cython/_cygrpc/channel.pyx.pxi", line 427, in grpc._cython.cygrpc._watch_connectivity_state
  File "src/python/grpcio/grpc/_cython/_cygrpc/channel.pyx.pxi", line 435, in grpc._cython.cygrpc._watch_connectivity_state
ValueError: Cannot monitor channel state: Channel closed!
Exception in thread Thread-878 (_run):
Traceback (most recent call last):
  File "/root/miniforge3/envs/flwr/lib/python3.11/threading.py", line 1045, in _bootstrap_inner
    self.run()
  File "/root/miniforge3/envs/flwr/lib/python3.11/threading.py", line 982, in run
    self._target(*self._args, **self._kwargs)
  File "src/python/grpcio/grpc/_cython/_cygrpc/thread.pyx.pxi", line 53, in grpc._cython.cygrpc._run_with_context._run
  File "/root/miniforge3/envs/flwr/lib/python3.11/site-packages/grpc/_channel.py", line 1916, in _poll_connectivity
    event = channel.watch_connectivity_state(
            ^^^^^^^^^^^^^^^^^^^^^^^^^^^^^^^^^
  File "src/python/grpcio/grpc/_cython/_cygrpc/channel.pyx.pxi", line 561, in grpc._cython.cygrpc.Channel.watch_connectivity_state
  File "src/python/grpcio/grpc/_cython/_cygrpc/channel.pyx.pxi", line 427, in grpc._cython.cygrpc._watch_connectivity_state
  File "src/python/grpcio/grpc/_cython/_cygrpc/channel.pyx.pxi", line 435, in grpc._cython.cygrpc._watch_connectivity_state
ValueError: Cannot monitor channel state: Channel closed!
Exception in thread Thread-877 (_run):
Traceback (most recent call last):
  File "/root/miniforge3/envs/flwr/lib/python3.11/threading.py", line 1045, in _bootstrap_inner
    self.run()
  File "/root/miniforge3/envs/flwr/lib/python3.11/threading.py", line 982, in run
    self._target(*self._args, **self._kwargs)
  File "src/python/grpcio/grpc/_cython/_cygrpc/thread.pyx.pxi", line 53, in grpc._cython.cygrpc._run_with_context._run
  File "/root/miniforge3/envs/flwr/lib/python3.11/site-packages/grpc/_channel.py", line 1916, in _poll_connectivity
    event = channel.watch_connectivity_state(
            ^^^^^^^^^^^^^^^^^^^^^^^^^^^^^^^^^
  File "src/python/grpcio/grpc/_cython/_cygrpc/channel.pyx.pxi", line 561, in grpc._cython.cygrpc.Channel.watch_connectivity_state
  File "src/python/grpcio/grpc/_cython/_cygrpc/channel.pyx.pxi", line 427, in grpc._cython.cygrpc._watch_connectivity_state
  File "src/python/grpcio/grpc/_cython/_cygrpc/channel.pyx.pxi", line 435, in grpc._cython.cygrpc._watch_connectivity_state
ValueError: Cannot monitor channel state: Channel closed!
Exception in thread Thread-857 (_run):
Traceback (most recent call last):
  File "/root/miniforge3/envs/flwr/lib/python3.11/threading.py", line 1045, in _bootstrap_inner
    self.run()
  File "/root/miniforge3/envs/flwr/lib/python3.11/threading.py", line 982, in run
    self._target(*self._args, **self._kwargs)
  File "src/python/grpcio/grpc/_cython/_cygrpc/thread.pyx.pxi", line 53, in grpc._cython.cygrpc._run_with_context._run
  File "/root/miniforge3/envs/flwr/lib/python3.11/site-packages/grpc/_channel.py", line 1916, in _poll_connectivity
    event = channel.watch_connectivity_state(
            ^^^^^^^^^^^^^^^^^^^^^^^^^^^^^^^^^
  File "src/python/grpcio/grpc/_cython/_cygrpc/channel.pyx.pxi", line 561, in grpc._cython.cygrpc.Channel.watch_connectivity_state
  File "src/python/grpcio/grpc/_cython/_cygrpc/channel.pyx.pxi", line 427, in grpc._cython.cygrpc._watch_connectivity_state
  File "src/python/grpcio/grpc/_cython/_cygrpc/channel.pyx.pxi", line 435, in grpc._cython.cygrpc._watch_connectivity_state
ValueError: Cannot monitor channel state: Channel closed!
Exception in thread Thread-817 (_run):
Traceback (most recent call last):
  File "/root/miniforge3/envs/flwr/lib/python3.11/threading.py", line 1045, in _bootstrap_inner
    self.run()
  File "/root/miniforge3/envs/flwr/lib/python3.11/threading.py", line 982, in run
    self._target(*self._args, **self._kwargs)
  File "src/python/grpcio/grpc/_cython/_cygrpc/thread.pyx.pxi", line 53, in grpc._cython.cygrpc._run_with_context._run
  File "/root/miniforge3/envs/flwr/lib/python3.11/site-packages/grpc/_channel.py", line 1916, in _poll_connectivity
    event = channel.watch_connectivity_state(
            ^^^^^^^^^^^^^^^^^^^^^^^^^^^^^^^^^
  File "src/python/grpcio/grpc/_cython/_cygrpc/channel.pyx.pxi", line 561, in grpc._cython.cygrpc.Channel.watch_connectivity_state
  File "src/python/grpcio/grpc/_cython/_cygrpc/channel.pyx.pxi", line 427, in grpc._cython.cygrpc._watch_connectivity_state
  File "src/python/grpcio/grpc/_cython/_cygrpc/channel.pyx.pxi", line 435, in grpc._cython.cygrpc._watch_connectivity_state
ValueError: Cannot monitor channel state: Channel closed!
Exception in thread Thread-896 (_run):
Traceback (most recent call last):
  File "/root/miniforge3/envs/flwr/lib/python3.11/threading.py", line 1045, in _bootstrap_inner
    self.run()
  File "/root/miniforge3/envs/flwr/lib/python3.11/threading.py", line 982, in run
    self._target(*self._args, **self._kwargs)
  File "src/python/grpcio/grpc/_cython/_cygrpc/thread.pyx.pxi", line 53, in grpc._cython.cygrpc._run_with_context._run
  File "/root/miniforge3/envs/flwr/lib/python3.11/site-packages/grpc/_channel.py", line 1916, in _poll_connectivity
    event = channel.watch_connectivity_state(
            ^^^^^^^^^^^^^^^^^^^^^^^^^^^^^^^^^
  File "src/python/grpcio/grpc/_cython/_cygrpc/channel.pyx.pxi", line 561, in grpc._cython.cygrpc.Channel.watch_connectivity_state
  File "src/python/grpcio/grpc/_cython/_cygrpc/channel.pyx.pxi", line 427, in grpc._cython.cygrpc._watch_connectivity_state
  File "src/python/grpcio/grpc/_cython/_cygrpc/channel.pyx.pxi", line 435, in grpc._cython.cygrpc._watch_connectivity_state
ValueError: Cannot monitor channel state: Channel closed!
Exception in thread Thread-886 (_run):
Traceback (most recent call last):
  File "/root/miniforge3/envs/flwr/lib/python3.11/threading.py", line 1045, in _bootstrap_inner
    self.run()
  File "/root/miniforge3/envs/flwr/lib/python3.11/threading.py", line 982, in run
    self._target(*self._args, **self._kwargs)
  File "src/python/grpcio/grpc/_cython/_cygrpc/thread.pyx.pxi", line 53, in grpc._cython.cygrpc._run_with_context._run
  File "/root/miniforge3/envs/flwr/lib/python3.11/site-packages/grpc/_channel.py", line 1916, in _poll_connectivity
    event = channel.watch_connectivity_state(
            ^^^^^^^^^^^^^^^^^^^^^^^^^^^^^^^^^
  File "src/python/grpcio/grpc/_cython/_cygrpc/channel.pyx.pxi", line 561, in grpc._cython.cygrpc.Channel.watch_connectivity_state
  File "src/python/grpcio/grpc/_cython/_cygrpc/channel.pyx.pxi", line 427, in grpc._cython.cygrpc._watch_connectivity_state
  File "src/python/grpcio/grpc/_cython/_cygrpc/channel.pyx.pxi", line 435, in grpc._cython.cygrpc._watch_connectivity_state
ValueError: Cannot monitor channel state: Channel closed!
Exception in thread Thread-844 (_run):
Traceback (most recent call last):
  File "/root/miniforge3/envs/flwr/lib/python3.11/threading.py", line 1045, in _bootstrap_inner
    self.run()
  File "/root/miniforge3/envs/flwr/lib/python3.11/threading.py", line 982, in run
    self._target(*self._args, **self._kwargs)
  File "src/python/grpcio/grpc/_cython/_cygrpc/thread.pyx.pxi", line 53, in grpc._cython.cygrpc._run_with_context._run
  File "/root/miniforge3/envs/flwr/lib/python3.11/site-packages/grpc/_channel.py", line 1916, in _poll_connectivity
    event = channel.watch_connectivity_state(
            ^^^^^^^^^^^^^^^^^^^^^^^^^^^^^^^^^
  File "src/python/grpcio/grpc/_cython/_cygrpc/channel.pyx.pxi", line 561, in grpc._cython.cygrpc.Channel.watch_connectivity_state
  File "src/python/grpcio/grpc/_cython/_cygrpc/channel.pyx.pxi", line 427, in grpc._cython.cygrpc._watch_connectivity_state
  File "src/python/grpcio/grpc/_cython/_cygrpc/channel.pyx.pxi", line 435, in grpc._cython.cygrpc._watch_connectivity_state
ValueError: Cannot monitor channel state: Channel closed!
Exception in thread Thread-870 (_run):
Traceback (most recent call last):
  File "/root/miniforge3/envs/flwr/lib/python3.11/threading.py", line 1045, in _bootstrap_inner
    self.run()
  File "/root/miniforge3/envs/flwr/lib/python3.11/threading.py", line 982, in run
    self._target(*self._args, **self._kwargs)
  File "src/python/grpcio/grpc/_cython/_cygrpc/thread.pyx.pxi", line 53, in grpc._cython.cygrpc._run_with_context._run
  File "/root/miniforge3/envs/flwr/lib/python3.11/site-packages/grpc/_channel.py", line 1916, in _poll_connectivity
    event = channel.watch_connectivity_state(
            ^^^^^^^^^^^^^^^^^^^^^^^^^^^^^^^^^
  File "src/python/grpcio/grpc/_cython/_cygrpc/channel.pyx.pxi", line 561, in grpc._cython.cygrpc.Channel.watch_connectivity_state
  File "src/python/grpcio/grpc/_cython/_cygrpc/channel.pyx.pxi", line 427, in grpc._cython.cygrpc._watch_connectivity_state
  File "src/python/grpcio/grpc/_cython/_cygrpc/channel.pyx.pxi", line 435, in grpc._cython.cygrpc._watch_connectivity_state
ValueError: Cannot monitor channel state: Channel closed!
Exception in thread Thread-886 (_run):
Traceback (most recent call last):
  File "/root/miniforge3/envs/flwr/lib/python3.11/threading.py", line 1045, in _bootstrap_inner
    self.run()
  File "/root/miniforge3/envs/flwr/lib/python3.11/threading.py", line 982, in run
    self._target(*self._args, **self._kwargs)
  File "src/python/grpcio/grpc/_cython/_cygrpc/thread.pyx.pxi", line 53, in grpc._cython.cygrpc._run_with_context._run
  File "/root/miniforge3/envs/flwr/lib/python3.11/site-packages/grpc/_channel.py", line 1916, in _poll_connectivity
    event = channel.watch_connectivity_state(
            ^^^^^^^^^^^^^^^^^^^^^^^^^^^^^^^^^
  File "src/python/grpcio/grpc/_cython/_cygrpc/channel.pyx.pxi", line 561, in grpc._cython.cygrpc.Channel.watch_connectivity_state
  File "src/python/grpcio/grpc/_cython/_cygrpc/channel.pyx.pxi", line 427, in grpc._cython.cygrpc._watch_connectivity_state
  File "src/python/grpcio/grpc/_cython/_cygrpc/channel.pyx.pxi", line 435, in grpc._cython.cygrpc._watch_connectivity_state
ValueError: Cannot monitor channel state: Channel closed!
Exception in thread Thread-893 (_run):
Traceback (most recent call last):
  File "/root/miniforge3/envs/flwr/lib/python3.11/threading.py", line 1045, in _bootstrap_inner
    self.run()
  File "/root/miniforge3/envs/flwr/lib/python3.11/threading.py", line 982, in run
    self._target(*self._args, **self._kwargs)
  File "src/python/grpcio/grpc/_cython/_cygrpc/thread.pyx.pxi", line 53, in grpc._cython.cygrpc._run_with_context._run
  File "/root/miniforge3/envs/flwr/lib/python3.11/site-packages/grpc/_channel.py", line 1916, in _poll_connectivity
    event = channel.watch_connectivity_state(
            ^^^^^^^^^^^^^^^^^^^^^^^^^^^^^^^^^
  File "src/python/grpcio/grpc/_cython/_cygrpc/channel.pyx.pxi", line 561, in grpc._cython.cygrpc.Channel.watch_connectivity_state
  File "src/python/grpcio/grpc/_cython/_cygrpc/channel.pyx.pxi", line 427, in grpc._cython.cygrpc._watch_connectivity_state
  File "src/python/grpcio/grpc/_cython/_cygrpc/channel.pyx.pxi", line 435, in grpc._cython.cygrpc._watch_connectivity_state
ValueError: Cannot monitor channel state: Channel closed!
Exception in thread Thread-854 (_run):
Traceback (most recent call last):
  File "/root/miniforge3/envs/flwr/lib/python3.11/threading.py", line 1045, in _bootstrap_inner
    self.run()
  File "/root/miniforge3/envs/flwr/lib/python3.11/threading.py", line 982, in run
    self._target(*self._args, **self._kwargs)
  File "src/python/grpcio/grpc/_cython/_cygrpc/thread.pyx.pxi", line 53, in grpc._cython.cygrpc._run_with_context._run
  File "/root/miniforge3/envs/flwr/lib/python3.11/site-packages/grpc/_channel.py", line 1916, in _poll_connectivity
    event = channel.watch_connectivity_state(
            ^^^^^^^^^^^^^^^^^^^^^^^^^^^^^^^^^
  File "src/python/grpcio/grpc/_cython/_cygrpc/channel.pyx.pxi", line 561, in grpc._cython.cygrpc.Channel.watch_connectivity_state
  File "src/python/grpcio/grpc/_cython/_cygrpc/channel.pyx.pxi", line 427, in grpc._cython.cygrpc._watch_connectivity_state
  File "src/python/grpcio/grpc/_cython/_cygrpc/channel.pyx.pxi", line 435, in grpc._cython.cygrpc._watch_connectivity_state
ValueError: Cannot monitor channel state: Channel closed!
Exception in thread Thread-904 (_run):
Traceback (most recent call last):
  File "/root/miniforge3/envs/flwr/lib/python3.11/threading.py", line 1045, in _bootstrap_inner
    self.run()
  File "/root/miniforge3/envs/flwr/lib/python3.11/threading.py", line 982, in run
    self._target(*self._args, **self._kwargs)
  File "src/python/grpcio/grpc/_cython/_cygrpc/thread.pyx.pxi", line 53, in grpc._cython.cygrpc._run_with_context._run
  File "/root/miniforge3/envs/flwr/lib/python3.11/site-packages/grpc/_channel.py", line 1916, in _poll_connectivity
    event = channel.watch_connectivity_state(
            ^^^^^^^^^^^^^^^^^^^^^^^^^^^^^^^^^
  File "src/python/grpcio/grpc/_cython/_cygrpc/channel.pyx.pxi", line 561, in grpc._cython.cygrpc.Channel.watch_connectivity_state
  File "src/python/grpcio/grpc/_cython/_cygrpc/channel.pyx.pxi", line 427, in grpc._cython.cygrpc._watch_connectivity_state
  File "src/python/grpcio/grpc/_cython/_cygrpc/channel.pyx.pxi", line 435, in grpc._cython.cygrpc._watch_connectivity_state
ValueError: Cannot monitor channel state: Channel closed!
Exception in thread Thread-919 (_run):
Traceback (most recent call last):
  File "/root/miniforge3/envs/flwr/lib/python3.11/threading.py", line 1045, in _bootstrap_inner
    self.run()
  File "/root/miniforge3/envs/flwr/lib/python3.11/threading.py", line 982, in run
    self._target(*self._args, **self._kwargs)
  File "src/python/grpcio/grpc/_cython/_cygrpc/thread.pyx.pxi", line 53, in grpc._cython.cygrpc._run_with_context._run
  File "/root/miniforge3/envs/flwr/lib/python3.11/site-packages/grpc/_channel.py", line 1916, in _poll_connectivity
    event = channel.watch_connectivity_state(
            ^^^^^^^^^^^^^^^^^^^^^^^^^^^^^^^^^
  File "src/python/grpcio/grpc/_cython/_cygrpc/channel.pyx.pxi", line 561, in grpc._cython.cygrpc.Channel.watch_connectivity_state
  File "src/python/grpcio/grpc/_cython/_cygrpc/channel.pyx.pxi", line 427, in grpc._cython.cygrpc._watch_connectivity_state
  File "src/python/grpcio/grpc/_cython/_cygrpc/channel.pyx.pxi", line 435, in grpc._cython.cygrpc._watch_connectivity_state
ValueError: Cannot monitor channel state: Channel closed!
Exception in thread Thread-938 (_run):
Traceback (most recent call last):
  File "/root/miniforge3/envs/flwr/lib/python3.11/threading.py", line 1045, in _bootstrap_inner
    self.run()
  File "/root/miniforge3/envs/flwr/lib/python3.11/threading.py", line 982, in run
    self._target(*self._args, **self._kwargs)
  File "src/python/grpcio/grpc/_cython/_cygrpc/thread.pyx.pxi", line 53, in grpc._cython.cygrpc._run_with_context._run
  File "/root/miniforge3/envs/flwr/lib/python3.11/site-packages/grpc/_channel.py", line 1916, in _poll_connectivity
    event = channel.watch_connectivity_state(
            ^^^^^^^^^^^^^^^^^^^^^^^^^^^^^^^^^
  File "src/python/grpcio/grpc/_cython/_cygrpc/channel.pyx.pxi", line 561, in grpc._cython.cygrpc.Channel.watch_connectivity_state
  File "src/python/grpcio/grpc/_cython/_cygrpc/channel.pyx.pxi", line 427, in grpc._cython.cygrpc._watch_connectivity_state
  File "src/python/grpcio/grpc/_cython/_cygrpc/channel.pyx.pxi", line 435, in grpc._cython.cygrpc._watch_connectivity_state
ValueError: Cannot monitor channel state: Channel closed!
Exception in thread Thread-902 (_run):
Traceback (most recent call last):
  File "/root/miniforge3/envs/flwr/lib/python3.11/threading.py", line 1045, in _bootstrap_inner
    self.run()
  File "/root/miniforge3/envs/flwr/lib/python3.11/threading.py", line 982, in run
    self._target(*self._args, **self._kwargs)
  File "src/python/grpcio/grpc/_cython/_cygrpc/thread.pyx.pxi", line 53, in grpc._cython.cygrpc._run_with_context._run
  File "/root/miniforge3/envs/flwr/lib/python3.11/site-packages/grpc/_channel.py", line 1916, in _poll_connectivity
    event = channel.watch_connectivity_state(
            ^^^^^^^^^^^^^^^^^^^^^^^^^^^^^^^^^
  File "src/python/grpcio/grpc/_cython/_cygrpc/channel.pyx.pxi", line 561, in grpc._cython.cygrpc.Channel.watch_connectivity_state
  File "src/python/grpcio/grpc/_cython/_cygrpc/channel.pyx.pxi", line 427, in grpc._cython.cygrpc._watch_connectivity_state
  File "src/python/grpcio/grpc/_cython/_cygrpc/channel.pyx.pxi", line 435, in grpc._cython.cygrpc._watch_connectivity_state
ValueError: Cannot monitor channel state: Channel closed!
Exception in thread Thread-931 (_run):
Traceback (most recent call last):
  File "/root/miniforge3/envs/flwr/lib/python3.11/threading.py", line 1045, in _bootstrap_inner
    self.run()
  File "/root/miniforge3/envs/flwr/lib/python3.11/threading.py", line 982, in run
    self._target(*self._args, **self._kwargs)
  File "src/python/grpcio/grpc/_cython/_cygrpc/thread.pyx.pxi", line 53, in grpc._cython.cygrpc._run_with_context._run
  File "/root/miniforge3/envs/flwr/lib/python3.11/site-packages/grpc/_channel.py", line 1916, in _poll_connectivity
    event = channel.watch_connectivity_state(
            ^^^^^^^^^^^^^^^^^^^^^^^^^^^^^^^^^
  File "src/python/grpcio/grpc/_cython/_cygrpc/channel.pyx.pxi", line 561, in grpc._cython.cygrpc.Channel.watch_connectivity_state
  File "src/python/grpcio/grpc/_cython/_cygrpc/channel.pyx.pxi", line 427, in grpc._cython.cygrpc._watch_connectivity_state
  File "src/python/grpcio/grpc/_cython/_cygrpc/channel.pyx.pxi", line 435, in grpc._cython.cygrpc._watch_connectivity_state
ValueError: Cannot monitor channel state: Channel closed!
Exception in thread Thread-870 (_run):
Traceback (most recent call last):
  File "/root/miniforge3/envs/flwr/lib/python3.11/threading.py", line 1045, in _bootstrap_inner
    self.run()
  File "/root/miniforge3/envs/flwr/lib/python3.11/threading.py", line 982, in run
    self._target(*self._args, **self._kwargs)
  File "src/python/grpcio/grpc/_cython/_cygrpc/thread.pyx.pxi", line 53, in grpc._cython.cygrpc._run_with_context._run
  File "/root/miniforge3/envs/flwr/lib/python3.11/site-packages/grpc/_channel.py", line 1916, in _poll_connectivity
    event = channel.watch_connectivity_state(
            ^^^^^^^^^^^^^^^^^^^^^^^^^^^^^^^^^
  File "src/python/grpcio/grpc/_cython/_cygrpc/channel.pyx.pxi", line 561, in grpc._cython.cygrpc.Channel.watch_connectivity_state
  File "src/python/grpcio/grpc/_cython/_cygrpc/channel.pyx.pxi", line 427, in grpc._cython.cygrpc._watch_connectivity_state
  File "src/python/grpcio/grpc/_cython/_cygrpc/channel.pyx.pxi", line 435, in grpc._cython.cygrpc._watch_connectivity_state
ValueError: Cannot monitor channel state: Channel closed!
Exception in thread Thread-902 (_run):
Traceback (most recent call last):
  File "/root/miniforge3/envs/flwr/lib/python3.11/threading.py", line 1045, in _bootstrap_inner
    self.run()
  File "/root/miniforge3/envs/flwr/lib/python3.11/threading.py", line 982, in run
    self._target(*self._args, **self._kwargs)
  File "src/python/grpcio/grpc/_cython/_cygrpc/thread.pyx.pxi", line 53, in grpc._cython.cygrpc._run_with_context._run
  File "/root/miniforge3/envs/flwr/lib/python3.11/site-packages/grpc/_channel.py", line 1916, in _poll_connectivity
    event = channel.watch_connectivity_state(
            ^^^^^^^^^^^^^^^^^^^^^^^^^^^^^^^^^
  File "src/python/grpcio/grpc/_cython/_cygrpc/channel.pyx.pxi", line 561, in grpc._cython.cygrpc.Channel.watch_connectivity_state
  File "src/python/grpcio/grpc/_cython/_cygrpc/channel.pyx.pxi", line 427, in grpc._cython.cygrpc._watch_connectivity_state
  File "src/python/grpcio/grpc/_cython/_cygrpc/channel.pyx.pxi", line 435, in grpc._cython.cygrpc._watch_connectivity_state
ValueError: Cannot monitor channel state: Channel closed!
Exception in thread Thread-918 (_run):
Traceback (most recent call last):
  File "/root/miniforge3/envs/flwr/lib/python3.11/threading.py", line 1045, in _bootstrap_inner
    self.run()
  File "/root/miniforge3/envs/flwr/lib/python3.11/threading.py", line 982, in run
    self._target(*self._args, **self._kwargs)
  File "src/python/grpcio/grpc/_cython/_cygrpc/thread.pyx.pxi", line 53, in grpc._cython.cygrpc._run_with_context._run
  File "/root/miniforge3/envs/flwr/lib/python3.11/site-packages/grpc/_channel.py", line 1916, in _poll_connectivity
    event = channel.watch_connectivity_state(
            ^^^^^^^^^^^^^^^^^^^^^^^^^^^^^^^^^
  File "src/python/grpcio/grpc/_cython/_cygrpc/channel.pyx.pxi", line 561, in grpc._cython.cygrpc.Channel.watch_connectivity_state
  File "src/python/grpcio/grpc/_cython/_cygrpc/channel.pyx.pxi", line 427, in grpc._cython.cygrpc._watch_connectivity_state
  File "src/python/grpcio/grpc/_cython/_cygrpc/channel.pyx.pxi", line 435, in grpc._cython.cygrpc._watch_connectivity_state
ValueError: Cannot monitor channel state: Channel closed!
Exception in thread Thread-887 (_run):
Traceback (most recent call last):
  File "/root/miniforge3/envs/flwr/lib/python3.11/threading.py", line 1045, in _bootstrap_inner
    self.run()
  File "/root/miniforge3/envs/flwr/lib/python3.11/threading.py", line 982, in run
    self._target(*self._args, **self._kwargs)
  File "src/python/grpcio/grpc/_cython/_cygrpc/thread.pyx.pxi", line 53, in grpc._cython.cygrpc._run_with_context._run
  File "/root/miniforge3/envs/flwr/lib/python3.11/site-packages/grpc/_channel.py", line 1916, in _poll_connectivity
    event = channel.watch_connectivity_state(
            ^^^^^^^^^^^^^^^^^^^^^^^^^^^^^^^^^
  File "src/python/grpcio/grpc/_cython/_cygrpc/channel.pyx.pxi", line 561, in grpc._cython.cygrpc.Channel.watch_connectivity_state
  File "src/python/grpcio/grpc/_cython/_cygrpc/channel.pyx.pxi", line 427, in grpc._cython.cygrpc._watch_connectivity_state
  File "src/python/grpcio/grpc/_cython/_cygrpc/channel.pyx.pxi", line 435, in grpc._cython.cygrpc._watch_connectivity_state
ValueError: Cannot monitor channel state: Channel closed!
Exception in thread Thread-893 (_run):
Traceback (most recent call last):
  File "/root/miniforge3/envs/flwr/lib/python3.11/threading.py", line 1045, in _bootstrap_inner
    self.run()
  File "/root/miniforge3/envs/flwr/lib/python3.11/threading.py", line 982, in run
    self._target(*self._args, **self._kwargs)
  File "src/python/grpcio/grpc/_cython/_cygrpc/thread.pyx.pxi", line 53, in grpc._cython.cygrpc._run_with_context._run
  File "/root/miniforge3/envs/flwr/lib/python3.11/site-packages/grpc/_channel.py", line 1916, in _poll_connectivity
    event = channel.watch_connectivity_state(
            ^^^^^^^^^^^^^^^^^^^^^^^^^^^^^^^^^
  File "src/python/grpcio/grpc/_cython/_cygrpc/channel.pyx.pxi", line 561, in grpc._cython.cygrpc.Channel.watch_connectivity_state
  File "src/python/grpcio/grpc/_cython/_cygrpc/channel.pyx.pxi", line 427, in grpc._cython.cygrpc._watch_connectivity_state
  File "src/python/grpcio/grpc/_cython/_cygrpc/channel.pyx.pxi", line 435, in grpc._cython.cygrpc._watch_connectivity_state
ValueError: Cannot monitor channel state: Channel closed!
Exception in thread Thread-935 (_run):
Traceback (most recent call last):
  File "/root/miniforge3/envs/flwr/lib/python3.11/threading.py", line 1045, in _bootstrap_inner
    self.run()
  File "/root/miniforge3/envs/flwr/lib/python3.11/threading.py", line 982, in run
    self._target(*self._args, **self._kwargs)
  File "src/python/grpcio/grpc/_cython/_cygrpc/thread.pyx.pxi", line 53, in grpc._cython.cygrpc._run_with_context._run
  File "/root/miniforge3/envs/flwr/lib/python3.11/site-packages/grpc/_channel.py", line 1916, in _poll_connectivity
    event = channel.watch_connectivity_state(
            ^^^^^^^^^^^^^^^^^^^^^^^^^^^^^^^^^
  File "src/python/grpcio/grpc/_cython/_cygrpc/channel.pyx.pxi", line 561, in grpc._cython.cygrpc.Channel.watch_connectivity_state
  File "src/python/grpcio/grpc/_cython/_cygrpc/channel.pyx.pxi", line 427, in grpc._cython.cygrpc._watch_connectivity_state
  File "src/python/grpcio/grpc/_cython/_cygrpc/channel.pyx.pxi", line 435, in grpc._cython.cygrpc._watch_connectivity_state
ValueError: Cannot monitor channel state: Channel closed!
Exception in thread Thread-917 (_run):
Traceback (most recent call last):
  File "/root/miniforge3/envs/flwr/lib/python3.11/threading.py", line 1045, in _bootstrap_inner
    self.run()
  File "/root/miniforge3/envs/flwr/lib/python3.11/threading.py", line 982, in run
    self._target(*self._args, **self._kwargs)
  File "src/python/grpcio/grpc/_cython/_cygrpc/thread.pyx.pxi", line 53, in grpc._cython.cygrpc._run_with_context._run
  File "/root/miniforge3/envs/flwr/lib/python3.11/site-packages/grpc/_channel.py", line 1916, in _poll_connectivity
    event = channel.watch_connectivity_state(
            ^^^^^^^^^^^^^^^^^^^^^^^^^^^^^^^^^
  File "src/python/grpcio/grpc/_cython/_cygrpc/channel.pyx.pxi", line 561, in grpc._cython.cygrpc.Channel.watch_connectivity_state
  File "src/python/grpcio/grpc/_cython/_cygrpc/channel.pyx.pxi", line 427, in grpc._cython.cygrpc._watch_connectivity_state
  File "src/python/grpcio/grpc/_cython/_cygrpc/channel.pyx.pxi", line 435, in grpc._cython.cygrpc._watch_connectivity_state
ValueError: Cannot monitor channel state: Channel closed!
Exception in thread Thread-891 (_run):
Exception in thread Thread-883 (_run):
Exception in thread Thread-900 (_run):
Traceback (most recent call last):
  File "/root/miniforge3/envs/flwr/lib/python3.11/threading.py", line 1045, in _bootstrap_inner
Traceback (most recent call last):
  File "/root/miniforge3/envs/flwr/lib/python3.11/threading.py", line 1045, in _bootstrap_inner
Traceback (most recent call last):
  File "/root/miniforge3/envs/flwr/lib/python3.11/threading.py", line 1045, in _bootstrap_inner
    self.run()
  File "/root/miniforge3/envs/flwr/lib/python3.11/threading.py", line 982, in run
    self.run()
  File "/root/miniforge3/envs/flwr/lib/python3.11/threading.py", line 982, in run
    self._target(*self._args, **self._kwargs)
  File "src/python/grpcio/grpc/_cython/_cygrpc/thread.pyx.pxi", line 53, in grpc._cython.cygrpc._run_with_context._run
    self._target(*self._args, **self._kwargs)
  File "src/python/grpcio/grpc/_cython/_cygrpc/thread.pyx.pxi", line 53, in grpc._cython.cygrpc._run_with_context._run
    self.run()
  File "/root/miniforge3/envs/flwr/lib/python3.11/threading.py", line 982, in run
  File "/root/miniforge3/envs/flwr/lib/python3.11/site-packages/grpc/_channel.py", line 1916, in _poll_connectivity
  File "/root/miniforge3/envs/flwr/lib/python3.11/site-packages/grpc/_channel.py", line 1916, in _poll_connectivity
    self._target(*self._args, **self._kwargs)
    event = channel.watch_connectivity_state(
    event = channel.watch_connectivity_state(
  File "src/python/grpcio/grpc/_cython/_cygrpc/thread.pyx.pxi", line 53, in grpc._cython.cygrpc._run_with_context._run
            ^^^^^^^^^^^^^^^^^^^^^^^^^^^^^^^^^
  File "src/python/grpcio/grpc/_cython/_cygrpc/channel.pyx.pxi", line 561, in grpc._cython.cygrpc.Channel.watch_connectivity_state
            ^^^^^^^^^^^^^^^^^^^^^^^^^^^^^^^^^
  File "src/python/grpcio/grpc/_cython/_cygrpc/channel.pyx.pxi", line 561, in grpc._cython.cygrpc.Channel.watch_connectivity_state
  File "/root/miniforge3/envs/flwr/lib/python3.11/site-packages/grpc/_channel.py", line 1916, in _poll_connectivity
  File "src/python/grpcio/grpc/_cython/_cygrpc/channel.pyx.pxi", line 427, in grpc._cython.cygrpc._watch_connectivity_state
  File "src/python/grpcio/grpc/_cython/_cygrpc/channel.pyx.pxi", line 427, in grpc._cython.cygrpc._watch_connectivity_state
  File "src/python/grpcio/grpc/_cython/_cygrpc/channel.pyx.pxi", line 435, in grpc._cython.cygrpc._watch_connectivity_state
  File "src/python/grpcio/grpc/_cython/_cygrpc/channel.pyx.pxi", line 435, in grpc._cython.cygrpc._watch_connectivity_state
ValueError: Cannot monitor channel state: Channel closed!
    event = channel.watch_connectivity_state(
ValueError: Cannot monitor channel state: Channel closed!
            ^^^^^^^^^^^^^^^^^^^^^^^^^^^^^^^^^
  File "src/python/grpcio/grpc/_cython/_cygrpc/channel.pyx.pxi", line 561, in grpc._cython.cygrpc.Channel.watch_connectivity_state
  File "src/python/grpcio/grpc/_cython/_cygrpc/channel.pyx.pxi", line 427, in grpc._cython.cygrpc._watch_connectivity_state
  File "src/python/grpcio/grpc/_cython/_cygrpc/channel.pyx.pxi", line 435, in grpc._cython.cygrpc._watch_connectivity_state
ValueError: Cannot monitor channel state: Channel closed!
Exception in thread Thread-904 (_run):
Traceback (most recent call last):
  File "/root/miniforge3/envs/flwr/lib/python3.11/threading.py", line 1045, in _bootstrap_inner
    self.run()
  File "/root/miniforge3/envs/flwr/lib/python3.11/threading.py", line 982, in run
    self._target(*self._args, **self._kwargs)
  File "src/python/grpcio/grpc/_cython/_cygrpc/thread.pyx.pxi", line 53, in grpc._cython.cygrpc._run_with_context._run
  File "/root/miniforge3/envs/flwr/lib/python3.11/site-packages/grpc/_channel.py", line 1916, in _poll_connectivity
    event = channel.watch_connectivity_state(
            ^^^^^^^^^^^^^^^^^^^^^^^^^^^^^^^^^
  File "src/python/grpcio/grpc/_cython/_cygrpc/channel.pyx.pxi", line 561, in grpc._cython.cygrpc.Channel.watch_connectivity_state
  File "src/python/grpcio/grpc/_cython/_cygrpc/channel.pyx.pxi", line 427, in grpc._cython.cygrpc._watch_connectivity_state
  File "src/python/grpcio/grpc/_cython/_cygrpc/channel.pyx.pxi", line 435, in grpc._cython.cygrpc._watch_connectivity_state
ValueError: Cannot monitor channel state: Channel closed!
Exception in thread Thread-945 (_run):
Traceback (most recent call last):
  File "/root/miniforge3/envs/flwr/lib/python3.11/threading.py", line 1045, in _bootstrap_inner
    self.run()
  File "/root/miniforge3/envs/flwr/lib/python3.11/threading.py", line 982, in run
    self._target(*self._args, **self._kwargs)
  File "src/python/grpcio/grpc/_cython/_cygrpc/thread.pyx.pxi", line 53, in grpc._cython.cygrpc._run_with_context._run
  File "/root/miniforge3/envs/flwr/lib/python3.11/site-packages/grpc/_channel.py", line 1916, in _poll_connectivity
    event = channel.watch_connectivity_state(
            ^^^^^^^^^^^^^^^^^^^^^^^^^^^^^^^^^
  File "src/python/grpcio/grpc/_cython/_cygrpc/channel.pyx.pxi", line 561, in grpc._cython.cygrpc.Channel.watch_connectivity_state
  File "src/python/grpcio/grpc/_cython/_cygrpc/channel.pyx.pxi", line 427, in grpc._cython.cygrpc._watch_connectivity_state
  File "src/python/grpcio/grpc/_cython/_cygrpc/channel.pyx.pxi", line 435, in grpc._cython.cygrpc._watch_connectivity_state
ValueError: Cannot monitor channel state: Channel closed!
Exception in thread Thread-911 (_run):
Traceback (most recent call last):
  File "/root/miniforge3/envs/flwr/lib/python3.11/threading.py", line 1045, in _bootstrap_inner
    self.run()
  File "/root/miniforge3/envs/flwr/lib/python3.11/threading.py", line 982, in run
    self._target(*self._args, **self._kwargs)
  File "src/python/grpcio/grpc/_cython/_cygrpc/thread.pyx.pxi", line 53, in grpc._cython.cygrpc._run_with_context._run
  File "/root/miniforge3/envs/flwr/lib/python3.11/site-packages/grpc/_channel.py", line 1916, in _poll_connectivity
    event = channel.watch_connectivity_state(
            ^^^^^^^^^^^^^^^^^^^^^^^^^^^^^^^^^
  File "src/python/grpcio/grpc/_cython/_cygrpc/channel.pyx.pxi", line 561, in grpc._cython.cygrpc.Channel.watch_connectivity_state
  File "src/python/grpcio/grpc/_cython/_cygrpc/channel.pyx.pxi", line 427, in grpc._cython.cygrpc._watch_connectivity_state
  File "src/python/grpcio/grpc/_cython/_cygrpc/channel.pyx.pxi", line 435, in grpc._cython.cygrpc._watch_connectivity_state
ValueError: Cannot monitor channel state: Channel closed!
Exception in thread Thread-902 (_run):
Traceback (most recent call last):
  File "/root/miniforge3/envs/flwr/lib/python3.11/threading.py", line 1045, in _bootstrap_inner
    self.run()
  File "/root/miniforge3/envs/flwr/lib/python3.11/threading.py", line 982, in run
    self._target(*self._args, **self._kwargs)
  File "src/python/grpcio/grpc/_cython/_cygrpc/thread.pyx.pxi", line 53, in grpc._cython.cygrpc._run_with_context._run
  File "/root/miniforge3/envs/flwr/lib/python3.11/site-packages/grpc/_channel.py", line 1916, in _poll_connectivity
    event = channel.watch_connectivity_state(
            ^^^^^^^^^^^^^^^^^^^^^^^^^^^^^^^^^
  File "src/python/grpcio/grpc/_cython/_cygrpc/channel.pyx.pxi", line 561, in grpc._cython.cygrpc.Channel.watch_connectivity_state
  File "src/python/grpcio/grpc/_cython/_cygrpc/channel.pyx.pxi", line 427, in grpc._cython.cygrpc._watch_connectivity_state
  File "src/python/grpcio/grpc/_cython/_cygrpc/channel.pyx.pxi", line 435, in grpc._cython.cygrpc._watch_connectivity_state
ValueError: Cannot monitor channel state: Channel closed!
Exception in thread Thread-923 (_run):
Traceback (most recent call last):
  File "/root/miniforge3/envs/flwr/lib/python3.11/threading.py", line 1045, in _bootstrap_inner
Exception in thread Thread-926 (_run):
Traceback (most recent call last):
  File "/root/miniforge3/envs/flwr/lib/python3.11/threading.py", line 1045, in _bootstrap_inner
    self.run()
  File "/root/miniforge3/envs/flwr/lib/python3.11/threading.py", line 982, in run
    self._target(*self._args, **self._kwargs)
  File "src/python/grpcio/grpc/_cython/_cygrpc/thread.pyx.pxi", line 53, in grpc._cython.cygrpc._run_with_context._run
    self.run()
  File "/root/miniforge3/envs/flwr/lib/python3.11/threading.py", line 982, in run
  File "/root/miniforge3/envs/flwr/lib/python3.11/site-packages/grpc/_channel.py", line 1916, in _poll_connectivity
    self._target(*self._args, **self._kwargs)
  File "src/python/grpcio/grpc/_cython/_cygrpc/thread.pyx.pxi", line 53, in grpc._cython.cygrpc._run_with_context._run
    event = channel.watch_connectivity_state(
            ^^^^^^^^^^^^^^^^^^^^^^^^^^^^^^^^^
  File "src/python/grpcio/grpc/_cython/_cygrpc/channel.pyx.pxi", line 561, in grpc._cython.cygrpc.Channel.watch_connectivity_state
  File "/root/miniforge3/envs/flwr/lib/python3.11/site-packages/grpc/_channel.py", line 1916, in _poll_connectivity
  File "src/python/grpcio/grpc/_cython/_cygrpc/channel.pyx.pxi", line 427, in grpc._cython.cygrpc._watch_connectivity_state
  File "src/python/grpcio/grpc/_cython/_cygrpc/channel.pyx.pxi", line 435, in grpc._cython.cygrpc._watch_connectivity_state
    event = channel.watch_connectivity_state(
ValueError: Cannot monitor channel state: Channel closed!
            ^^^^^^^^^^^^^^^^^^^^^^^^^^^^^^^^^
  File "src/python/grpcio/grpc/_cython/_cygrpc/channel.pyx.pxi", line 561, in grpc._cython.cygrpc.Channel.watch_connectivity_state
  File "src/python/grpcio/grpc/_cython/_cygrpc/channel.pyx.pxi", line 427, in grpc._cython.cygrpc._watch_connectivity_state
  File "src/python/grpcio/grpc/_cython/_cygrpc/channel.pyx.pxi", line 435, in grpc._cython.cygrpc._watch_connectivity_state
ValueError: Cannot monitor channel state: Channel closed!
Exception in thread Thread-865 (_run):
Traceback (most recent call last):
  File "/root/miniforge3/envs/flwr/lib/python3.11/threading.py", line 1045, in _bootstrap_inner
    self.run()
  File "/root/miniforge3/envs/flwr/lib/python3.11/threading.py", line 982, in run
    self._target(*self._args, **self._kwargs)
  File "src/python/grpcio/grpc/_cython/_cygrpc/thread.pyx.pxi", line 53, in grpc._cython.cygrpc._run_with_context._run
  File "/root/miniforge3/envs/flwr/lib/python3.11/site-packages/grpc/_channel.py", line 1916, in _poll_connectivity
    event = channel.watch_connectivity_state(
            ^^^^^^^^^^^^^^^^^^^^^^^^^^^^^^^^^
  File "src/python/grpcio/grpc/_cython/_cygrpc/channel.pyx.pxi", line 561, in grpc._cython.cygrpc.Channel.watch_connectivity_state
  File "src/python/grpcio/grpc/_cython/_cygrpc/channel.pyx.pxi", line 427, in grpc._cython.cygrpc._watch_connectivity_state
  File "src/python/grpcio/grpc/_cython/_cygrpc/channel.pyx.pxi", line 435, in grpc._cython.cygrpc._watch_connectivity_state
ValueError: Cannot monitor channel state: Channel closed!
Exception in thread Thread-951 (_run):
Traceback (most recent call last):
  File "/root/miniforge3/envs/flwr/lib/python3.11/threading.py", line 1045, in _bootstrap_inner
    self.run()
  File "/root/miniforge3/envs/flwr/lib/python3.11/threading.py", line 982, in run
    self._target(*self._args, **self._kwargs)
  File "src/python/grpcio/grpc/_cython/_cygrpc/thread.pyx.pxi", line 53, in grpc._cython.cygrpc._run_with_context._run
  File "/root/miniforge3/envs/flwr/lib/python3.11/site-packages/grpc/_channel.py", line 1916, in _poll_connectivity
    event = channel.watch_connectivity_state(
            ^^^^^^^^^^^^^^^^^^^^^^^^^^^^^^^^^
  File "src/python/grpcio/grpc/_cython/_cygrpc/channel.pyx.pxi", line 561, in grpc._cython.cygrpc.Channel.watch_connectivity_state
  File "src/python/grpcio/grpc/_cython/_cygrpc/channel.pyx.pxi", line 427, in grpc._cython.cygrpc._watch_connectivity_state
  File "src/python/grpcio/grpc/_cython/_cygrpc/channel.pyx.pxi", line 435, in grpc._cython.cygrpc._watch_connectivity_state
ValueError: Cannot monitor channel state: Channel closed!
Exception in thread Thread-876 (_run):
Traceback (most recent call last):
  File "/root/miniforge3/envs/flwr/lib/python3.11/threading.py", line 1045, in _bootstrap_inner
    self.run()
  File "/root/miniforge3/envs/flwr/lib/python3.11/threading.py", line 982, in run
    self._target(*self._args, **self._kwargs)
  File "src/python/grpcio/grpc/_cython/_cygrpc/thread.pyx.pxi", line 53, in grpc._cython.cygrpc._run_with_context._run
  File "/root/miniforge3/envs/flwr/lib/python3.11/site-packages/grpc/_channel.py", line 1916, in _poll_connectivity
    event = channel.watch_connectivity_state(
            ^^^^^^^^^^^^^^^^^^^^^^^^^^^^^^^^^
  File "src/python/grpcio/grpc/_cython/_cygrpc/channel.pyx.pxi", line 561, in grpc._cython.cygrpc.Channel.watch_connectivity_state
  File "src/python/grpcio/grpc/_cython/_cygrpc/channel.pyx.pxi", line 427, in grpc._cython.cygrpc._watch_connectivity_state
  File "src/python/grpcio/grpc/_cython/_cygrpc/channel.pyx.pxi", line 435, in grpc._cython.cygrpc._watch_connectivity_state
ValueError: Cannot monitor channel state: Channel closed!
Exception in thread Thread-991 (_run):
Traceback (most recent call last):
  File "/root/miniforge3/envs/flwr/lib/python3.11/threading.py", line 1045, in _bootstrap_inner
    self.run()
  File "/root/miniforge3/envs/flwr/lib/python3.11/threading.py", line 982, in run
    self._target(*self._args, **self._kwargs)
  File "src/python/grpcio/grpc/_cython/_cygrpc/thread.pyx.pxi", line 53, in grpc._cython.cygrpc._run_with_context._run
  File "/root/miniforge3/envs/flwr/lib/python3.11/site-packages/grpc/_channel.py", line 1916, in _poll_connectivity
    event = channel.watch_connectivity_state(
            ^^^^^^^^^^^^^^^^^^^^^^^^^^^^^^^^^
  File "src/python/grpcio/grpc/_cython/_cygrpc/channel.pyx.pxi", line 561, in grpc._cython.cygrpc.Channel.watch_connectivity_state
  File "src/python/grpcio/grpc/_cython/_cygrpc/channel.pyx.pxi", line 427, in grpc._cython.cygrpc._watch_connectivity_state
  File "src/python/grpcio/grpc/_cython/_cygrpc/channel.pyx.pxi", line 435, in grpc._cython.cygrpc._watch_connectivity_state
ValueError: Cannot monitor channel state: Channel closed!
Exception in thread Thread-942 (_run):
Traceback (most recent call last):
  File "/root/miniforge3/envs/flwr/lib/python3.11/threading.py", line 1045, in _bootstrap_inner
    self.run()
  File "/root/miniforge3/envs/flwr/lib/python3.11/threading.py", line 982, in run
    self._target(*self._args, **self._kwargs)
  File "src/python/grpcio/grpc/_cython/_cygrpc/thread.pyx.pxi", line 53, in grpc._cython.cygrpc._run_with_context._run
  File "/root/miniforge3/envs/flwr/lib/python3.11/site-packages/grpc/_channel.py", line 1916, in _poll_connectivity
    event = channel.watch_connectivity_state(
            ^^^^^^^^^^^^^^^^^^^^^^^^^^^^^^^^^
  File "src/python/grpcio/grpc/_cython/_cygrpc/channel.pyx.pxi", line 561, in grpc._cython.cygrpc.Channel.watch_connectivity_state
  File "src/python/grpcio/grpc/_cython/_cygrpc/channel.pyx.pxi", line 427, in grpc._cython.cygrpc._watch_connectivity_state
  File "src/python/grpcio/grpc/_cython/_cygrpc/channel.pyx.pxi", line 435, in grpc._cython.cygrpc._watch_connectivity_state
ValueError: Cannot monitor channel state: Channel closed!
Exception in thread Thread-962 (_run):
Traceback (most recent call last):
  File "/root/miniforge3/envs/flwr/lib/python3.11/threading.py", line 1045, in _bootstrap_inner
    self.run()
  File "/root/miniforge3/envs/flwr/lib/python3.11/threading.py", line 982, in run
    self._target(*self._args, **self._kwargs)
  File "src/python/grpcio/grpc/_cython/_cygrpc/thread.pyx.pxi", line 53, in grpc._cython.cygrpc._run_with_context._run
  File "/root/miniforge3/envs/flwr/lib/python3.11/site-packages/grpc/_channel.py", line 1916, in _poll_connectivity
    event = channel.watch_connectivity_state(
            ^^^^^^^^^^^^^^^^^^^^^^^^^^^^^^^^^
  File "src/python/grpcio/grpc/_cython/_cygrpc/channel.pyx.pxi", line 561, in grpc._cython.cygrpc.Channel.watch_connectivity_state
  File "src/python/grpcio/grpc/_cython/_cygrpc/channel.pyx.pxi", line 427, in grpc._cython.cygrpc._watch_connectivity_state
  File "src/python/grpcio/grpc/_cython/_cygrpc/channel.pyx.pxi", line 435, in grpc._cython.cygrpc._watch_connectivity_state
ValueError: Cannot monitor channel state: Channel closed!
Exception in thread Thread-929 (_run):
Traceback (most recent call last):
  File "/root/miniforge3/envs/flwr/lib/python3.11/threading.py", line 1045, in _bootstrap_inner
    self.run()
  File "/root/miniforge3/envs/flwr/lib/python3.11/threading.py", line 982, in run
Exception in thread Thread-972 (_run):
Traceback (most recent call last):
  File "/root/miniforge3/envs/flwr/lib/python3.11/threading.py", line 1045, in _bootstrap_inner
    self._target(*self._args, **self._kwargs)
  File "src/python/grpcio/grpc/_cython/_cygrpc/thread.pyx.pxi", line 53, in grpc._cython.cygrpc._run_with_context._run
    self.run()
  File "/root/miniforge3/envs/flwr/lib/python3.11/threading.py", line 982, in run
  File "/root/miniforge3/envs/flwr/lib/python3.11/site-packages/grpc/_channel.py", line 1916, in _poll_connectivity
    self._target(*self._args, **self._kwargs)
    event = channel.watch_connectivity_state(
            ^^^^^^^^^^^^^^^^^^^^^^^^^^^^^^^^^
  File "src/python/grpcio/grpc/_cython/_cygrpc/channel.pyx.pxi", line 561, in grpc._cython.cygrpc.Channel.watch_connectivity_state
  File "src/python/grpcio/grpc/_cython/_cygrpc/thread.pyx.pxi", line 53, in grpc._cython.cygrpc._run_with_context._run
  File "src/python/grpcio/grpc/_cython/_cygrpc/channel.pyx.pxi", line 427, in grpc._cython.cygrpc._watch_connectivity_state
  File "/root/miniforge3/envs/flwr/lib/python3.11/site-packages/grpc/_channel.py", line 1916, in _poll_connectivity
  File "src/python/grpcio/grpc/_cython/_cygrpc/channel.pyx.pxi", line 435, in grpc._cython.cygrpc._watch_connectivity_state
ValueError: Cannot monitor channel state: Channel closed!
    event = channel.watch_connectivity_state(
            ^^^^^^^^^^^^^^^^^^^^^^^^^^^^^^^^^
  File "src/python/grpcio/grpc/_cython/_cygrpc/channel.pyx.pxi", line 561, in grpc._cython.cygrpc.Channel.watch_connectivity_state
  File "src/python/grpcio/grpc/_cython/_cygrpc/channel.pyx.pxi", line 427, in grpc._cython.cygrpc._watch_connectivity_state
  File "src/python/grpcio/grpc/_cython/_cygrpc/channel.pyx.pxi", line 435, in grpc._cython.cygrpc._watch_connectivity_state
ValueError: Cannot monitor channel state: Channel closed!
Exception in thread Thread-940 (_run):
Traceback (most recent call last):
  File "/root/miniforge3/envs/flwr/lib/python3.11/threading.py", line 1045, in _bootstrap_inner
    self.run()
  File "/root/miniforge3/envs/flwr/lib/python3.11/threading.py", line 982, in run
    self._target(*self._args, **self._kwargs)
  File "src/python/grpcio/grpc/_cython/_cygrpc/thread.pyx.pxi", line 53, in grpc._cython.cygrpc._run_with_context._run
  File "/root/miniforge3/envs/flwr/lib/python3.11/site-packages/grpc/_channel.py", line 1916, in _poll_connectivity
    event = channel.watch_connectivity_state(
            ^^^^^^^^^^^^^^^^^^^^^^^^^^^^^^^^^
  File "src/python/grpcio/grpc/_cython/_cygrpc/channel.pyx.pxi", line 561, in grpc._cython.cygrpc.Channel.watch_connectivity_state
  File "src/python/grpcio/grpc/_cython/_cygrpc/channel.pyx.pxi", line 427, in grpc._cython.cygrpc._watch_connectivity_state
  File "src/python/grpcio/grpc/_cython/_cygrpc/channel.pyx.pxi", line 435, in grpc._cython.cygrpc._watch_connectivity_state
ValueError: Cannot monitor channel state: Channel closed!
Exception in thread Thread-1002 (_run):
Traceback (most recent call last):
  File "/root/miniforge3/envs/flwr/lib/python3.11/threading.py", line 1045, in _bootstrap_inner
    self.run()
  File "/root/miniforge3/envs/flwr/lib/python3.11/threading.py", line 982, in run
    self._target(*self._args, **self._kwargs)
  File "src/python/grpcio/grpc/_cython/_cygrpc/thread.pyx.pxi", line 53, in grpc._cython.cygrpc._run_with_context._run
  File "/root/miniforge3/envs/flwr/lib/python3.11/site-packages/grpc/_channel.py", line 1916, in _poll_connectivity
    event = channel.watch_connectivity_state(
            ^^^^^^^^^^^^^^^^^^^^^^^^^^^^^^^^^
  File "src/python/grpcio/grpc/_cython/_cygrpc/channel.pyx.pxi", line 561, in grpc._cython.cygrpc.Channel.watch_connectivity_state
  File "src/python/grpcio/grpc/_cython/_cygrpc/channel.pyx.pxi", line 427, in grpc._cython.cygrpc._watch_connectivity_state
  File "src/python/grpcio/grpc/_cython/_cygrpc/channel.pyx.pxi", line 435, in grpc._cython.cygrpc._watch_connectivity_state
ValueError: Cannot monitor channel state: Channel closed!
Exception in thread Thread-963 (_run):
Traceback (most recent call last):
  File "/root/miniforge3/envs/flwr/lib/python3.11/threading.py", line 1045, in _bootstrap_inner
    self.run()
  File "/root/miniforge3/envs/flwr/lib/python3.11/threading.py", line 982, in run
    self._target(*self._args, **self._kwargs)
  File "src/python/grpcio/grpc/_cython/_cygrpc/thread.pyx.pxi", line 53, in grpc._cython.cygrpc._run_with_context._run
  File "/root/miniforge3/envs/flwr/lib/python3.11/site-packages/grpc/_channel.py", line 1916, in _poll_connectivity
    event = channel.watch_connectivity_state(
            ^^^^^^^^^^^^^^^^^^^^^^^^^^^^^^^^^
  File "src/python/grpcio/grpc/_cython/_cygrpc/channel.pyx.pxi", line 561, in grpc._cython.cygrpc.Channel.watch_connectivity_state
  File "src/python/grpcio/grpc/_cython/_cygrpc/channel.pyx.pxi", line 427, in grpc._cython.cygrpc._watch_connectivity_state
  File "src/python/grpcio/grpc/_cython/_cygrpc/channel.pyx.pxi", line 435, in grpc._cython.cygrpc._watch_connectivity_state
ValueError: Cannot monitor channel state: Channel closed!
Exception in thread Thread-886 (_run):
Traceback (most recent call last):
  File "/root/miniforge3/envs/flwr/lib/python3.11/threading.py", line 1045, in _bootstrap_inner
    self.run()
  File "/root/miniforge3/envs/flwr/lib/python3.11/threading.py", line 982, in run
    self._target(*self._args, **self._kwargs)
  File "src/python/grpcio/grpc/_cython/_cygrpc/thread.pyx.pxi", line 53, in grpc._cython.cygrpc._run_with_context._run
  File "/root/miniforge3/envs/flwr/lib/python3.11/site-packages/grpc/_channel.py", line 1916, in _poll_connectivity
    event = channel.watch_connectivity_state(
            ^^^^^^^^^^^^^^^^^^^^^^^^^^^^^^^^^
  File "src/python/grpcio/grpc/_cython/_cygrpc/channel.pyx.pxi", line 561, in grpc._cython.cygrpc.Channel.watch_connectivity_state
  File "src/python/grpcio/grpc/_cython/_cygrpc/channel.pyx.pxi", line 427, in grpc._cython.cygrpc._watch_connectivity_state
  File "src/python/grpcio/grpc/_cython/_cygrpc/channel.pyx.pxi", line 435, in grpc._cython.cygrpc._watch_connectivity_state
ValueError: Cannot monitor channel state: Channel closed!
Exception in thread Thread-967 (_run):
Traceback (most recent call last):
  File "/root/miniforge3/envs/flwr/lib/python3.11/threading.py", line 1045, in _bootstrap_inner
    self.run()
  File "/root/miniforge3/envs/flwr/lib/python3.11/threading.py", line 982, in run
    self._target(*self._args, **self._kwargs)
  File "src/python/grpcio/grpc/_cython/_cygrpc/thread.pyx.pxi", line 53, in grpc._cython.cygrpc._run_with_context._run
  File "/root/miniforge3/envs/flwr/lib/python3.11/site-packages/grpc/_channel.py", line 1931, in _poll_connectivity
    connectivity = channel.check_connectivity_state(try_to_connect)
                   ^^^^^^^^^^^^^^^^^^^^^^^^^^^^^^^^^^^^^^^^^^^^^^^^
  File "src/python/grpcio/grpc/_cython/_cygrpc/channel.pyx.pxi", line 552, in grpc._cython.cygrpc.Channel.check_connectivity_state
  File "src/python/grpcio/grpc/_cython/_cygrpc/channel.pyx.pxi", line 557, in grpc._cython.cygrpc.Channel.check_connectivity_state
ValueError: Cannot invoke RPC: Channel closed!
Using the latest cached version of the dataset since fashion_mnist couldn't be found on the Hugging Face Hub
Found the latest cached dataset configuration 'fashion_mnist' at /root/.cache/huggingface/datasets/fashion_mnist/fashion_mnist/0.0.0/531be5e2ccc9dba0c201ad3ae567a4f3d16ecdd2 (last modified on Tue Feb 24 13:59:21 2026).
Using the latest cached version of the dataset since fashion_mnist couldn't be found on the Hugging Face Hub
Found the latest cached dataset configuration 'fashion_mnist' at /root/.cache/huggingface/datasets/fashion_mnist/fashion_mnist/0.0.0/531be5e2ccc9dba0c201ad3ae567a4f3d16ecdd2 (last modified on Tue Feb 24 13:59:21 2026).
Using the latest cached version of the dataset since fashion_mnist couldn't be found on the Hugging Face Hub
Found the latest cached dataset configuration 'fashion_mnist' at /root/.cache/huggingface/datasets/fashion_mnist/fashion_mnist/0.0.0/531be5e2ccc9dba0c201ad3ae567a4f3d16ecdd2 (last modified on Tue Feb 24 13:59:21 2026).
Using the latest cached version of the dataset since fashion_mnist couldn't be found on the Hugging Face Hub
Found the latest cached dataset configuration 'fashion_mnist' at /root/.cache/huggingface/datasets/fashion_mnist/fashion_mnist/0.0.0/531be5e2ccc9dba0c201ad3ae567a4f3d16ecdd2 (last modified on Tue Feb 24 13:59:21 2026).
Using the latest cached version of the dataset since fashion_mnist couldn't be found on the Hugging Face Hub
Found the latest cached dataset configuration 'fashion_mnist' at /root/.cache/huggingface/datasets/fashion_mnist/fashion_mnist/0.0.0/531be5e2ccc9dba0c201ad3ae567a4f3d16ecdd2 (last modified on Tue Feb 24 13:59:21 2026).
Using the latest cached version of the dataset since fashion_mnist couldn't be found on the Hugging Face Hub
Found the latest cached dataset configuration 'fashion_mnist' at /root/.cache/huggingface/datasets/fashion_mnist/fashion_mnist/0.0.0/531be5e2ccc9dba0c201ad3ae567a4f3d16ecdd2 (last modified on Tue Feb 24 13:59:21 2026).
Using the latest cached version of the dataset since fashion_mnist couldn't be found on the Hugging Face Hub
Found the latest cached dataset configuration 'fashion_mnist' at /root/.cache/huggingface/datasets/fashion_mnist/fashion_mnist/0.0.0/531be5e2ccc9dba0c201ad3ae567a4f3d16ecdd2 (last modified on Tue Feb 24 13:59:21 2026).
Exception in thread Thread-980 (_run):
Traceback (most recent call last):
  File "/root/miniforge3/envs/flwr/lib/python3.11/threading.py", line 1045, in _bootstrap_inner
    self.run()
  File "/root/miniforge3/envs/flwr/lib/python3.11/threading.py", line 982, in run
    self._target(*self._args, **self._kwargs)
  File "src/python/grpcio/grpc/_cython/_cygrpc/thread.pyx.pxi", line 53, in grpc._cython.cygrpc._run_with_context._run
  File "/root/miniforge3/envs/flwr/lib/python3.11/site-packages/grpc/_channel.py", line 1916, in _poll_connectivity
    event = channel.watch_connectivity_state(
            ^^^^^^^^^^^^^^^^^^^^^^^^^^^^^^^^^
  File "src/python/grpcio/grpc/_cython/_cygrpc/channel.pyx.pxi", line 561, in grpc._cython.cygrpc.Channel.watch_connectivity_state
  File "src/python/grpcio/grpc/_cython/_cygrpc/channel.pyx.pxi", line 427, in grpc._cython.cygrpc._watch_connectivity_state
  File "src/python/grpcio/grpc/_cython/_cygrpc/channel.pyx.pxi", line 435, in grpc._cython.cygrpc._watch_connectivity_state
ValueError: Cannot monitor channel state: Channel closed!
Exception in thread Thread-1014 (_run):
Traceback (most recent call last):
  File "/root/miniforge3/envs/flwr/lib/python3.11/threading.py", line 1045, in _bootstrap_inner
    self.run()
  File "/root/miniforge3/envs/flwr/lib/python3.11/threading.py", line 982, in run
    self._target(*self._args, **self._kwargs)
  File "src/python/grpcio/grpc/_cython/_cygrpc/thread.pyx.pxi", line 53, in grpc._cython.cygrpc._run_with_context._run
  File "/root/miniforge3/envs/flwr/lib/python3.11/site-packages/grpc/_channel.py", line 1916, in _poll_connectivity
    event = channel.watch_connectivity_state(
            ^^^^^^^^^^^^^^^^^^^^^^^^^^^^^^^^^
  File "src/python/grpcio/grpc/_cython/_cygrpc/channel.pyx.pxi", line 561, in grpc._cython.cygrpc.Channel.watch_connectivity_state
  File "src/python/grpcio/grpc/_cython/_cygrpc/channel.pyx.pxi", line 427, in grpc._cython.cygrpc._watch_connectivity_state
  File "src/python/grpcio/grpc/_cython/_cygrpc/channel.pyx.pxi", line 435, in grpc._cython.cygrpc._watch_connectivity_state
ValueError: Cannot monitor channel state: Channel closed!
Using the latest cached version of the dataset since fashion_mnist couldn't be found on the Hugging Face Hub
Found the latest cached dataset configuration 'fashion_mnist' at /root/.cache/huggingface/datasets/fashion_mnist/fashion_mnist/0.0.0/531be5e2ccc9dba0c201ad3ae567a4f3d16ecdd2 (last modified on Tue Feb 24 13:59:21 2026).
Using the latest cached version of the dataset since fashion_mnist couldn't be found on the Hugging Face Hub
Found the latest cached dataset configuration 'fashion_mnist' at /root/.cache/huggingface/datasets/fashion_mnist/fashion_mnist/0.0.0/531be5e2ccc9dba0c201ad3ae567a4f3d16ecdd2 (last modified on Tue Feb 24 13:59:21 2026).
Using the latest cached version of the dataset since fashion_mnist couldn't be found on the Hugging Face Hub
Found the latest cached dataset configuration 'fashion_mnist' at /root/.cache/huggingface/datasets/fashion_mnist/fashion_mnist/0.0.0/531be5e2ccc9dba0c201ad3ae567a4f3d16ecdd2 (last modified on Tue Feb 24 13:59:21 2026).
Using the latest cached version of the dataset since fashion_mnist couldn't be found on the Hugging Face Hub
Found the latest cached dataset configuration 'fashion_mnist' at /root/.cache/huggingface/datasets/fashion_mnist/fashion_mnist/0.0.0/531be5e2ccc9dba0c201ad3ae567a4f3d16ecdd2 (last modified on Tue Feb 24 13:59:21 2026).
Using the latest cached version of the dataset since fashion_mnist couldn't be found on the Hugging Face Hub
Found the latest cached dataset configuration 'fashion_mnist' at /root/.cache/huggingface/datasets/fashion_mnist/fashion_mnist/0.0.0/531be5e2ccc9dba0c201ad3ae567a4f3d16ecdd2 (last modified on Tue Feb 24 13:59:21 2026).
Using the latest cached version of the dataset since fashion_mnist couldn't be found on the Hugging Face Hub
Found the latest cached dataset configuration 'fashion_mnist' at /root/.cache/huggingface/datasets/fashion_mnist/fashion_mnist/0.0.0/531be5e2ccc9dba0c201ad3ae567a4f3d16ecdd2 (last modified on Tue Feb 24 13:59:21 2026).
Using the latest cached version of the dataset since fashion_mnist couldn't be found on the Hugging Face Hub
Found the latest cached dataset configuration 'fashion_mnist' at /root/.cache/huggingface/datasets/fashion_mnist/fashion_mnist/0.0.0/531be5e2ccc9dba0c201ad3ae567a4f3d16ecdd2 (last modified on Tue Feb 24 13:59:21 2026).
Using the latest cached version of the dataset since fashion_mnist couldn't be found on the Hugging Face Hub
Found the latest cached dataset configuration 'fashion_mnist' at /root/.cache/huggingface/datasets/fashion_mnist/fashion_mnist/0.0.0/531be5e2ccc9dba0c201ad3ae567a4f3d16ecdd2 (last modified on Tue Feb 24 13:59:21 2026).
Using the latest cached version of the dataset since fashion_mnist couldn't be found on the Hugging Face Hub
Found the latest cached dataset configuration 'fashion_mnist' at /root/.cache/huggingface/datasets/fashion_mnist/fashion_mnist/0.0.0/531be5e2ccc9dba0c201ad3ae567a4f3d16ecdd2 (last modified on Tue Feb 24 13:59:21 2026).
Using the latest cached version of the dataset since fashion_mnist couldn't be found on the Hugging Face Hub
Found the latest cached dataset configuration 'fashion_mnist' at /root/.cache/huggingface/datasets/fashion_mnist/fashion_mnist/0.0.0/531be5e2ccc9dba0c201ad3ae567a4f3d16ecdd2 (last modified on Tue Feb 24 13:59:21 2026).
Exception in thread Thread-982 (_run):
Traceback (most recent call last):
  File "/root/miniforge3/envs/flwr/lib/python3.11/threading.py", line 1045, in _bootstrap_inner
    self.run()
  File "/root/miniforge3/envs/flwr/lib/python3.11/threading.py", line 982, in run
    self._target(*self._args, **self._kwargs)
  File "src/python/grpcio/grpc/_cython/_cygrpc/thread.pyx.pxi", line 53, in grpc._cython.cygrpc._run_with_context._run
  File "/root/miniforge3/envs/flwr/lib/python3.11/site-packages/grpc/_channel.py", line 1916, in _poll_connectivity
    event = channel.watch_connectivity_state(
            ^^^^^^^^^^^^^^^^^^^^^^^^^^^^^^^^^
  File "src/python/grpcio/grpc/_cython/_cygrpc/channel.pyx.pxi", line 561, in grpc._cython.cygrpc.Channel.watch_connectivity_state
  File "src/python/grpcio/grpc/_cython/_cygrpc/channel.pyx.pxi", line 427, in grpc._cython.cygrpc._watch_connectivity_state
  File "src/python/grpcio/grpc/_cython/_cygrpc/channel.pyx.pxi", line 435, in grpc._cython.cygrpc._watch_connectivity_state
ValueError: Cannot monitor channel state: Channel closed!
Exception in thread Thread-990 (_run):
Traceback (most recent call last):
  File "/root/miniforge3/envs/flwr/lib/python3.11/threading.py", line 1045, in _bootstrap_inner
    self.run()
  File "/root/miniforge3/envs/flwr/lib/python3.11/threading.py", line 982, in run
    self._target(*self._args, **self._kwargs)
  File "src/python/grpcio/grpc/_cython/_cygrpc/thread.pyx.pxi", line 53, in grpc._cython.cygrpc._run_with_context._run
  File "/root/miniforge3/envs/flwr/lib/python3.11/site-packages/grpc/_channel.py", line 1916, in _poll_connectivity
    event = channel.watch_connectivity_state(
            ^^^^^^^^^^^^^^^^^^^^^^^^^^^^^^^^^
  File "src/python/grpcio/grpc/_cython/_cygrpc/channel.pyx.pxi", line 561, in grpc._cython.cygrpc.Channel.watch_connectivity_state
  File "src/python/grpcio/grpc/_cython/_cygrpc/channel.pyx.pxi", line 427, in grpc._cython.cygrpc._watch_connectivity_state
  File "src/python/grpcio/grpc/_cython/_cygrpc/channel.pyx.pxi", line 435, in grpc._cython.cygrpc._watch_connectivity_state
ValueError: Cannot monitor channel state: Channel closed!
Exception in thread Thread-917 (_run):
Traceback (most recent call last):
  File "/root/miniforge3/envs/flwr/lib/python3.11/threading.py", line 1045, in _bootstrap_inner
    self.run()
  File "/root/miniforge3/envs/flwr/lib/python3.11/threading.py", line 982, in run
    self._target(*self._args, **self._kwargs)
  File "src/python/grpcio/grpc/_cython/_cygrpc/thread.pyx.pxi", line 53, in grpc._cython.cygrpc._run_with_context._run
  File "/root/miniforge3/envs/flwr/lib/python3.11/site-packages/grpc/_channel.py", line 1916, in _poll_connectivity
    event = channel.watch_connectivity_state(
            ^^^^^^^^^^^^^^^^^^^^^^^^^^^^^^^^^
  File "src/python/grpcio/grpc/_cython/_cygrpc/channel.pyx.pxi", line 561, in grpc._cython.cygrpc.Channel.watch_connectivity_state
  File "src/python/grpcio/grpc/_cython/_cygrpc/channel.pyx.pxi", line 427, in grpc._cython.cygrpc._watch_connectivity_state
  File "src/python/grpcio/grpc/_cython/_cygrpc/channel.pyx.pxi", line 435, in grpc._cython.cygrpc._watch_connectivity_state
ValueError: Cannot monitor channel state: Channel closed!
Exception in thread Thread-947 (_run):
Traceback (most recent call last):
  File "/root/miniforge3/envs/flwr/lib/python3.11/threading.py", line 1045, in _bootstrap_inner
    self.run()
  File "/root/miniforge3/envs/flwr/lib/python3.11/threading.py", line 982, in run
    self._target(*self._args, **self._kwargs)
  File "src/python/grpcio/grpc/_cython/_cygrpc/thread.pyx.pxi", line 53, in grpc._cython.cygrpc._run_with_context._run
  File "/root/miniforge3/envs/flwr/lib/python3.11/site-packages/grpc/_channel.py", line 1916, in _poll_connectivity
    event = channel.watch_connectivity_state(
            ^^^^^^^^^^^^^^^^^^^^^^^^^^^^^^^^^
  File "src/python/grpcio/grpc/_cython/_cygrpc/channel.pyx.pxi", line 561, in grpc._cython.cygrpc.Channel.watch_connectivity_state
  File "src/python/grpcio/grpc/_cython/_cygrpc/channel.pyx.pxi", line 427, in grpc._cython.cygrpc._watch_connectivity_state
  File "src/python/grpcio/grpc/_cython/_cygrpc/channel.pyx.pxi", line 435, in grpc._cython.cygrpc._watch_connectivity_state
ValueError: Cannot monitor channel state: Channel closed!
Exception in thread Thread-1012 (_run):
Traceback (most recent call last):
  File "/root/miniforge3/envs/flwr/lib/python3.11/threading.py", line 1045, in _bootstrap_inner
    self.run()
  File "/root/miniforge3/envs/flwr/lib/python3.11/threading.py", line 982, in run
    self._target(*self._args, **self._kwargs)
  File "src/python/grpcio/grpc/_cython/_cygrpc/thread.pyx.pxi", line 53, in grpc._cython.cygrpc._run_with_context._run
  File "/root/miniforge3/envs/flwr/lib/python3.11/site-packages/grpc/_channel.py", line 1916, in _poll_connectivity
    event = channel.watch_connectivity_state(
            ^^^^^^^^^^^^^^^^^^^^^^^^^^^^^^^^^
  File "src/python/grpcio/grpc/_cython/_cygrpc/channel.pyx.pxi", line 561, in grpc._cython.cygrpc.Channel.watch_connectivity_state
  File "src/python/grpcio/grpc/_cython/_cygrpc/channel.pyx.pxi", line 427, in grpc._cython.cygrpc._watch_connectivity_state
  File "src/python/grpcio/grpc/_cython/_cygrpc/channel.pyx.pxi", line 435, in grpc._cython.cygrpc._watch_connectivity_state
ValueError: Cannot monitor channel state: Channel closed!
Exception in thread Thread-1019 (_run):
Traceback (most recent call last):
  File "/root/miniforge3/envs/flwr/lib/python3.11/threading.py", line 1045, in _bootstrap_inner
    self.run()
  File "/root/miniforge3/envs/flwr/lib/python3.11/threading.py", line 982, in run
    self._target(*self._args, **self._kwargs)
  File "src/python/grpcio/grpc/_cython/_cygrpc/thread.pyx.pxi", line 53, in grpc._cython.cygrpc._run_with_context._run
  File "/root/miniforge3/envs/flwr/lib/python3.11/site-packages/grpc/_channel.py", line 1916, in _poll_connectivity
    event = channel.watch_connectivity_state(
            ^^^^^^^^^^^^^^^^^^^^^^^^^^^^^^^^^
  File "src/python/grpcio/grpc/_cython/_cygrpc/channel.pyx.pxi", line 561, in grpc._cython.cygrpc.Channel.watch_connectivity_state
  File "src/python/grpcio/grpc/_cython/_cygrpc/channel.pyx.pxi", line 427, in grpc._cython.cygrpc._watch_connectivity_state
  File "src/python/grpcio/grpc/_cython/_cygrpc/channel.pyx.pxi", line 435, in grpc._cython.cygrpc._watch_connectivity_state
ValueError: Cannot monitor channel state: Channel closed!
Exception in thread Thread-1012 (_run):
Traceback (most recent call last):
  File "/root/miniforge3/envs/flwr/lib/python3.11/threading.py", line 1045, in _bootstrap_inner
    self.run()
  File "/root/miniforge3/envs/flwr/lib/python3.11/threading.py", line 982, in run
    self._target(*self._args, **self._kwargs)
  File "src/python/grpcio/grpc/_cython/_cygrpc/thread.pyx.pxi", line 53, in grpc._cython.cygrpc._run_with_context._run
  File "/root/miniforge3/envs/flwr/lib/python3.11/site-packages/grpc/_channel.py", line 1916, in _poll_connectivity
    event = channel.watch_connectivity_state(
            ^^^^^^^^^^^^^^^^^^^^^^^^^^^^^^^^^
  File "src/python/grpcio/grpc/_cython/_cygrpc/channel.pyx.pxi", line 561, in grpc._cython.cygrpc.Channel.watch_connectivity_state
  File "src/python/grpcio/grpc/_cython/_cygrpc/channel.pyx.pxi", line 427, in grpc._cython.cygrpc._watch_connectivity_state
  File "src/python/grpcio/grpc/_cython/_cygrpc/channel.pyx.pxi", line 435, in grpc._cython.cygrpc._watch_connectivity_state
ValueError: Cannot monitor channel state: Channel closed!
Exception in thread Thread-958 (_run):
Traceback (most recent call last):
  File "/root/miniforge3/envs/flwr/lib/python3.11/threading.py", line 1045, in _bootstrap_inner
    self.run()
  File "/root/miniforge3/envs/flwr/lib/python3.11/threading.py", line 982, in run
    self._target(*self._args, **self._kwargs)
  File "src/python/grpcio/grpc/_cython/_cygrpc/thread.pyx.pxi", line 53, in grpc._cython.cygrpc._run_with_context._run
  File "/root/miniforge3/envs/flwr/lib/python3.11/site-packages/grpc/_channel.py", line 1916, in _poll_connectivity
    event = channel.watch_connectivity_state(
            ^^^^^^^^^^^^^^^^^^^^^^^^^^^^^^^^^
  File "src/python/grpcio/grpc/_cython/_cygrpc/channel.pyx.pxi", line 561, in grpc._cython.cygrpc.Channel.watch_connectivity_state
  File "src/python/grpcio/grpc/_cython/_cygrpc/channel.pyx.pxi", line 427, in grpc._cython.cygrpc._watch_connectivity_state
  File "src/python/grpcio/grpc/_cython/_cygrpc/channel.pyx.pxi", line 435, in grpc._cython.cygrpc._watch_connectivity_state
ValueError: Cannot monitor channel state: Channel closed!
Using the latest cached version of the dataset since fashion_mnist couldn't be found on the Hugging Face Hub
Found the latest cached dataset configuration 'fashion_mnist' at /root/.cache/huggingface/datasets/fashion_mnist/fashion_mnist/0.0.0/531be5e2ccc9dba0c201ad3ae567a4f3d16ecdd2 (last modified on Tue Feb 24 13:59:21 2026).
Using the latest cached version of the dataset since fashion_mnist couldn't be found on the Hugging Face Hub
Found the latest cached dataset configuration 'fashion_mnist' at /root/.cache/huggingface/datasets/fashion_mnist/fashion_mnist/0.0.0/531be5e2ccc9dba0c201ad3ae567a4f3d16ecdd2 (last modified on Tue Feb 24 13:59:21 2026).
Using the latest cached version of the dataset since fashion_mnist couldn't be found on the Hugging Face Hub
Found the latest cached dataset configuration 'fashion_mnist' at /root/.cache/huggingface/datasets/fashion_mnist/fashion_mnist/0.0.0/531be5e2ccc9dba0c201ad3ae567a4f3d16ecdd2 (last modified on Tue Feb 24 13:59:21 2026).
Using the latest cached version of the dataset since fashion_mnist couldn't be found on the Hugging Face Hub
Found the latest cached dataset configuration 'fashion_mnist' at /root/.cache/huggingface/datasets/fashion_mnist/fashion_mnist/0.0.0/531be5e2ccc9dba0c201ad3ae567a4f3d16ecdd2 (last modified on Tue Feb 24 13:59:21 2026).
Using the latest cached version of the dataset since fashion_mnist couldn't be found on the Hugging Face Hub
Found the latest cached dataset configuration 'fashion_mnist' at /root/.cache/huggingface/datasets/fashion_mnist/fashion_mnist/0.0.0/531be5e2ccc9dba0c201ad3ae567a4f3d16ecdd2 (last modified on Tue Feb 24 13:59:21 2026).
Using the latest cached version of the dataset since fashion_mnist couldn't be found on the Hugging Face Hub
Found the latest cached dataset configuration 'fashion_mnist' at /root/.cache/huggingface/datasets/fashion_mnist/fashion_mnist/0.0.0/531be5e2ccc9dba0c201ad3ae567a4f3d16ecdd2 (last modified on Tue Feb 24 13:59:21 2026).
Using the latest cached version of the dataset since fashion_mnist couldn't be found on the Hugging Face Hub
Found the latest cached dataset configuration 'fashion_mnist' at /root/.cache/huggingface/datasets/fashion_mnist/fashion_mnist/0.0.0/531be5e2ccc9dba0c201ad3ae567a4f3d16ecdd2 (last modified on Tue Feb 24 13:59:21 2026).
Using the latest cached version of the dataset since fashion_mnist couldn't be found on the Hugging Face Hub
Found the latest cached dataset configuration 'fashion_mnist' at /root/.cache/huggingface/datasets/fashion_mnist/fashion_mnist/0.0.0/531be5e2ccc9dba0c201ad3ae567a4f3d16ecdd2 (last modified on Tue Feb 24 13:59:21 2026).
Using the latest cached version of the dataset since fashion_mnist couldn't be found on the Hugging Face Hub
Found the latest cached dataset configuration 'fashion_mnist' at /root/.cache/huggingface/datasets/fashion_mnist/fashion_mnist/0.0.0/531be5e2ccc9dba0c201ad3ae567a4f3d16ecdd2 (last modified on Tue Feb 24 13:59:21 2026).
Using the latest cached version of the dataset since fashion_mnist couldn't be found on the Hugging Face Hub
Found the latest cached dataset configuration 'fashion_mnist' at /root/.cache/huggingface/datasets/fashion_mnist/fashion_mnist/0.0.0/531be5e2ccc9dba0c201ad3ae567a4f3d16ecdd2 (last modified on Tue Feb 24 13:59:21 2026).
Exception in thread Thread-991 (_run):
Traceback (most recent call last):
  File "/root/miniforge3/envs/flwr/lib/python3.11/threading.py", line 1045, in _bootstrap_inner
    self.run()
  File "/root/miniforge3/envs/flwr/lib/python3.11/threading.py", line 982, in run
    self._target(*self._args, **self._kwargs)
  File "src/python/grpcio/grpc/_cython/_cygrpc/thread.pyx.pxi", line 53, in grpc._cython.cygrpc._run_with_context._run
  File "/root/miniforge3/envs/flwr/lib/python3.11/site-packages/grpc/_channel.py", line 1916, in _poll_connectivity
    event = channel.watch_connectivity_state(
            ^^^^^^^^^^^^^^^^^^^^^^^^^^^^^^^^^
  File "src/python/grpcio/grpc/_cython/_cygrpc/channel.pyx.pxi", line 561, in grpc._cython.cygrpc.Channel.watch_connectivity_state
  File "src/python/grpcio/grpc/_cython/_cygrpc/channel.pyx.pxi", line 427, in grpc._cython.cygrpc._watch_connectivity_state
  File "src/python/grpcio/grpc/_cython/_cygrpc/channel.pyx.pxi", line 435, in grpc._cython.cygrpc._watch_connectivity_state
ValueError: Cannot monitor channel state: Channel closed!
Exception in thread Thread-1030 (_run):
Traceback (most recent call last):
  File "/root/miniforge3/envs/flwr/lib/python3.11/threading.py", line 1045, in _bootstrap_inner
    self.run()
  File "/root/miniforge3/envs/flwr/lib/python3.11/threading.py", line 982, in run
    self._target(*self._args, **self._kwargs)
  File "src/python/grpcio/grpc/_cython/_cygrpc/thread.pyx.pxi", line 53, in grpc._cython.cygrpc._run_with_context._run
  File "/root/miniforge3/envs/flwr/lib/python3.11/site-packages/grpc/_channel.py", line 1916, in _poll_connectivity
    event = channel.watch_connectivity_state(
            ^^^^^^^^^^^^^^^^^^^^^^^^^^^^^^^^^
  File "src/python/grpcio/grpc/_cython/_cygrpc/channel.pyx.pxi", line 561, in grpc._cython.cygrpc.Channel.watch_connectivity_state
  File "src/python/grpcio/grpc/_cython/_cygrpc/channel.pyx.pxi", line 427, in grpc._cython.cygrpc._watch_connectivity_state
  File "src/python/grpcio/grpc/_cython/_cygrpc/channel.pyx.pxi", line 435, in grpc._cython.cygrpc._watch_connectivity_state
ValueError: Cannot monitor channel state: Channel closed!
Exception in thread Thread-966 (_run):
Traceback (most recent call last):
  File "/root/miniforge3/envs/flwr/lib/python3.11/threading.py", line 1045, in _bootstrap_inner
    self.run()
  File "/root/miniforge3/envs/flwr/lib/python3.11/threading.py", line 982, in run
    self._target(*self._args, **self._kwargs)
  File "src/python/grpcio/grpc/_cython/_cygrpc/thread.pyx.pxi", line 53, in grpc._cython.cygrpc._run_with_context._run
  File "/root/miniforge3/envs/flwr/lib/python3.11/site-packages/grpc/_channel.py", line 1916, in _poll_connectivity
    event = channel.watch_connectivity_state(
            ^^^^^^^^^^^^^^^^^^^^^^^^^^^^^^^^^
  File "src/python/grpcio/grpc/_cython/_cygrpc/channel.pyx.pxi", line 561, in grpc._cython.cygrpc.Channel.watch_connectivity_state
  File "src/python/grpcio/grpc/_cython/_cygrpc/channel.pyx.pxi", line 427, in grpc._cython.cygrpc._watch_connectivity_state
  File "src/python/grpcio/grpc/_cython/_cygrpc/channel.pyx.pxi", line 435, in grpc._cython.cygrpc._watch_connectivity_state
ValueError: Cannot monitor channel state: Channel closed!
Exception in thread Thread-1052 (_run):
Traceback (most recent call last):
  File "/root/miniforge3/envs/flwr/lib/python3.11/threading.py", line 1045, in _bootstrap_inner
Exception in thread Thread-1034 (_run):
Traceback (most recent call last):
  File "/root/miniforge3/envs/flwr/lib/python3.11/threading.py", line 1045, in _bootstrap_inner
    self.run()
  File "/root/miniforge3/envs/flwr/lib/python3.11/threading.py", line 982, in run
    self.run()
  File "/root/miniforge3/envs/flwr/lib/python3.11/threading.py", line 982, in run
    self._target(*self._args, **self._kwargs)
  File "src/python/grpcio/grpc/_cython/_cygrpc/thread.pyx.pxi", line 53, in grpc._cython.cygrpc._run_with_context._run
    self._target(*self._args, **self._kwargs)
  File "src/python/grpcio/grpc/_cython/_cygrpc/thread.pyx.pxi", line 53, in grpc._cython.cygrpc._run_with_context._run
  File "/root/miniforge3/envs/flwr/lib/python3.11/site-packages/grpc/_channel.py", line 1916, in _poll_connectivity
  File "/root/miniforge3/envs/flwr/lib/python3.11/site-packages/grpc/_channel.py", line 1916, in _poll_connectivity
    event = channel.watch_connectivity_state(
            ^^^^^^^^^^^^^^^^^^^^^^^^^^^^^^^^^
  File "src/python/grpcio/grpc/_cython/_cygrpc/channel.pyx.pxi", line 561, in grpc._cython.cygrpc.Channel.watch_connectivity_state
    event = channel.watch_connectivity_state(
            ^^^^^^^^^^^^^^^^^^^^^^^^^^^^^^^^^
  File "src/python/grpcio/grpc/_cython/_cygrpc/channel.pyx.pxi", line 427, in grpc._cython.cygrpc._watch_connectivity_state
  File "src/python/grpcio/grpc/_cython/_cygrpc/channel.pyx.pxi", line 561, in grpc._cython.cygrpc.Channel.watch_connectivity_state
  File "src/python/grpcio/grpc/_cython/_cygrpc/channel.pyx.pxi", line 435, in grpc._cython.cygrpc._watch_connectivity_state
  File "src/python/grpcio/grpc/_cython/_cygrpc/channel.pyx.pxi", line 427, in grpc._cython.cygrpc._watch_connectivity_state
ValueError: Cannot monitor channel state: Channel closed!
  File "src/python/grpcio/grpc/_cython/_cygrpc/channel.pyx.pxi", line 435, in grpc._cython.cygrpc._watch_connectivity_state
ValueError: Cannot monitor channel state: Channel closed!
Exception in thread Thread-1008 (_run):
Traceback (most recent call last):
  File "/root/miniforge3/envs/flwr/lib/python3.11/threading.py", line 1045, in _bootstrap_inner
    self.run()
  File "/root/miniforge3/envs/flwr/lib/python3.11/threading.py", line 982, in run
    self._target(*self._args, **self._kwargs)
  File "src/python/grpcio/grpc/_cython/_cygrpc/thread.pyx.pxi", line 53, in grpc._cython.cygrpc._run_with_context._run
  File "/root/miniforge3/envs/flwr/lib/python3.11/site-packages/grpc/_channel.py", line 1916, in _poll_connectivity
    event = channel.watch_connectivity_state(
            ^^^^^^^^^^^^^^^^^^^^^^^^^^^^^^^^^
  File "src/python/grpcio/grpc/_cython/_cygrpc/channel.pyx.pxi", line 561, in grpc._cython.cygrpc.Channel.watch_connectivity_state
  File "src/python/grpcio/grpc/_cython/_cygrpc/channel.pyx.pxi", line 427, in grpc._cython.cygrpc._watch_connectivity_state
  File "src/python/grpcio/grpc/_cython/_cygrpc/channel.pyx.pxi", line 435, in grpc._cython.cygrpc._watch_connectivity_state
ValueError: Cannot monitor channel state: Channel closed!
Exception in thread Thread-1020 (_run):
Traceback (most recent call last):
  File "/root/miniforge3/envs/flwr/lib/python3.11/threading.py", line 1045, in _bootstrap_inner
    self.run()
  File "/root/miniforge3/envs/flwr/lib/python3.11/threading.py", line 982, in run
    self._target(*self._args, **self._kwargs)
  File "src/python/grpcio/grpc/_cython/_cygrpc/thread.pyx.pxi", line 53, in grpc._cython.cygrpc._run_with_context._run
  File "/root/miniforge3/envs/flwr/lib/python3.11/site-packages/grpc/_channel.py", line 1916, in _poll_connectivity
    event = channel.watch_connectivity_state(
            ^^^^^^^^^^^^^^^^^^^^^^^^^^^^^^^^^
  File "src/python/grpcio/grpc/_cython/_cygrpc/channel.pyx.pxi", line 561, in grpc._cython.cygrpc.Channel.watch_connectivity_state
  File "src/python/grpcio/grpc/_cython/_cygrpc/channel.pyx.pxi", line 427, in grpc._cython.cygrpc._watch_connectivity_state
  File "src/python/grpcio/grpc/_cython/_cygrpc/channel.pyx.pxi", line 435, in grpc._cython.cygrpc._watch_connectivity_state
ValueError: Cannot monitor channel state: Channel closed!
Exception in thread Thread-1045 (_run):
Traceback (most recent call last):
  File "/root/miniforge3/envs/flwr/lib/python3.11/threading.py", line 1045, in _bootstrap_inner
Exception in thread Thread-1048 (_run):
Exception in thread Thread-1053 (_run):
Traceback (most recent call last):
  File "/root/miniforge3/envs/flwr/lib/python3.11/threading.py", line 1045, in _bootstrap_inner
    self.run()
  File "/root/miniforge3/envs/flwr/lib/python3.11/threading.py", line 982, in run
    self._target(*self._args, **self._kwargs)
  File "src/python/grpcio/grpc/_cython/_cygrpc/thread.pyx.pxi", line 53, in grpc._cython.cygrpc._run_with_context._run
  File "/root/miniforge3/envs/flwr/lib/python3.11/site-packages/grpc/_channel.py", line 1916, in _poll_connectivity
    event = channel.watch_connectivity_state(
            ^^^^^^^^^^^^^^^^^^^^^^^^^^^^^^^^^
  File "src/python/grpcio/grpc/_cython/_cygrpc/channel.pyx.pxi", line 561, in grpc._cython.cygrpc.Channel.watch_connectivity_state
Traceback (most recent call last):
  File "/root/miniforge3/envs/flwr/lib/python3.11/threading.py", line 1045, in _bootstrap_inner
    self.run()
  File "/root/miniforge3/envs/flwr/lib/python3.11/threading.py", line 982, in run
    self._target(*self._args, **self._kwargs)
  File "src/python/grpcio/grpc/_cython/_cygrpc/thread.pyx.pxi", line 53, in grpc._cython.cygrpc._run_with_context._run
  File "/root/miniforge3/envs/flwr/lib/python3.11/site-packages/grpc/_channel.py", line 1916, in _poll_connectivity
    self.run()
  File "/root/miniforge3/envs/flwr/lib/python3.11/threading.py", line 982, in run
    event = channel.watch_connectivity_state(
            ^^^^^^^^^^^^^^^^^^^^^^^^^^^^^^^^^
  File "src/python/grpcio/grpc/_cython/_cygrpc/channel.pyx.pxi", line 561, in grpc._cython.cygrpc.Channel.watch_connectivity_state
    self._target(*self._args, **self._kwargs)
  File "src/python/grpcio/grpc/_cython/_cygrpc/thread.pyx.pxi", line 53, in grpc._cython.cygrpc._run_with_context._run
  File "/root/miniforge3/envs/flwr/lib/python3.11/site-packages/grpc/_channel.py", line 1916, in _poll_connectivity
    event = channel.watch_connectivity_state(
            ^^^^^^^^^^^^^^^^^^^^^^^^^^^^^^^^^
  File "src/python/grpcio/grpc/_cython/_cygrpc/channel.pyx.pxi", line 561, in grpc._cython.cygrpc.Channel.watch_connectivity_state
Exception in thread Thread-1051 (_run):
Traceback (most recent call last):
  File "/root/miniforge3/envs/flwr/lib/python3.11/threading.py", line 1045, in _bootstrap_inner
Exception in thread Thread-1057 (_run):
  File "src/python/grpcio/grpc/_cython/_cygrpc/channel.pyx.pxi", line 427, in grpc._cython.cygrpc._watch_connectivity_state
  File "src/python/grpcio/grpc/_cython/_cygrpc/channel.pyx.pxi", line 427, in grpc._cython.cygrpc._watch_connectivity_state
Traceback (most recent call last):
  File "src/python/grpcio/grpc/_cython/_cygrpc/channel.pyx.pxi", line 435, in grpc._cython.cygrpc._watch_connectivity_state
  File "src/python/grpcio/grpc/_cython/_cygrpc/channel.pyx.pxi", line 435, in grpc._cython.cygrpc._watch_connectivity_state
    self.run()
  File "/root/miniforge3/envs/flwr/lib/python3.11/threading.py", line 982, in run
    self._target(*self._args, **self._kwargs)
  File "src/python/grpcio/grpc/_cython/_cygrpc/thread.pyx.pxi", line 53, in grpc._cython.cygrpc._run_with_context._run
  File "/root/miniforge3/envs/flwr/lib/python3.11/threading.py", line 1045, in _bootstrap_inner
ValueError: Cannot monitor channel state: Channel closed!
ValueError: Cannot monitor channel state: Channel closed!
    self.run()
  File "/root/miniforge3/envs/flwr/lib/python3.11/threading.py", line 982, in run
    self._target(*self._args, **self._kwargs)
  File "src/python/grpcio/grpc/_cython/_cygrpc/thread.pyx.pxi", line 53, in grpc._cython.cygrpc._run_with_context._run
  File "/root/miniforge3/envs/flwr/lib/python3.11/site-packages/grpc/_channel.py", line 1916, in _poll_connectivity
  File "/root/miniforge3/envs/flwr/lib/python3.11/site-packages/grpc/_channel.py", line 1916, in _poll_connectivity
    event = channel.watch_connectivity_state(
            ^^^^^^^^^^^^^^^^^^^^^^^^^^^^^^^^^
    event = channel.watch_connectivity_state(
  File "src/python/grpcio/grpc/_cython/_cygrpc/channel.pyx.pxi", line 561, in grpc._cython.cygrpc.Channel.watch_connectivity_state
            ^^^^^^^^^^^^^^^^^^^^^^^^^^^^^^^^^
  File "src/python/grpcio/grpc/_cython/_cygrpc/channel.pyx.pxi", line 561, in grpc._cython.cygrpc.Channel.watch_connectivity_state
  File "src/python/grpcio/grpc/_cython/_cygrpc/channel.pyx.pxi", line 427, in grpc._cython.cygrpc._watch_connectivity_state
  File "src/python/grpcio/grpc/_cython/_cygrpc/channel.pyx.pxi", line 427, in grpc._cython.cygrpc._watch_connectivity_state
  File "src/python/grpcio/grpc/_cython/_cygrpc/channel.pyx.pxi", line 427, in grpc._cython.cygrpc._watch_connectivity_state
  File "src/python/grpcio/grpc/_cython/_cygrpc/channel.pyx.pxi", line 435, in grpc._cython.cygrpc._watch_connectivity_state
  File "src/python/grpcio/grpc/_cython/_cygrpc/channel.pyx.pxi", line 435, in grpc._cython.cygrpc._watch_connectivity_state
ValueError: Cannot monitor channel state: Channel closed!
ValueError: Cannot monitor channel state: Channel closed!
  File "src/python/grpcio/grpc/_cython/_cygrpc/channel.pyx.pxi", line 435, in grpc._cython.cygrpc._watch_connectivity_state
ValueError: Cannot monitor channel state: Channel closed!
Exception in thread Thread-1010 (_run):
Traceback (most recent call last):
  File "/root/miniforge3/envs/flwr/lib/python3.11/threading.py", line 1045, in _bootstrap_inner
    self.run()
  File "/root/miniforge3/envs/flwr/lib/python3.11/threading.py", line 982, in run
    self._target(*self._args, **self._kwargs)
  File "src/python/grpcio/grpc/_cython/_cygrpc/thread.pyx.pxi", line 53, in grpc._cython.cygrpc._run_with_context._run
  File "/root/miniforge3/envs/flwr/lib/python3.11/site-packages/grpc/_channel.py", line 1916, in _poll_connectivity
    event = channel.watch_connectivity_state(
            ^^^^^^^^^^^^^^^^^^^^^^^^^^^^^^^^^
  File "src/python/grpcio/grpc/_cython/_cygrpc/channel.pyx.pxi", line 561, in grpc._cython.cygrpc.Channel.watch_connectivity_state
  File "src/python/grpcio/grpc/_cython/_cygrpc/channel.pyx.pxi", line 427, in grpc._cython.cygrpc._watch_connectivity_state
  File "src/python/grpcio/grpc/_cython/_cygrpc/channel.pyx.pxi", line 435, in grpc._cython.cygrpc._watch_connectivity_state
ValueError: Cannot monitor channel state: Channel closed!
Exception in thread Thread-1017 (_run):
Traceback (most recent call last):
  File "/root/miniforge3/envs/flwr/lib/python3.11/threading.py", line 1045, in _bootstrap_inner
    self.run()
  File "/root/miniforge3/envs/flwr/lib/python3.11/threading.py", line 982, in run
    self._target(*self._args, **self._kwargs)
  File "src/python/grpcio/grpc/_cython/_cygrpc/thread.pyx.pxi", line 53, in grpc._cython.cygrpc._run_with_context._run
  File "/root/miniforge3/envs/flwr/lib/python3.11/site-packages/grpc/_channel.py", line 1916, in _poll_connectivity
    event = channel.watch_connectivity_state(
            ^^^^^^^^^^^^^^^^^^^^^^^^^^^^^^^^^
  File "src/python/grpcio/grpc/_cython/_cygrpc/channel.pyx.pxi", line 561, in grpc._cython.cygrpc.Channel.watch_connectivity_state
  File "src/python/grpcio/grpc/_cython/_cygrpc/channel.pyx.pxi", line 427, in grpc._cython.cygrpc._watch_connectivity_state
  File "src/python/grpcio/grpc/_cython/_cygrpc/channel.pyx.pxi", line 435, in grpc._cython.cygrpc._watch_connectivity_state
ValueError: Cannot monitor channel state: Channel closed!
Exception in thread Thread-1030 (_run):
Traceback (most recent call last):
  File "/root/miniforge3/envs/flwr/lib/python3.11/threading.py", line 1045, in _bootstrap_inner
    self.run()
  File "/root/miniforge3/envs/flwr/lib/python3.11/threading.py", line 982, in run
    self._target(*self._args, **self._kwargs)
  File "src/python/grpcio/grpc/_cython/_cygrpc/thread.pyx.pxi", line 53, in grpc._cython.cygrpc._run_with_context._run
  File "/root/miniforge3/envs/flwr/lib/python3.11/site-packages/grpc/_channel.py", line 1916, in _poll_connectivity
    event = channel.watch_connectivity_state(
            ^^^^^^^^^^^^^^^^^^^^^^^^^^^^^^^^^
  File "src/python/grpcio/grpc/_cython/_cygrpc/channel.pyx.pxi", line 561, in grpc._cython.cygrpc.Channel.watch_connectivity_state
  File "src/python/grpcio/grpc/_cython/_cygrpc/channel.pyx.pxi", line 427, in grpc._cython.cygrpc._watch_connectivity_state
  File "src/python/grpcio/grpc/_cython/_cygrpc/channel.pyx.pxi", line 435, in grpc._cython.cygrpc._watch_connectivity_state
ValueError: Cannot monitor channel state: Channel closed!
Exception in thread Thread-1005 (_run):
Traceback (most recent call last):
  File "/root/miniforge3/envs/flwr/lib/python3.11/threading.py", line 1045, in _bootstrap_inner
    self.run()
  File "/root/miniforge3/envs/flwr/lib/python3.11/threading.py", line 982, in run
    self._target(*self._args, **self._kwargs)
  File "src/python/grpcio/grpc/_cython/_cygrpc/thread.pyx.pxi", line 53, in grpc._cython.cygrpc._run_with_context._run
  File "/root/miniforge3/envs/flwr/lib/python3.11/site-packages/grpc/_channel.py", line 1916, in _poll_connectivity
    event = channel.watch_connectivity_state(
            ^^^^^^^^^^^^^^^^^^^^^^^^^^^^^^^^^
  File "src/python/grpcio/grpc/_cython/_cygrpc/channel.pyx.pxi", line 561, in grpc._cython.cygrpc.Channel.watch_connectivity_state
  File "src/python/grpcio/grpc/_cython/_cygrpc/channel.pyx.pxi", line 427, in grpc._cython.cygrpc._watch_connectivity_state
  File "src/python/grpcio/grpc/_cython/_cygrpc/channel.pyx.pxi", line 435, in grpc._cython.cygrpc._watch_connectivity_state
ValueError: Cannot monitor channel state: Channel closed!
Exception in thread Thread-1066 (_run):
Traceback (most recent call last):
  File "/root/miniforge3/envs/flwr/lib/python3.11/threading.py", line 1045, in _bootstrap_inner
    self.run()
  File "/root/miniforge3/envs/flwr/lib/python3.11/threading.py", line 982, in run
    self._target(*self._args, **self._kwargs)
  File "src/python/grpcio/grpc/_cython/_cygrpc/thread.pyx.pxi", line 53, in grpc._cython.cygrpc._run_with_context._run
  File "/root/miniforge3/envs/flwr/lib/python3.11/site-packages/grpc/_channel.py", line 1916, in _poll_connectivity
    event = channel.watch_connectivity_state(
            ^^^^^^^^^^^^^^^^^^^^^^^^^^^^^^^^^
  File "src/python/grpcio/grpc/_cython/_cygrpc/channel.pyx.pxi", line 561, in grpc._cython.cygrpc.Channel.watch_connectivity_state
  File "src/python/grpcio/grpc/_cython/_cygrpc/channel.pyx.pxi", line 427, in grpc._cython.cygrpc._watch_connectivity_state
  File "src/python/grpcio/grpc/_cython/_cygrpc/channel.pyx.pxi", line 435, in grpc._cython.cygrpc._watch_connectivity_state
ValueError: Cannot monitor channel state: Channel closed!
Exception in thread Thread-1006 (_run):
Traceback (most recent call last):
  File "/root/miniforge3/envs/flwr/lib/python3.11/threading.py", line 1045, in _bootstrap_inner
    self.run()
  File "/root/miniforge3/envs/flwr/lib/python3.11/threading.py", line 982, in run
    self._target(*self._args, **self._kwargs)
  File "src/python/grpcio/grpc/_cython/_cygrpc/thread.pyx.pxi", line 53, in grpc._cython.cygrpc._run_with_context._run
  File "/root/miniforge3/envs/flwr/lib/python3.11/site-packages/grpc/_channel.py", line 1916, in _poll_connectivity
    event = channel.watch_connectivity_state(
            ^^^^^^^^^^^^^^^^^^^^^^^^^^^^^^^^^
  File "src/python/grpcio/grpc/_cython/_cygrpc/channel.pyx.pxi", line 561, in grpc._cython.cygrpc.Channel.watch_connectivity_state
  File "src/python/grpcio/grpc/_cython/_cygrpc/channel.pyx.pxi", line 427, in grpc._cython.cygrpc._watch_connectivity_state
  File "src/python/grpcio/grpc/_cython/_cygrpc/channel.pyx.pxi", line 435, in grpc._cython.cygrpc._watch_connectivity_state
ValueError: Cannot monitor channel state: Channel closed!
Exception in thread Thread-1004 (_run):
Traceback (most recent call last):
  File "/root/miniforge3/envs/flwr/lib/python3.11/threading.py", line 1045, in _bootstrap_inner
    self.run()
  File "/root/miniforge3/envs/flwr/lib/python3.11/threading.py", line 982, in run
    self._target(*self._args, **self._kwargs)
  File "src/python/grpcio/grpc/_cython/_cygrpc/thread.pyx.pxi", line 53, in grpc._cython.cygrpc._run_with_context._run
  File "/root/miniforge3/envs/flwr/lib/python3.11/site-packages/grpc/_channel.py", line 1916, in _poll_connectivity
    event = channel.watch_connectivity_state(
            ^^^^^^^^^^^^^^^^^^^^^^^^^^^^^^^^^
  File "src/python/grpcio/grpc/_cython/_cygrpc/channel.pyx.pxi", line 561, in grpc._cython.cygrpc.Channel.watch_connectivity_state
  File "src/python/grpcio/grpc/_cython/_cygrpc/channel.pyx.pxi", line 427, in grpc._cython.cygrpc._watch_connectivity_state
  File "src/python/grpcio/grpc/_cython/_cygrpc/channel.pyx.pxi", line 435, in grpc._cython.cygrpc._watch_connectivity_state
ValueError: Cannot monitor channel state: Channel closed!
Exception in thread Thread-1014 (_run):
Traceback (most recent call last):
  File "/root/miniforge3/envs/flwr/lib/python3.11/threading.py", line 1045, in _bootstrap_inner
    self.run()
  File "/root/miniforge3/envs/flwr/lib/python3.11/threading.py", line 982, in run
Exception in thread Thread-1041 (_run):
    self._target(*self._args, **self._kwargs)
  File "src/python/grpcio/grpc/_cython/_cygrpc/thread.pyx.pxi", line 53, in grpc._cython.cygrpc._run_with_context._run
  File "/root/miniforge3/envs/flwr/lib/python3.11/site-packages/grpc/_channel.py", line 1916, in _poll_connectivity
    event = channel.watch_connectivity_state(
            ^^^^^^^^^^^^^^^^^^^^^^^^^^^^^^^^^
  File "src/python/grpcio/grpc/_cython/_cygrpc/channel.pyx.pxi", line 561, in grpc._cython.cygrpc.Channel.watch_connectivity_state
Traceback (most recent call last):
  File "src/python/grpcio/grpc/_cython/_cygrpc/channel.pyx.pxi", line 427, in grpc._cython.cygrpc._watch_connectivity_state
  File "/root/miniforge3/envs/flwr/lib/python3.11/threading.py", line 1045, in _bootstrap_inner
  File "src/python/grpcio/grpc/_cython/_cygrpc/channel.pyx.pxi", line 435, in grpc._cython.cygrpc._watch_connectivity_state
ValueError: Cannot monitor channel state: Channel closed!
    self.run()
  File "/root/miniforge3/envs/flwr/lib/python3.11/threading.py", line 982, in run
    self._target(*self._args, **self._kwargs)
  File "src/python/grpcio/grpc/_cython/_cygrpc/thread.pyx.pxi", line 53, in grpc._cython.cygrpc._run_with_context._run
  File "/root/miniforge3/envs/flwr/lib/python3.11/site-packages/grpc/_channel.py", line 1916, in _poll_connectivity
    event = channel.watch_connectivity_state(
            ^^^^^^^^^^^^^^^^^^^^^^^^^^^^^^^^^
  File "src/python/grpcio/grpc/_cython/_cygrpc/channel.pyx.pxi", line 561, in grpc._cython.cygrpc.Channel.watch_connectivity_state
  File "src/python/grpcio/grpc/_cython/_cygrpc/channel.pyx.pxi", line 427, in grpc._cython.cygrpc._watch_connectivity_state
  File "src/python/grpcio/grpc/_cython/_cygrpc/channel.pyx.pxi", line 435, in grpc._cython.cygrpc._watch_connectivity_state
ValueError: Cannot monitor channel state: Channel closed!
Using the latest cached version of the dataset since fashion_mnist couldn't be found on the Hugging Face Hub
Found the latest cached dataset configuration 'fashion_mnist' at /root/.cache/huggingface/datasets/fashion_mnist/fashion_mnist/0.0.0/531be5e2ccc9dba0c201ad3ae567a4f3d16ecdd2 (last modified on Tue Feb 24 13:59:21 2026).
Exception in thread Thread-1071 (_run):
Traceback (most recent call last):
  File "/root/miniforge3/envs/flwr/lib/python3.11/threading.py", line 1045, in _bootstrap_inner
    self.run()
  File "/root/miniforge3/envs/flwr/lib/python3.11/threading.py", line 982, in run
    self._target(*self._args, **self._kwargs)
  File "src/python/grpcio/grpc/_cython/_cygrpc/thread.pyx.pxi", line 53, in grpc._cython.cygrpc._run_with_context._run
  File "/root/miniforge3/envs/flwr/lib/python3.11/site-packages/grpc/_channel.py", line 1916, in _poll_connectivity
    event = channel.watch_connectivity_state(
            ^^^^^^^^^^^^^^^^^^^^^^^^^^^^^^^^^
  File "src/python/grpcio/grpc/_cython/_cygrpc/channel.pyx.pxi", line 561, in grpc._cython.cygrpc.Channel.watch_connectivity_state
  File "src/python/grpcio/grpc/_cython/_cygrpc/channel.pyx.pxi", line 427, in grpc._cython.cygrpc._watch_connectivity_state
  File "src/python/grpcio/grpc/_cython/_cygrpc/channel.pyx.pxi", line 435, in grpc._cython.cygrpc._watch_connectivity_state
ValueError: Cannot monitor channel state: Channel closed!
Exception in thread Thread-1071 (_run):
Traceback (most recent call last):
  File "/root/miniforge3/envs/flwr/lib/python3.11/threading.py", line 1045, in _bootstrap_inner
    self.run()
  File "/root/miniforge3/envs/flwr/lib/python3.11/threading.py", line 982, in run
    self._target(*self._args, **self._kwargs)
  File "src/python/grpcio/grpc/_cython/_cygrpc/thread.pyx.pxi", line 53, in grpc._cython.cygrpc._run_with_context._run
  File "/root/miniforge3/envs/flwr/lib/python3.11/site-packages/grpc/_channel.py", line 1916, in _poll_connectivity
    event = channel.watch_connectivity_state(
            ^^^^^^^^^^^^^^^^^^^^^^^^^^^^^^^^^
  File "src/python/grpcio/grpc/_cython/_cygrpc/channel.pyx.pxi", line 561, in grpc._cython.cygrpc.Channel.watch_connectivity_state
  File "src/python/grpcio/grpc/_cython/_cygrpc/channel.pyx.pxi", line 427, in grpc._cython.cygrpc._watch_connectivity_state
  File "src/python/grpcio/grpc/_cython/_cygrpc/channel.pyx.pxi", line 435, in grpc._cython.cygrpc._watch_connectivity_state
Exception in thread Thread-1071 (_run):
ValueError: Cannot monitor channel state: Channel closed!
Traceback (most recent call last):
  File "/root/miniforge3/envs/flwr/lib/python3.11/threading.py", line 1045, in _bootstrap_inner
    self.run()
  File "/root/miniforge3/envs/flwr/lib/python3.11/threading.py", line 982, in run
    self._target(*self._args, **self._kwargs)
  File "src/python/grpcio/grpc/_cython/_cygrpc/thread.pyx.pxi", line 53, in grpc._cython.cygrpc._run_with_context._run
  File "/root/miniforge3/envs/flwr/lib/python3.11/site-packages/grpc/_channel.py", line 1916, in _poll_connectivity
    event = channel.watch_connectivity_state(
            ^^^^^^^^^^^^^^^^^^^^^^^^^^^^^^^^^
  File "src/python/grpcio/grpc/_cython/_cygrpc/channel.pyx.pxi", line 561, in grpc._cython.cygrpc.Channel.watch_connectivity_state
  File "src/python/grpcio/grpc/_cython/_cygrpc/channel.pyx.pxi", line 427, in grpc._cython.cygrpc._watch_connectivity_state
  File "src/python/grpcio/grpc/_cython/_cygrpc/channel.pyx.pxi", line 435, in grpc._cython.cygrpc._watch_connectivity_state
ValueError: Cannot monitor channel state: Channel closed!
Exception in thread Thread-1013 (_run):
Traceback (most recent call last):
  File "/root/miniforge3/envs/flwr/lib/python3.11/threading.py", line 1045, in _bootstrap_inner
    self.run()
  File "/root/miniforge3/envs/flwr/lib/python3.11/threading.py", line 982, in run
    self._target(*self._args, **self._kwargs)
  File "src/python/grpcio/grpc/_cython/_cygrpc/thread.pyx.pxi", line 53, in grpc._cython.cygrpc._run_with_context._run
  File "/root/miniforge3/envs/flwr/lib/python3.11/site-packages/grpc/_channel.py", line 1916, in _poll_connectivity
    event = channel.watch_connectivity_state(
            ^^^^^^^^^^^^^^^^^^^^^^^^^^^^^^^^^
  File "src/python/grpcio/grpc/_cython/_cygrpc/channel.pyx.pxi", line 561, in grpc._cython.cygrpc.Channel.watch_connectivity_state
  File "src/python/grpcio/grpc/_cython/_cygrpc/channel.pyx.pxi", line 427, in grpc._cython.cygrpc._watch_connectivity_state
  File "src/python/grpcio/grpc/_cython/_cygrpc/channel.pyx.pxi", line 435, in grpc._cython.cygrpc._watch_connectivity_state
ValueError: Cannot monitor channel state: Channel closed!
Exception in thread Thread-1035 (_run):
Traceback (most recent call last):
  File "/root/miniforge3/envs/flwr/lib/python3.11/threading.py", line 1045, in _bootstrap_inner
    self.run()
  File "/root/miniforge3/envs/flwr/lib/python3.11/threading.py", line 982, in run
    self._target(*self._args, **self._kwargs)
  File "src/python/grpcio/grpc/_cython/_cygrpc/thread.pyx.pxi", line 53, in grpc._cython.cygrpc._run_with_context._run
  File "/root/miniforge3/envs/flwr/lib/python3.11/site-packages/grpc/_channel.py", line 1916, in _poll_connectivity
    event = channel.watch_connectivity_state(
            ^^^^^^^^^^^^^^^^^^^^^^^^^^^^^^^^^
  File "src/python/grpcio/grpc/_cython/_cygrpc/channel.pyx.pxi", line 561, in grpc._cython.cygrpc.Channel.watch_connectivity_state
  File "src/python/grpcio/grpc/_cython/_cygrpc/channel.pyx.pxi", line 427, in grpc._cython.cygrpc._watch_connectivity_state
  File "src/python/grpcio/grpc/_cython/_cygrpc/channel.pyx.pxi", line 435, in grpc._cython.cygrpc._watch_connectivity_state
ValueError: Cannot monitor channel state: Channel closed!
Exception in thread Thread-1048 (_run):
Traceback (most recent call last):
  File "/root/miniforge3/envs/flwr/lib/python3.11/threading.py", line 1045, in _bootstrap_inner
Exception in thread Thread-1047 (_run):
Traceback (most recent call last):
  File "/root/miniforge3/envs/flwr/lib/python3.11/threading.py", line 1045, in _bootstrap_inner
    self.run()
Exception in thread Thread-1075 (_run):
Traceback (most recent call last):
  File "/root/miniforge3/envs/flwr/lib/python3.11/threading.py", line 1045, in _bootstrap_inner
  File "/root/miniforge3/envs/flwr/lib/python3.11/threading.py", line 982, in run
    self.run()
  File "/root/miniforge3/envs/flwr/lib/python3.11/threading.py", line 982, in run
    self.run()
    self._target(*self._args, **self._kwargs)
  File "/root/miniforge3/envs/flwr/lib/python3.11/threading.py", line 982, in run
    self._target(*self._args, **self._kwargs)
  File "src/python/grpcio/grpc/_cython/_cygrpc/thread.pyx.pxi", line 53, in grpc._cython.cygrpc._run_with_context._run
  File "src/python/grpcio/grpc/_cython/_cygrpc/thread.pyx.pxi", line 53, in grpc._cython.cygrpc._run_with_context._run
    self._target(*self._args, **self._kwargs)
  File "src/python/grpcio/grpc/_cython/_cygrpc/thread.pyx.pxi", line 53, in grpc._cython.cygrpc._run_with_context._run
  File "/root/miniforge3/envs/flwr/lib/python3.11/site-packages/grpc/_channel.py", line 1916, in _poll_connectivity
  File "/root/miniforge3/envs/flwr/lib/python3.11/site-packages/grpc/_channel.py", line 1916, in _poll_connectivity
  File "/root/miniforge3/envs/flwr/lib/python3.11/site-packages/grpc/_channel.py", line 1916, in _poll_connectivity
    event = channel.watch_connectivity_state(
    event = channel.watch_connectivity_state(
            ^^^^^^^^^^^^^^^^^^^^^^^^^^^^^^^^^
  File "src/python/grpcio/grpc/_cython/_cygrpc/channel.pyx.pxi", line 561, in grpc._cython.cygrpc.Channel.watch_connectivity_state
            ^^^^^^^^^^^^^^^^^^^^^^^^^^^^^^^^^
  File "src/python/grpcio/grpc/_cython/_cygrpc/channel.pyx.pxi", line 561, in grpc._cython.cygrpc.Channel.watch_connectivity_state
    event = channel.watch_connectivity_state(
            ^^^^^^^^^^^^^^^^^^^^^^^^^^^^^^^^^
  File "src/python/grpcio/grpc/_cython/_cygrpc/channel.pyx.pxi", line 427, in grpc._cython.cygrpc._watch_connectivity_state
  File "src/python/grpcio/grpc/_cython/_cygrpc/channel.pyx.pxi", line 427, in grpc._cython.cygrpc._watch_connectivity_state
  File "src/python/grpcio/grpc/_cython/_cygrpc/channel.pyx.pxi", line 561, in grpc._cython.cygrpc.Channel.watch_connectivity_state
  File "src/python/grpcio/grpc/_cython/_cygrpc/channel.pyx.pxi", line 435, in grpc._cython.cygrpc._watch_connectivity_state
  File "src/python/grpcio/grpc/_cython/_cygrpc/channel.pyx.pxi", line 435, in grpc._cython.cygrpc._watch_connectivity_state
ValueError: Cannot monitor channel state: Channel closed!
ValueError: Cannot monitor channel state: Channel closed!
  File "src/python/grpcio/grpc/_cython/_cygrpc/channel.pyx.pxi", line 427, in grpc._cython.cygrpc._watch_connectivity_state
  File "src/python/grpcio/grpc/_cython/_cygrpc/channel.pyx.pxi", line 435, in grpc._cython.cygrpc._watch_connectivity_state
ValueError: Cannot monitor channel state: Channel closed!
Exception in thread Thread-1076 (_run):
Traceback (most recent call last):
  File "/root/miniforge3/envs/flwr/lib/python3.11/threading.py", line 1045, in _bootstrap_inner
    self.run()
  File "/root/miniforge3/envs/flwr/lib/python3.11/threading.py", line 982, in run
    self._target(*self._args, **self._kwargs)
  File "src/python/grpcio/grpc/_cython/_cygrpc/thread.pyx.pxi", line 53, in grpc._cython.cygrpc._run_with_context._run
  File "/root/miniforge3/envs/flwr/lib/python3.11/site-packages/grpc/_channel.py", line 1916, in _poll_connectivity
    event = channel.watch_connectivity_state(
            ^^^^^^^^^^^^^^^^^^^^^^^^^^^^^^^^^
  File "src/python/grpcio/grpc/_cython/_cygrpc/channel.pyx.pxi", line 561, in grpc._cython.cygrpc.Channel.watch_connectivity_state
  File "src/python/grpcio/grpc/_cython/_cygrpc/channel.pyx.pxi", line 427, in grpc._cython.cygrpc._watch_connectivity_state
  File "src/python/grpcio/grpc/_cython/_cygrpc/channel.pyx.pxi", line 435, in grpc._cython.cygrpc._watch_connectivity_state
ValueError: Cannot monitor channel state: Channel closed!
Exception in thread Thread-1039 (_run):
Traceback (most recent call last):
  File "/root/miniforge3/envs/flwr/lib/python3.11/threading.py", line 1045, in _bootstrap_inner
    self.run()
  File "/root/miniforge3/envs/flwr/lib/python3.11/threading.py", line 982, in run
    self._target(*self._args, **self._kwargs)
  File "src/python/grpcio/grpc/_cython/_cygrpc/thread.pyx.pxi", line 53, in grpc._cython.cygrpc._run_with_context._run
  File "/root/miniforge3/envs/flwr/lib/python3.11/site-packages/grpc/_channel.py", line 1916, in _poll_connectivity
    event = channel.watch_connectivity_state(
            ^^^^^^^^^^^^^^^^^^^^^^^^^^^^^^^^^
  File "src/python/grpcio/grpc/_cython/_cygrpc/channel.pyx.pxi", line 561, in grpc._cython.cygrpc.Channel.watch_connectivity_state
  File "src/python/grpcio/grpc/_cython/_cygrpc/channel.pyx.pxi", line 427, in grpc._cython.cygrpc._watch_connectivity_state
  File "src/python/grpcio/grpc/_cython/_cygrpc/channel.pyx.pxi", line 435, in grpc._cython.cygrpc._watch_connectivity_state
ValueError: Cannot monitor channel state: Channel closed!
Exception in thread Thread-1039 (_run):
Traceback (most recent call last):
  File "/root/miniforge3/envs/flwr/lib/python3.11/threading.py", line 1045, in _bootstrap_inner
    self.run()
  File "/root/miniforge3/envs/flwr/lib/python3.11/threading.py", line 982, in run
    self._target(*self._args, **self._kwargs)
  File "src/python/grpcio/grpc/_cython/_cygrpc/thread.pyx.pxi", line 53, in grpc._cython.cygrpc._run_with_context._run
  File "/root/miniforge3/envs/flwr/lib/python3.11/site-packages/grpc/_channel.py", line 1916, in _poll_connectivity
    event = channel.watch_connectivity_state(
            ^^^^^^^^^^^^^^^^^^^^^^^^^^^^^^^^^
  File "src/python/grpcio/grpc/_cython/_cygrpc/channel.pyx.pxi", line 561, in grpc._cython.cygrpc.Channel.watch_connectivity_state
  File "src/python/grpcio/grpc/_cython/_cygrpc/channel.pyx.pxi", line 427, in grpc._cython.cygrpc._watch_connectivity_state
  File "src/python/grpcio/grpc/_cython/_cygrpc/channel.pyx.pxi", line 435, in grpc._cython.cygrpc._watch_connectivity_state
ValueError: Cannot monitor channel state: Channel closed!
Exception in thread Thread-1085 (_run):
Traceback (most recent call last):
  File "/root/miniforge3/envs/flwr/lib/python3.11/threading.py", line 1045, in _bootstrap_inner
Exception in thread Thread-1081 (_run):
Traceback (most recent call last):
  File "/root/miniforge3/envs/flwr/lib/python3.11/threading.py", line 1045, in _bootstrap_inner
    self.run()
  File "/root/miniforge3/envs/flwr/lib/python3.11/threading.py", line 982, in run
    self.run()
  File "/root/miniforge3/envs/flwr/lib/python3.11/threading.py", line 982, in run
    self._target(*self._args, **self._kwargs)
  File "src/python/grpcio/grpc/_cython/_cygrpc/thread.pyx.pxi", line 53, in grpc._cython.cygrpc._run_with_context._run
    self._target(*self._args, **self._kwargs)
  File "src/python/grpcio/grpc/_cython/_cygrpc/thread.pyx.pxi", line 53, in grpc._cython.cygrpc._run_with_context._run
  File "/root/miniforge3/envs/flwr/lib/python3.11/site-packages/grpc/_channel.py", line 1916, in _poll_connectivity
  File "/root/miniforge3/envs/flwr/lib/python3.11/site-packages/grpc/_channel.py", line 1916, in _poll_connectivity
    event = channel.watch_connectivity_state(
    event = channel.watch_connectivity_state(
            ^^^^^^^^^^^^^^^^^^^^^^^^^^^^^^^^^
            ^^^^^^^^^^^^^^^^^^^^^^^^^^^^^^^^^
  File "src/python/grpcio/grpc/_cython/_cygrpc/channel.pyx.pxi", line 561, in grpc._cython.cygrpc.Channel.watch_connectivity_state
  File "src/python/grpcio/grpc/_cython/_cygrpc/channel.pyx.pxi", line 561, in grpc._cython.cygrpc.Channel.watch_connectivity_state
  File "src/python/grpcio/grpc/_cython/_cygrpc/channel.pyx.pxi", line 427, in grpc._cython.cygrpc._watch_connectivity_state
  File "src/python/grpcio/grpc/_cython/_cygrpc/channel.pyx.pxi", line 427, in grpc._cython.cygrpc._watch_connectivity_state
  File "src/python/grpcio/grpc/_cython/_cygrpc/channel.pyx.pxi", line 435, in grpc._cython.cygrpc._watch_connectivity_state
  File "src/python/grpcio/grpc/_cython/_cygrpc/channel.pyx.pxi", line 435, in grpc._cython.cygrpc._watch_connectivity_state
ValueError: Cannot monitor channel state: Channel closed!
ValueError: Cannot monitor channel state: Channel closed!
Exception in thread Thread-1046 (_run):
Traceback (most recent call last):
  File "/root/miniforge3/envs/flwr/lib/python3.11/threading.py", line 1045, in _bootstrap_inner
    self.run()
  File "/root/miniforge3/envs/flwr/lib/python3.11/threading.py", line 982, in run
    self._target(*self._args, **self._kwargs)
  File "src/python/grpcio/grpc/_cython/_cygrpc/thread.pyx.pxi", line 53, in grpc._cython.cygrpc._run_with_context._run
  File "/root/miniforge3/envs/flwr/lib/python3.11/site-packages/grpc/_channel.py", line 1916, in _poll_connectivity
    event = channel.watch_connectivity_state(
            ^^^^^^^^^^^^^^^^^^^^^^^^^^^^^^^^^
  File "src/python/grpcio/grpc/_cython/_cygrpc/channel.pyx.pxi", line 561, in grpc._cython.cygrpc.Channel.watch_connectivity_state
  File "src/python/grpcio/grpc/_cython/_cygrpc/channel.pyx.pxi", line 427, in grpc._cython.cygrpc._watch_connectivity_state
  File "src/python/grpcio/grpc/_cython/_cygrpc/channel.pyx.pxi", line 435, in grpc._cython.cygrpc._watch_connectivity_state
ValueError: Cannot monitor channel state: Channel closed!
Exception in thread Thread-1050 (_run):
Traceback (most recent call last):
  File "/root/miniforge3/envs/flwr/lib/python3.11/threading.py", line 1045, in _bootstrap_inner
    self.run()
  File "/root/miniforge3/envs/flwr/lib/python3.11/threading.py", line 982, in run
    self._target(*self._args, **self._kwargs)
  File "src/python/grpcio/grpc/_cython/_cygrpc/thread.pyx.pxi", line 53, in grpc._cython.cygrpc._run_with_context._run
  File "/root/miniforge3/envs/flwr/lib/python3.11/site-packages/grpc/_channel.py", line 1916, in _poll_connectivity
    event = channel.watch_connectivity_state(
            ^^^^^^^^^^^^^^^^^^^^^^^^^^^^^^^^^
  File "src/python/grpcio/grpc/_cython/_cygrpc/channel.pyx.pxi", line 561, in grpc._cython.cygrpc.Channel.watch_connectivity_state
  File "src/python/grpcio/grpc/_cython/_cygrpc/channel.pyx.pxi", line 427, in grpc._cython.cygrpc._watch_connectivity_state
  File "src/python/grpcio/grpc/_cython/_cygrpc/channel.pyx.pxi", line 435, in grpc._cython.cygrpc._watch_connectivity_state
ValueError: Cannot monitor channel state: Channel closed!
Exception in thread Thread-1044 (_run):
Traceback (most recent call last):
  File "/root/miniforge3/envs/flwr/lib/python3.11/threading.py", line 1045, in _bootstrap_inner
    self.run()
  File "/root/miniforge3/envs/flwr/lib/python3.11/threading.py", line 982, in run
    self._target(*self._args, **self._kwargs)
  File "src/python/grpcio/grpc/_cython/_cygrpc/thread.pyx.pxi", line 53, in grpc._cython.cygrpc._run_with_context._run
  File "/root/miniforge3/envs/flwr/lib/python3.11/site-packages/grpc/_channel.py", line 1916, in _poll_connectivity
    event = channel.watch_connectivity_state(
            ^^^^^^^^^^^^^^^^^^^^^^^^^^^^^^^^^
  File "src/python/grpcio/grpc/_cython/_cygrpc/channel.pyx.pxi", line 561, in grpc._cython.cygrpc.Channel.watch_connectivity_state
  File "src/python/grpcio/grpc/_cython/_cygrpc/channel.pyx.pxi", line 427, in grpc._cython.cygrpc._watch_connectivity_state
  File "src/python/grpcio/grpc/_cython/_cygrpc/channel.pyx.pxi", line 435, in grpc._cython.cygrpc._watch_connectivity_state
ValueError: Cannot monitor channel state: Channel closed!
Exception in thread Thread-1086 (_run):
Traceback (most recent call last):
  File "/root/miniforge3/envs/flwr/lib/python3.11/threading.py", line 1045, in _bootstrap_inner
    self.run()
  File "/root/miniforge3/envs/flwr/lib/python3.11/threading.py", line 982, in run
    self._target(*self._args, **self._kwargs)
  File "src/python/grpcio/grpc/_cython/_cygrpc/thread.pyx.pxi", line 53, in grpc._cython.cygrpc._run_with_context._run
  File "/root/miniforge3/envs/flwr/lib/python3.11/site-packages/grpc/_channel.py", line 1916, in _poll_connectivity
    event = channel.watch_connectivity_state(
            ^^^^^^^^^^^^^^^^^^^^^^^^^^^^^^^^^
  File "src/python/grpcio/grpc/_cython/_cygrpc/channel.pyx.pxi", line 561, in grpc._cython.cygrpc.Channel.watch_connectivity_state
  File "src/python/grpcio/grpc/_cython/_cygrpc/channel.pyx.pxi", line 427, in grpc._cython.cygrpc._watch_connectivity_state
  File "src/python/grpcio/grpc/_cython/_cygrpc/channel.pyx.pxi", line 435, in grpc._cython.cygrpc._watch_connectivity_state
ValueError: Cannot monitor channel state: Channel closed!
Exception in thread Thread-1088 (_run):
Traceback (most recent call last):
  File "/root/miniforge3/envs/flwr/lib/python3.11/threading.py", line 1045, in _bootstrap_inner
    self.run()
  File "/root/miniforge3/envs/flwr/lib/python3.11/threading.py", line 982, in run
    self._target(*self._args, **self._kwargs)
  File "src/python/grpcio/grpc/_cython/_cygrpc/thread.pyx.pxi", line 53, in grpc._cython.cygrpc._run_with_context._run
  File "/root/miniforge3/envs/flwr/lib/python3.11/site-packages/grpc/_channel.py", line 1916, in _poll_connectivity
    event = channel.watch_connectivity_state(
            ^^^^^^^^^^^^^^^^^^^^^^^^^^^^^^^^^
  File "src/python/grpcio/grpc/_cython/_cygrpc/channel.pyx.pxi", line 561, in grpc._cython.cygrpc.Channel.watch_connectivity_state
  File "src/python/grpcio/grpc/_cython/_cygrpc/channel.pyx.pxi", line 427, in grpc._cython.cygrpc._watch_connectivity_state
  File "src/python/grpcio/grpc/_cython/_cygrpc/channel.pyx.pxi", line 435, in grpc._cython.cygrpc._watch_connectivity_state
ValueError: Cannot monitor channel state: Channel closed!
Exception in thread Thread-1098 (_run):
Traceback (most recent call last):
  File "/root/miniforge3/envs/flwr/lib/python3.11/threading.py", line 1045, in _bootstrap_inner
    self.run()
  File "/root/miniforge3/envs/flwr/lib/python3.11/threading.py", line 982, in run
    self._target(*self._args, **self._kwargs)
  File "src/python/grpcio/grpc/_cython/_cygrpc/thread.pyx.pxi", line 53, in grpc._cython.cygrpc._run_with_context._run
  File "/root/miniforge3/envs/flwr/lib/python3.11/site-packages/grpc/_channel.py", line 1916, in _poll_connectivity
    event = channel.watch_connectivity_state(
            ^^^^^^^^^^^^^^^^^^^^^^^^^^^^^^^^^
  File "src/python/grpcio/grpc/_cython/_cygrpc/channel.pyx.pxi", line 561, in grpc._cython.cygrpc.Channel.watch_connectivity_state
  File "src/python/grpcio/grpc/_cython/_cygrpc/channel.pyx.pxi", line 427, in grpc._cython.cygrpc._watch_connectivity_state
  File "src/python/grpcio/grpc/_cython/_cygrpc/channel.pyx.pxi", line 435, in grpc._cython.cygrpc._watch_connectivity_state
ValueError: Cannot monitor channel state: Channel closed!
Exception in thread Thread-1061 (_run):
Traceback (most recent call last):
  File "/root/miniforge3/envs/flwr/lib/python3.11/threading.py", line 1045, in _bootstrap_inner
    self.run()
  File "/root/miniforge3/envs/flwr/lib/python3.11/threading.py", line 982, in run
    self._target(*self._args, **self._kwargs)
  File "src/python/grpcio/grpc/_cython/_cygrpc/thread.pyx.pxi", line 53, in grpc._cython.cygrpc._run_with_context._run
  File "/root/miniforge3/envs/flwr/lib/python3.11/site-packages/grpc/_channel.py", line 1916, in _poll_connectivity
    event = channel.watch_connectivity_state(
            ^^^^^^^^^^^^^^^^^^^^^^^^^^^^^^^^^
  File "src/python/grpcio/grpc/_cython/_cygrpc/channel.pyx.pxi", line 561, in grpc._cython.cygrpc.Channel.watch_connectivity_state
  File "src/python/grpcio/grpc/_cython/_cygrpc/channel.pyx.pxi", line 427, in grpc._cython.cygrpc._watch_connectivity_state
  File "src/python/grpcio/grpc/_cython/_cygrpc/channel.pyx.pxi", line 435, in grpc._cython.cygrpc._watch_connectivity_state
ValueError: Cannot monitor channel state: Channel closed!
Exception in thread Thread-1063 (_run):
Traceback (most recent call last):
  File "/root/miniforge3/envs/flwr/lib/python3.11/threading.py", line 1045, in _bootstrap_inner
    self.run()
  File "/root/miniforge3/envs/flwr/lib/python3.11/threading.py", line 982, in run
    self._target(*self._args, **self._kwargs)
  File "src/python/grpcio/grpc/_cython/_cygrpc/thread.pyx.pxi", line 53, in grpc._cython.cygrpc._run_with_context._run
  File "/root/miniforge3/envs/flwr/lib/python3.11/site-packages/grpc/_channel.py", line 1916, in _poll_connectivity
    event = channel.watch_connectivity_state(
            ^^^^^^^^^^^^^^^^^^^^^^^^^^^^^^^^^
  File "src/python/grpcio/grpc/_cython/_cygrpc/channel.pyx.pxi", line 561, in grpc._cython.cygrpc.Channel.watch_connectivity_state
  File "src/python/grpcio/grpc/_cython/_cygrpc/channel.pyx.pxi", line 427, in grpc._cython.cygrpc._watch_connectivity_state
  File "src/python/grpcio/grpc/_cython/_cygrpc/channel.pyx.pxi", line 435, in grpc._cython.cygrpc._watch_connectivity_state
ValueError: Cannot monitor channel state: Channel closed!
Exception in thread Thread-1013 (_run):
Traceback (most recent call last):
  File "/root/miniforge3/envs/flwr/lib/python3.11/threading.py", line 1045, in _bootstrap_inner
    self.run()
  File "/root/miniforge3/envs/flwr/lib/python3.11/threading.py", line 982, in run
    self._target(*self._args, **self._kwargs)
  File "src/python/grpcio/grpc/_cython/_cygrpc/thread.pyx.pxi", line 53, in grpc._cython.cygrpc._run_with_context._run
  File "/root/miniforge3/envs/flwr/lib/python3.11/site-packages/grpc/_channel.py", line 1916, in _poll_connectivity
    event = channel.watch_connectivity_state(
            ^^^^^^^^^^^^^^^^^^^^^^^^^^^^^^^^^
  File "src/python/grpcio/grpc/_cython/_cygrpc/channel.pyx.pxi", line 561, in grpc._cython.cygrpc.Channel.watch_connectivity_state
  File "src/python/grpcio/grpc/_cython/_cygrpc/channel.pyx.pxi", line 427, in grpc._cython.cygrpc._watch_connectivity_state
  File "src/python/grpcio/grpc/_cython/_cygrpc/channel.pyx.pxi", line 435, in grpc._cython.cygrpc._watch_connectivity_state
Exception in thread Thread-1016 (_run):
ValueError: Cannot monitor channel state: Channel closed!
Traceback (most recent call last):
  File "/root/miniforge3/envs/flwr/lib/python3.11/threading.py", line 1045, in _bootstrap_inner
    self.run()
  File "/root/miniforge3/envs/flwr/lib/python3.11/threading.py", line 982, in run
    self._target(*self._args, **self._kwargs)
  File "src/python/grpcio/grpc/_cython/_cygrpc/thread.pyx.pxi", line 53, in grpc._cython.cygrpc._run_with_context._run
  File "/root/miniforge3/envs/flwr/lib/python3.11/site-packages/grpc/_channel.py", line 1916, in _poll_connectivity
    event = channel.watch_connectivity_state(
            ^^^^^^^^^^^^^^^^^^^^^^^^^^^^^^^^^
  File "src/python/grpcio/grpc/_cython/_cygrpc/channel.pyx.pxi", line 561, in grpc._cython.cygrpc.Channel.watch_connectivity_state
  File "src/python/grpcio/grpc/_cython/_cygrpc/channel.pyx.pxi", line 427, in grpc._cython.cygrpc._watch_connectivity_state
  File "src/python/grpcio/grpc/_cython/_cygrpc/channel.pyx.pxi", line 435, in grpc._cython.cygrpc._watch_connectivity_state
ValueError: Cannot monitor channel state: Channel closed!
Exception in thread Thread-1119 (_run):
Traceback (most recent call last):
  File "/root/miniforge3/envs/flwr/lib/python3.11/threading.py", line 1045, in _bootstrap_inner
    self.run()
  File "/root/miniforge3/envs/flwr/lib/python3.11/threading.py", line 982, in run
    self._target(*self._args, **self._kwargs)
  File "src/python/grpcio/grpc/_cython/_cygrpc/thread.pyx.pxi", line 53, in grpc._cython.cygrpc._run_with_context._run
  File "/root/miniforge3/envs/flwr/lib/python3.11/site-packages/grpc/_channel.py", line 1916, in _poll_connectivity
    event = channel.watch_connectivity_state(
            ^^^^^^^^^^^^^^^^^^^^^^^^^^^^^^^^^
  File "src/python/grpcio/grpc/_cython/_cygrpc/channel.pyx.pxi", line 561, in grpc._cython.cygrpc.Channel.watch_connectivity_state
  File "src/python/grpcio/grpc/_cython/_cygrpc/channel.pyx.pxi", line 427, in grpc._cython.cygrpc._watch_connectivity_state
  File "src/python/grpcio/grpc/_cython/_cygrpc/channel.pyx.pxi", line 435, in grpc._cython.cygrpc._watch_connectivity_state
ValueError: Cannot monitor channel state: Channel closed!
Exception in thread Thread-1118 (_run):
Traceback (most recent call last):
  File "/root/miniforge3/envs/flwr/lib/python3.11/threading.py", line 1045, in _bootstrap_inner
    self.run()
  File "/root/miniforge3/envs/flwr/lib/python3.11/threading.py", line 982, in run
    self._target(*self._args, **self._kwargs)
  File "src/python/grpcio/grpc/_cython/_cygrpc/thread.pyx.pxi", line 53, in grpc._cython.cygrpc._run_with_context._run
  File "/root/miniforge3/envs/flwr/lib/python3.11/site-packages/grpc/_channel.py", line 1916, in _poll_connectivity
    event = channel.watch_connectivity_state(
            ^^^^^^^^^^^^^^^^^^^^^^^^^^^^^^^^^
  File "src/python/grpcio/grpc/_cython/_cygrpc/channel.pyx.pxi", line 561, in grpc._cython.cygrpc.Channel.watch_connectivity_state
  File "src/python/grpcio/grpc/_cython/_cygrpc/channel.pyx.pxi", line 427, in grpc._cython.cygrpc._watch_connectivity_state
  File "src/python/grpcio/grpc/_cython/_cygrpc/channel.pyx.pxi", line 435, in grpc._cython.cygrpc._watch_connectivity_state
ValueError: Cannot monitor channel state: Channel closed!
Exception in thread Thread-1109 (_run):
Traceback (most recent call last):
  File "/root/miniforge3/envs/flwr/lib/python3.11/threading.py", line 1045, in _bootstrap_inner
    self.run()
  File "/root/miniforge3/envs/flwr/lib/python3.11/threading.py", line 982, in run
    self._target(*self._args, **self._kwargs)
  File "src/python/grpcio/grpc/_cython/_cygrpc/thread.pyx.pxi", line 53, in grpc._cython.cygrpc._run_with_context._run
  File "/root/miniforge3/envs/flwr/lib/python3.11/site-packages/grpc/_channel.py", line 1916, in _poll_connectivity
    event = channel.watch_connectivity_state(
            ^^^^^^^^^^^^^^^^^^^^^^^^^^^^^^^^^
  File "src/python/grpcio/grpc/_cython/_cygrpc/channel.pyx.pxi", line 561, in grpc._cython.cygrpc.Channel.watch_connectivity_state
Exception in thread Thread-1112 (_run):
Traceback (most recent call last):
  File "src/python/grpcio/grpc/_cython/_cygrpc/channel.pyx.pxi", line 427, in grpc._cython.cygrpc._watch_connectivity_state
  File "/root/miniforge3/envs/flwr/lib/python3.11/threading.py", line 1045, in _bootstrap_inner
  File "src/python/grpcio/grpc/_cython/_cygrpc/channel.pyx.pxi", line 435, in grpc._cython.cygrpc._watch_connectivity_state
    self.run()
ValueError: Cannot monitor channel state: Channel closed!
  File "/root/miniforge3/envs/flwr/lib/python3.11/threading.py", line 982, in run
    self._target(*self._args, **self._kwargs)
  File "src/python/grpcio/grpc/_cython/_cygrpc/thread.pyx.pxi", line 53, in grpc._cython.cygrpc._run_with_context._run
  File "/root/miniforge3/envs/flwr/lib/python3.11/site-packages/grpc/_channel.py", line 1916, in _poll_connectivity
    event = channel.watch_connectivity_state(
            ^^^^^^^^^^^^^^^^^^^^^^^^^^^^^^^^^
  File "src/python/grpcio/grpc/_cython/_cygrpc/channel.pyx.pxi", line 561, in grpc._cython.cygrpc.Channel.watch_connectivity_state
  File "src/python/grpcio/grpc/_cython/_cygrpc/channel.pyx.pxi", line 427, in grpc._cython.cygrpc._watch_connectivity_state
  File "src/python/grpcio/grpc/_cython/_cygrpc/channel.pyx.pxi", line 435, in grpc._cython.cygrpc._watch_connectivity_state
ValueError: Cannot monitor channel state: Channel closed!
Exception in thread Thread-1113 (_run):
Traceback (most recent call last):
  File "/root/miniforge3/envs/flwr/lib/python3.11/threading.py", line 1045, in _bootstrap_inner
    self.run()
  File "/root/miniforge3/envs/flwr/lib/python3.11/threading.py", line 982, in run
    self._target(*self._args, **self._kwargs)
  File "src/python/grpcio/grpc/_cython/_cygrpc/thread.pyx.pxi", line 53, in grpc._cython.cygrpc._run_with_context._run
  File "/root/miniforge3/envs/flwr/lib/python3.11/site-packages/grpc/_channel.py", line 1916, in _poll_connectivity
    event = channel.watch_connectivity_state(
            ^^^^^^^^^^^^^^^^^^^^^^^^^^^^^^^^^
  File "src/python/grpcio/grpc/_cython/_cygrpc/channel.pyx.pxi", line 561, in grpc._cython.cygrpc.Channel.watch_connectivity_state
  File "src/python/grpcio/grpc/_cython/_cygrpc/channel.pyx.pxi", line 427, in grpc._cython.cygrpc._watch_connectivity_state
  File "src/python/grpcio/grpc/_cython/_cygrpc/channel.pyx.pxi", line 435, in grpc._cython.cygrpc._watch_connectivity_state
ValueError: Cannot monitor channel state: Channel closed!
Exception in thread Thread-1087 (_run):
Traceback (most recent call last):
  File "/root/miniforge3/envs/flwr/lib/python3.11/threading.py", line 1045, in _bootstrap_inner
    self.run()
  File "/root/miniforge3/envs/flwr/lib/python3.11/threading.py", line 982, in run
    self._target(*self._args, **self._kwargs)
  File "src/python/grpcio/grpc/_cython/_cygrpc/thread.pyx.pxi", line 53, in grpc._cython.cygrpc._run_with_context._run
  File "/root/miniforge3/envs/flwr/lib/python3.11/site-packages/grpc/_channel.py", line 1916, in _poll_connectivity
    event = channel.watch_connectivity_state(
            ^^^^^^^^^^^^^^^^^^^^^^^^^^^^^^^^^
  File "src/python/grpcio/grpc/_cython/_cygrpc/channel.pyx.pxi", line 561, in grpc._cython.cygrpc.Channel.watch_connectivity_state
  File "src/python/grpcio/grpc/_cython/_cygrpc/channel.pyx.pxi", line 427, in grpc._cython.cygrpc._watch_connectivity_state
  File "src/python/grpcio/grpc/_cython/_cygrpc/channel.pyx.pxi", line 435, in grpc._cython.cygrpc._watch_connectivity_state
ValueError: Cannot monitor channel state: Channel closed!
Exception in thread Thread-1136 (_run):
Traceback (most recent call last):
  File "/root/miniforge3/envs/flwr/lib/python3.11/threading.py", line 1045, in _bootstrap_inner
    self.run()
  File "/root/miniforge3/envs/flwr/lib/python3.11/threading.py", line 982, in run
    self._target(*self._args, **self._kwargs)
  File "src/python/grpcio/grpc/_cython/_cygrpc/thread.pyx.pxi", line 53, in grpc._cython.cygrpc._run_with_context._run
  File "/root/miniforge3/envs/flwr/lib/python3.11/site-packages/grpc/_channel.py", line 1916, in _poll_connectivity
    event = channel.watch_connectivity_state(
            ^^^^^^^^^^^^^^^^^^^^^^^^^^^^^^^^^
  File "src/python/grpcio/grpc/_cython/_cygrpc/channel.pyx.pxi", line 561, in grpc._cython.cygrpc.Channel.watch_connectivity_state
  File "src/python/grpcio/grpc/_cython/_cygrpc/channel.pyx.pxi", line 427, in grpc._cython.cygrpc._watch_connectivity_state
  File "src/python/grpcio/grpc/_cython/_cygrpc/channel.pyx.pxi", line 435, in grpc._cython.cygrpc._watch_connectivity_state
ValueError: Cannot monitor channel state: Channel closed!
Exception in thread Thread-1087 (_run):
Traceback (most recent call last):
  File "/root/miniforge3/envs/flwr/lib/python3.11/threading.py", line 1045, in _bootstrap_inner
    self.run()
  File "/root/miniforge3/envs/flwr/lib/python3.11/threading.py", line 982, in run
    self._target(*self._args, **self._kwargs)
  File "src/python/grpcio/grpc/_cython/_cygrpc/thread.pyx.pxi", line 53, in grpc._cython.cygrpc._run_with_context._run
Exception in thread Thread-1063 (_run):
Traceback (most recent call last):
  File "/root/miniforge3/envs/flwr/lib/python3.11/site-packages/grpc/_channel.py", line 1916, in _poll_connectivity
    event = channel.watch_connectivity_state(
            ^^^^^^^^^^^^^^^^^^^^^^^^^^^^^^^^^
  File "src/python/grpcio/grpc/_cython/_cygrpc/channel.pyx.pxi", line 561, in grpc._cython.cygrpc.Channel.watch_connectivity_state
  File "/root/miniforge3/envs/flwr/lib/python3.11/threading.py", line 1045, in _bootstrap_inner
  File "src/python/grpcio/grpc/_cython/_cygrpc/channel.pyx.pxi", line 427, in grpc._cython.cygrpc._watch_connectivity_state
  File "src/python/grpcio/grpc/_cython/_cygrpc/channel.pyx.pxi", line 435, in grpc._cython.cygrpc._watch_connectivity_state
    self.run()
  File "/root/miniforge3/envs/flwr/lib/python3.11/threading.py", line 982, in run
ValueError: Cannot monitor channel state: Channel closed!
    self._target(*self._args, **self._kwargs)
  File "src/python/grpcio/grpc/_cython/_cygrpc/thread.pyx.pxi", line 53, in grpc._cython.cygrpc._run_with_context._run
  File "/root/miniforge3/envs/flwr/lib/python3.11/site-packages/grpc/_channel.py", line 1916, in _poll_connectivity
    event = channel.watch_connectivity_state(
            ^^^^^^^^^^^^^^^^^^^^^^^^^^^^^^^^^
  File "src/python/grpcio/grpc/_cython/_cygrpc/channel.pyx.pxi", line 561, in grpc._cython.cygrpc.Channel.watch_connectivity_state
  File "src/python/grpcio/grpc/_cython/_cygrpc/channel.pyx.pxi", line 427, in grpc._cython.cygrpc._watch_connectivity_state
  File "src/python/grpcio/grpc/_cython/_cygrpc/channel.pyx.pxi", line 435, in grpc._cython.cygrpc._watch_connectivity_state
ValueError: Cannot monitor channel state: Channel closed!
Exception in thread Thread-1093 (_run):
Traceback (most recent call last):
  File "/root/miniforge3/envs/flwr/lib/python3.11/threading.py", line 1045, in _bootstrap_inner
    self.run()
  File "/root/miniforge3/envs/flwr/lib/python3.11/threading.py", line 982, in run
    self._target(*self._args, **self._kwargs)
  File "src/python/grpcio/grpc/_cython/_cygrpc/thread.pyx.pxi", line 53, in grpc._cython.cygrpc._run_with_context._run
  File "/root/miniforge3/envs/flwr/lib/python3.11/site-packages/grpc/_channel.py", line 1916, in _poll_connectivity
    event = channel.watch_connectivity_state(
            ^^^^^^^^^^^^^^^^^^^^^^^^^^^^^^^^^
  File "src/python/grpcio/grpc/_cython/_cygrpc/channel.pyx.pxi", line 561, in grpc._cython.cygrpc.Channel.watch_connectivity_state
  File "src/python/grpcio/grpc/_cython/_cygrpc/channel.pyx.pxi", line 427, in grpc._cython.cygrpc._watch_connectivity_state
  File "src/python/grpcio/grpc/_cython/_cygrpc/channel.pyx.pxi", line 435, in grpc._cython.cygrpc._watch_connectivity_state
ValueError: Cannot monitor channel state: Channel closed!
Exception in thread Thread-1097 (_run):
Traceback (most recent call last):
  File "/root/miniforge3/envs/flwr/lib/python3.11/threading.py", line 1045, in _bootstrap_inner
Exception in thread Thread-1084 (_run):
Traceback (most recent call last):
  File "/root/miniforge3/envs/flwr/lib/python3.11/threading.py", line 1045, in _bootstrap_inner
    self.run()
  File "/root/miniforge3/envs/flwr/lib/python3.11/threading.py", line 982, in run
    self.run()
  File "/root/miniforge3/envs/flwr/lib/python3.11/threading.py", line 982, in run
    self._target(*self._args, **self._kwargs)
  File "src/python/grpcio/grpc/_cython/_cygrpc/thread.pyx.pxi", line 53, in grpc._cython.cygrpc._run_with_context._run
    self._target(*self._args, **self._kwargs)
  File "src/python/grpcio/grpc/_cython/_cygrpc/thread.pyx.pxi", line 53, in grpc._cython.cygrpc._run_with_context._run
  File "/root/miniforge3/envs/flwr/lib/python3.11/site-packages/grpc/_channel.py", line 1916, in _poll_connectivity
  File "/root/miniforge3/envs/flwr/lib/python3.11/site-packages/grpc/_channel.py", line 1916, in _poll_connectivity
    event = channel.watch_connectivity_state(
            ^^^^^^^^^^^^^^^^^^^^^^^^^^^^^^^^^
  File "src/python/grpcio/grpc/_cython/_cygrpc/channel.pyx.pxi", line 561, in grpc._cython.cygrpc.Channel.watch_connectivity_state
    event = channel.watch_connectivity_state(
            ^^^^^^^^^^^^^^^^^^^^^^^^^^^^^^^^^
  File "src/python/grpcio/grpc/_cython/_cygrpc/channel.pyx.pxi", line 561, in grpc._cython.cygrpc.Channel.watch_connectivity_state
  File "src/python/grpcio/grpc/_cython/_cygrpc/channel.pyx.pxi", line 427, in grpc._cython.cygrpc._watch_connectivity_state
  File "src/python/grpcio/grpc/_cython/_cygrpc/channel.pyx.pxi", line 427, in grpc._cython.cygrpc._watch_connectivity_state
  File "src/python/grpcio/grpc/_cython/_cygrpc/channel.pyx.pxi", line 435, in grpc._cython.cygrpc._watch_connectivity_state
  File "src/python/grpcio/grpc/_cython/_cygrpc/channel.pyx.pxi", line 435, in grpc._cython.cygrpc._watch_connectivity_state
ValueError: Cannot monitor channel state: Channel closed!
ValueError: Cannot monitor channel state: Channel closed!
Exception in thread Thread-1072 (_run):
Traceback (most recent call last):
  File "/root/miniforge3/envs/flwr/lib/python3.11/threading.py", line 1045, in _bootstrap_inner
    self.run()
  File "/root/miniforge3/envs/flwr/lib/python3.11/threading.py", line 982, in run
    self._target(*self._args, **self._kwargs)
  File "src/python/grpcio/grpc/_cython/_cygrpc/thread.pyx.pxi", line 53, in grpc._cython.cygrpc._run_with_context._run
  File "/root/miniforge3/envs/flwr/lib/python3.11/site-packages/grpc/_channel.py", line 1916, in _poll_connectivity
    event = channel.watch_connectivity_state(
            ^^^^^^^^^^^^^^^^^^^^^^^^^^^^^^^^^
  File "src/python/grpcio/grpc/_cython/_cygrpc/channel.pyx.pxi", line 561, in grpc._cython.cygrpc.Channel.watch_connectivity_state
  File "src/python/grpcio/grpc/_cython/_cygrpc/channel.pyx.pxi", line 427, in grpc._cython.cygrpc._watch_connectivity_state
  File "src/python/grpcio/grpc/_cython/_cygrpc/channel.pyx.pxi", line 435, in grpc._cython.cygrpc._watch_connectivity_state
ValueError: Cannot monitor channel state: Channel closed!
Exception in thread Thread-1145 (_run):
Traceback (most recent call last):
  File "/root/miniforge3/envs/flwr/lib/python3.11/threading.py", line 1045, in _bootstrap_inner
    self.run()
  File "/root/miniforge3/envs/flwr/lib/python3.11/threading.py", line 982, in run
    self._target(*self._args, **self._kwargs)
  File "src/python/grpcio/grpc/_cython/_cygrpc/thread.pyx.pxi", line 53, in grpc._cython.cygrpc._run_with_context._run
  File "/root/miniforge3/envs/flwr/lib/python3.11/site-packages/grpc/_channel.py", line 1916, in _poll_connectivity
    event = channel.watch_connectivity_state(
            ^^^^^^^^^^^^^^^^^^^^^^^^^^^^^^^^^
  File "src/python/grpcio/grpc/_cython/_cygrpc/channel.pyx.pxi", line 561, in grpc._cython.cygrpc.Channel.watch_connectivity_state
  File "src/python/grpcio/grpc/_cython/_cygrpc/channel.pyx.pxi", line 427, in grpc._cython.cygrpc._watch_connectivity_state
  File "src/python/grpcio/grpc/_cython/_cygrpc/channel.pyx.pxi", line 435, in grpc._cython.cygrpc._watch_connectivity_state
ValueError: Cannot monitor channel state: Channel closed!
Exception in thread Thread-1139 (_run):
Traceback (most recent call last):
  File "/root/miniforge3/envs/flwr/lib/python3.11/threading.py", line 1045, in _bootstrap_inner
    self.run()
  File "/root/miniforge3/envs/flwr/lib/python3.11/threading.py", line 982, in run
    self._target(*self._args, **self._kwargs)
  File "src/python/grpcio/grpc/_cython/_cygrpc/thread.pyx.pxi", line 53, in grpc._cython.cygrpc._run_with_context._run
  File "/root/miniforge3/envs/flwr/lib/python3.11/site-packages/grpc/_channel.py", line 1916, in _poll_connectivity
    event = channel.watch_connectivity_state(
            ^^^^^^^^^^^^^^^^^^^^^^^^^^^^^^^^^
  File "src/python/grpcio/grpc/_cython/_cygrpc/channel.pyx.pxi", line 561, in grpc._cython.cygrpc.Channel.watch_connectivity_state
  File "src/python/grpcio/grpc/_cython/_cygrpc/channel.pyx.pxi", line 427, in grpc._cython.cygrpc._watch_connectivity_state
  File "src/python/grpcio/grpc/_cython/_cygrpc/channel.pyx.pxi", line 435, in grpc._cython.cygrpc._watch_connectivity_state
ValueError: Cannot monitor channel state: Channel closed!
Exception in thread Thread-1123 (_run):
Traceback (most recent call last):
  File "/root/miniforge3/envs/flwr/lib/python3.11/threading.py", line 1045, in _bootstrap_inner
    self.run()
  File "/root/miniforge3/envs/flwr/lib/python3.11/threading.py", line 982, in run
    self._target(*self._args, **self._kwargs)
  File "src/python/grpcio/grpc/_cython/_cygrpc/thread.pyx.pxi", line 53, in grpc._cython.cygrpc._run_with_context._run
  File "/root/miniforge3/envs/flwr/lib/python3.11/site-packages/grpc/_channel.py", line 1916, in _poll_connectivity
    event = channel.watch_connectivity_state(
            ^^^^^^^^^^^^^^^^^^^^^^^^^^^^^^^^^
  File "src/python/grpcio/grpc/_cython/_cygrpc/channel.pyx.pxi", line 561, in grpc._cython.cygrpc.Channel.watch_connectivity_state
  File "src/python/grpcio/grpc/_cython/_cygrpc/channel.pyx.pxi", line 427, in grpc._cython.cygrpc._watch_connectivity_state
  File "src/python/grpcio/grpc/_cython/_cygrpc/channel.pyx.pxi", line 435, in grpc._cython.cygrpc._watch_connectivity_state
ValueError: Cannot monitor channel state: Channel closed!
Exception in thread Thread-1092 (_run):
Traceback (most recent call last):
  File "/root/miniforge3/envs/flwr/lib/python3.11/threading.py", line 1045, in _bootstrap_inner
    self.run()
  File "/root/miniforge3/envs/flwr/lib/python3.11/threading.py", line 982, in run
    self._target(*self._args, **self._kwargs)
  File "src/python/grpcio/grpc/_cython/_cygrpc/thread.pyx.pxi", line 53, in grpc._cython.cygrpc._run_with_context._run
  File "/root/miniforge3/envs/flwr/lib/python3.11/site-packages/grpc/_channel.py", line 1916, in _poll_connectivity
    event = channel.watch_connectivity_state(
            ^^^^^^^^^^^^^^^^^^^^^^^^^^^^^^^^^
  File "src/python/grpcio/grpc/_cython/_cygrpc/channel.pyx.pxi", line 561, in grpc._cython.cygrpc.Channel.watch_connectivity_state
  File "src/python/grpcio/grpc/_cython/_cygrpc/channel.pyx.pxi", line 427, in grpc._cython.cygrpc._watch_connectivity_state
  File "src/python/grpcio/grpc/_cython/_cygrpc/channel.pyx.pxi", line 435, in grpc._cython.cygrpc._watch_connectivity_state
ValueError: Cannot monitor channel state: Channel closed!
Exception in thread Thread-1162 (_run):
Traceback (most recent call last):
  File "/root/miniforge3/envs/flwr/lib/python3.11/threading.py", line 1045, in _bootstrap_inner
    self.run()
  File "/root/miniforge3/envs/flwr/lib/python3.11/threading.py", line 982, in run
    self._target(*self._args, **self._kwargs)
  File "src/python/grpcio/grpc/_cython/_cygrpc/thread.pyx.pxi", line 53, in grpc._cython.cygrpc._run_with_context._run
  File "/root/miniforge3/envs/flwr/lib/python3.11/site-packages/grpc/_channel.py", line 1916, in _poll_connectivity
    event = channel.watch_connectivity_state(
            ^^^^^^^^^^^^^^^^^^^^^^^^^^^^^^^^^
  File "src/python/grpcio/grpc/_cython/_cygrpc/channel.pyx.pxi", line 561, in grpc._cython.cygrpc.Channel.watch_connectivity_state
  File "src/python/grpcio/grpc/_cython/_cygrpc/channel.pyx.pxi", line 427, in grpc._cython.cygrpc._watch_connectivity_state
  File "src/python/grpcio/grpc/_cython/_cygrpc/channel.pyx.pxi", line 435, in grpc._cython.cygrpc._watch_connectivity_state
ValueError: Cannot monitor channel state: Channel closed!
Exception in thread Thread-1138 (_run):
Traceback (most recent call last):
  File "/root/miniforge3/envs/flwr/lib/python3.11/threading.py", line 1045, in _bootstrap_inner
    self.run()
  File "/root/miniforge3/envs/flwr/lib/python3.11/threading.py", line 982, in run
    self._target(*self._args, **self._kwargs)
  File "src/python/grpcio/grpc/_cython/_cygrpc/thread.pyx.pxi", line 53, in grpc._cython.cygrpc._run_with_context._run
  File "/root/miniforge3/envs/flwr/lib/python3.11/site-packages/grpc/_channel.py", line 1916, in _poll_connectivity
Exception in thread Thread-1087 (_run):
Traceback (most recent call last):
    event = channel.watch_connectivity_state(
  File "/root/miniforge3/envs/flwr/lib/python3.11/threading.py", line 1045, in _bootstrap_inner
            ^^^^^^^^^^^^^^^^^^^^^^^^^^^^^^^^^
  File "src/python/grpcio/grpc/_cython/_cygrpc/channel.pyx.pxi", line 561, in grpc._cython.cygrpc.Channel.watch_connectivity_state
    self.run()
  File "src/python/grpcio/grpc/_cython/_cygrpc/channel.pyx.pxi", line 427, in grpc._cython.cygrpc._watch_connectivity_state
  File "/root/miniforge3/envs/flwr/lib/python3.11/threading.py", line 982, in run
    self._target(*self._args, **self._kwargs)
  File "src/python/grpcio/grpc/_cython/_cygrpc/thread.pyx.pxi", line 53, in grpc._cython.cygrpc._run_with_context._run
  File "/root/miniforge3/envs/flwr/lib/python3.11/site-packages/grpc/_channel.py", line 1916, in _poll_connectivity
    event = channel.watch_connectivity_state(
            ^^^^^^^^^^^^^^^^^^^^^^^^^^^^^^^^^
  File "src/python/grpcio/grpc/_cython/_cygrpc/channel.pyx.pxi", line 561, in grpc._cython.cygrpc.Channel.watch_connectivity_state
  File "src/python/grpcio/grpc/_cython/_cygrpc/channel.pyx.pxi", line 435, in grpc._cython.cygrpc._watch_connectivity_state
  File "src/python/grpcio/grpc/_cython/_cygrpc/channel.pyx.pxi", line 427, in grpc._cython.cygrpc._watch_connectivity_state
ValueError: Cannot monitor channel state: Channel closed!
  File "src/python/grpcio/grpc/_cython/_cygrpc/channel.pyx.pxi", line 435, in grpc._cython.cygrpc._watch_connectivity_state
ValueError: Cannot monitor channel state: Channel closed!
Exception in thread Thread-1100 (_run):
Traceback (most recent call last):
  File "/root/miniforge3/envs/flwr/lib/python3.11/threading.py", line 1045, in _bootstrap_inner
    self.run()
  File "/root/miniforge3/envs/flwr/lib/python3.11/threading.py", line 982, in run
    self._target(*self._args, **self._kwargs)
  File "src/python/grpcio/grpc/_cython/_cygrpc/thread.pyx.pxi", line 53, in grpc._cython.cygrpc._run_with_context._run
  File "/root/miniforge3/envs/flwr/lib/python3.11/site-packages/grpc/_channel.py", line 1916, in _poll_connectivity
    event = channel.watch_connectivity_state(
            ^^^^^^^^^^^^^^^^^^^^^^^^^^^^^^^^^
  File "src/python/grpcio/grpc/_cython/_cygrpc/channel.pyx.pxi", line 561, in grpc._cython.cygrpc.Channel.watch_connectivity_state
  File "src/python/grpcio/grpc/_cython/_cygrpc/channel.pyx.pxi", line 427, in grpc._cython.cygrpc._watch_connectivity_state
  File "src/python/grpcio/grpc/_cython/_cygrpc/channel.pyx.pxi", line 435, in grpc._cython.cygrpc._watch_connectivity_state
ValueError: Cannot monitor channel state: Channel closed!
Exception in thread Thread-1171 (_run):
Traceback (most recent call last):
  File "/root/miniforge3/envs/flwr/lib/python3.11/threading.py", line 1045, in _bootstrap_inner
    self.run()
  File "/root/miniforge3/envs/flwr/lib/python3.11/threading.py", line 982, in run
    self._target(*self._args, **self._kwargs)
  File "src/python/grpcio/grpc/_cython/_cygrpc/thread.pyx.pxi", line 53, in grpc._cython.cygrpc._run_with_context._run
  File "/root/miniforge3/envs/flwr/lib/python3.11/site-packages/grpc/_channel.py", line 1916, in _poll_connectivity
    event = channel.watch_connectivity_state(
            ^^^^^^^^^^^^^^^^^^^^^^^^^^^^^^^^^
  File "src/python/grpcio/grpc/_cython/_cygrpc/channel.pyx.pxi", line 561, in grpc._cython.cygrpc.Channel.watch_connectivity_state
  File "src/python/grpcio/grpc/_cython/_cygrpc/channel.pyx.pxi", line 427, in grpc._cython.cygrpc._watch_connectivity_state
  File "src/python/grpcio/grpc/_cython/_cygrpc/channel.pyx.pxi", line 435, in grpc._cython.cygrpc._watch_connectivity_state
ValueError: Cannot monitor channel state: Channel closed!
Exception in thread Thread-1176 (_run):
Traceback (most recent call last):
  File "/root/miniforge3/envs/flwr/lib/python3.11/threading.py", line 1045, in _bootstrap_inner
    self.run()
  File "/root/miniforge3/envs/flwr/lib/python3.11/threading.py", line 982, in run
    self._target(*self._args, **self._kwargs)
  File "src/python/grpcio/grpc/_cython/_cygrpc/thread.pyx.pxi", line 53, in grpc._cython.cygrpc._run_with_context._run
  File "/root/miniforge3/envs/flwr/lib/python3.11/site-packages/grpc/_channel.py", line 1916, in _poll_connectivity
    event = channel.watch_connectivity_state(
            ^^^^^^^^^^^^^^^^^^^^^^^^^^^^^^^^^
  File "src/python/grpcio/grpc/_cython/_cygrpc/channel.pyx.pxi", line 561, in grpc._cython.cygrpc.Channel.watch_connectivity_state
  File "src/python/grpcio/grpc/_cython/_cygrpc/channel.pyx.pxi", line 427, in grpc._cython.cygrpc._watch_connectivity_state
  File "src/python/grpcio/grpc/_cython/_cygrpc/channel.pyx.pxi", line 435, in grpc._cython.cygrpc._watch_connectivity_state
ValueError: Cannot monitor channel state: Channel closed!
Exception in thread Thread-1104 (_run):
Traceback (most recent call last):
  File "/root/miniforge3/envs/flwr/lib/python3.11/threading.py", line 1045, in _bootstrap_inner
    self.run()
  File "/root/miniforge3/envs/flwr/lib/python3.11/threading.py", line 982, in run
    self._target(*self._args, **self._kwargs)
  File "src/python/grpcio/grpc/_cython/_cygrpc/thread.pyx.pxi", line 53, in grpc._cython.cygrpc._run_with_context._run
  File "/root/miniforge3/envs/flwr/lib/python3.11/site-packages/grpc/_channel.py", line 1916, in _poll_connectivity
    event = channel.watch_connectivity_state(
            ^^^^^^^^^^^^^^^^^^^^^^^^^^^^^^^^^
  File "src/python/grpcio/grpc/_cython/_cygrpc/channel.pyx.pxi", line 561, in grpc._cython.cygrpc.Channel.watch_connectivity_state
  File "src/python/grpcio/grpc/_cython/_cygrpc/channel.pyx.pxi", line 427, in grpc._cython.cygrpc._watch_connectivity_state
  File "src/python/grpcio/grpc/_cython/_cygrpc/channel.pyx.pxi", line 435, in grpc._cython.cygrpc._watch_connectivity_state
ValueError: Cannot monitor channel state: Channel closed!
Exception in thread Thread-1102 (_run):
Traceback (most recent call last):
  File "/root/miniforge3/envs/flwr/lib/python3.11/threading.py", line 1045, in _bootstrap_inner
    self.run()
  File "/root/miniforge3/envs/flwr/lib/python3.11/threading.py", line 982, in run
    self._target(*self._args, **self._kwargs)
  File "src/python/grpcio/grpc/_cython/_cygrpc/thread.pyx.pxi", line 53, in grpc._cython.cygrpc._run_with_context._run
  File "/root/miniforge3/envs/flwr/lib/python3.11/site-packages/grpc/_channel.py", line 1916, in _poll_connectivity
    event = channel.watch_connectivity_state(
            ^^^^^^^^^^^^^^^^^^^^^^^^^^^^^^^^^
  File "src/python/grpcio/grpc/_cython/_cygrpc/channel.pyx.pxi", line 561, in grpc._cython.cygrpc.Channel.watch_connectivity_state
  File "src/python/grpcio/grpc/_cython/_cygrpc/channel.pyx.pxi", line 427, in grpc._cython.cygrpc._watch_connectivity_state
  File "src/python/grpcio/grpc/_cython/_cygrpc/channel.pyx.pxi", line 435, in grpc._cython.cygrpc._watch_connectivity_state
ValueError: Cannot monitor channel state: Channel closed!
Exception in thread Thread-1129 (_run):
Traceback (most recent call last):
  File "/root/miniforge3/envs/flwr/lib/python3.11/threading.py", line 1045, in _bootstrap_inner
    self.run()
  File "/root/miniforge3/envs/flwr/lib/python3.11/threading.py", line 982, in run
    self._target(*self._args, **self._kwargs)
  File "src/python/grpcio/grpc/_cython/_cygrpc/thread.pyx.pxi", line 53, in grpc._cython.cygrpc._run_with_context._run
  File "/root/miniforge3/envs/flwr/lib/python3.11/site-packages/grpc/_channel.py", line 1916, in _poll_connectivity
    event = channel.watch_connectivity_state(
            ^^^^^^^^^^^^^^^^^^^^^^^^^^^^^^^^^
  File "src/python/grpcio/grpc/_cython/_cygrpc/channel.pyx.pxi", line 561, in grpc._cython.cygrpc.Channel.watch_connectivity_state
  File "src/python/grpcio/grpc/_cython/_cygrpc/channel.pyx.pxi", line 427, in grpc._cython.cygrpc._watch_connectivity_state
  File "src/python/grpcio/grpc/_cython/_cygrpc/channel.pyx.pxi", line 435, in grpc._cython.cygrpc._watch_connectivity_state
ValueError: Cannot monitor channel state: Channel closed!
Exception in thread Thread-1176 (_run):
Traceback (most recent call last):
  File "/root/miniforge3/envs/flwr/lib/python3.11/threading.py", line 1045, in _bootstrap_inner
    self.run()
  File "/root/miniforge3/envs/flwr/lib/python3.11/threading.py", line 982, in run
    self._target(*self._args, **self._kwargs)
  File "src/python/grpcio/grpc/_cython/_cygrpc/thread.pyx.pxi", line 53, in grpc._cython.cygrpc._run_with_context._run
  File "/root/miniforge3/envs/flwr/lib/python3.11/site-packages/grpc/_channel.py", line 1916, in _poll_connectivity
    event = channel.watch_connectivity_state(
            ^^^^^^^^^^^^^^^^^^^^^^^^^^^^^^^^^
  File "src/python/grpcio/grpc/_cython/_cygrpc/channel.pyx.pxi", line 561, in grpc._cython.cygrpc.Channel.watch_connectivity_state
  File "src/python/grpcio/grpc/_cython/_cygrpc/channel.pyx.pxi", line 427, in grpc._cython.cygrpc._watch_connectivity_state
  File "src/python/grpcio/grpc/_cython/_cygrpc/channel.pyx.pxi", line 435, in grpc._cython.cygrpc._watch_connectivity_state
ValueError: Cannot monitor channel state: Channel closed!
Exception in thread Thread-1184 (_run):
Traceback (most recent call last):
  File "/root/miniforge3/envs/flwr/lib/python3.11/threading.py", line 1045, in _bootstrap_inner
    self.run()
  File "/root/miniforge3/envs/flwr/lib/python3.11/threading.py", line 982, in run
    self._target(*self._args, **self._kwargs)
  File "src/python/grpcio/grpc/_cython/_cygrpc/thread.pyx.pxi", line 53, in grpc._cython.cygrpc._run_with_context._run
  File "/root/miniforge3/envs/flwr/lib/python3.11/site-packages/grpc/_channel.py", line 1916, in _poll_connectivity
    event = channel.watch_connectivity_state(
            ^^^^^^^^^^^^^^^^^^^^^^^^^^^^^^^^^
  File "src/python/grpcio/grpc/_cython/_cygrpc/channel.pyx.pxi", line 561, in grpc._cython.cygrpc.Channel.watch_connectivity_state
  File "src/python/grpcio/grpc/_cython/_cygrpc/channel.pyx.pxi", line 427, in grpc._cython.cygrpc._watch_connectivity_state
  File "src/python/grpcio/grpc/_cython/_cygrpc/channel.pyx.pxi", line 435, in grpc._cython.cygrpc._watch_connectivity_state
ValueError: Cannot monitor channel state: Channel closed!
Using the latest cached version of the dataset since fashion_mnist couldn't be found on the Hugging Face Hub
Found the latest cached dataset configuration 'fashion_mnist' at /root/.cache/huggingface/datasets/fashion_mnist/fashion_mnist/0.0.0/531be5e2ccc9dba0c201ad3ae567a4f3d16ecdd2 (last modified on Tue Feb 24 13:59:21 2026).
Using the latest cached version of the dataset since fashion_mnist couldn't be found on the Hugging Face Hub
Found the latest cached dataset configuration 'fashion_mnist' at /root/.cache/huggingface/datasets/fashion_mnist/fashion_mnist/0.0.0/531be5e2ccc9dba0c201ad3ae567a4f3d16ecdd2 (last modified on Tue Feb 24 13:59:21 2026).
Using the latest cached version of the dataset since fashion_mnist couldn't be found on the Hugging Face Hub
Found the latest cached dataset configuration 'fashion_mnist' at /root/.cache/huggingface/datasets/fashion_mnist/fashion_mnist/0.0.0/531be5e2ccc9dba0c201ad3ae567a4f3d16ecdd2 (last modified on Tue Feb 24 13:59:21 2026).
Using the latest cached version of the dataset since fashion_mnist couldn't be found on the Hugging Face Hub
Found the latest cached dataset configuration 'fashion_mnist' at /root/.cache/huggingface/datasets/fashion_mnist/fashion_mnist/0.0.0/531be5e2ccc9dba0c201ad3ae567a4f3d16ecdd2 (last modified on Tue Feb 24 13:59:21 2026).
Using the latest cached version of the dataset since fashion_mnist couldn't be found on the Hugging Face Hub
Found the latest cached dataset configuration 'fashion_mnist' at /root/.cache/huggingface/datasets/fashion_mnist/fashion_mnist/0.0.0/531be5e2ccc9dba0c201ad3ae567a4f3d16ecdd2 (last modified on Tue Feb 24 13:59:21 2026).
Using the latest cached version of the dataset since fashion_mnist couldn't be found on the Hugging Face Hub
Found the latest cached dataset configuration 'fashion_mnist' at /root/.cache/huggingface/datasets/fashion_mnist/fashion_mnist/0.0.0/531be5e2ccc9dba0c201ad3ae567a4f3d16ecdd2 (last modified on Tue Feb 24 13:59:21 2026).
Using the latest cached version of the dataset since fashion_mnist couldn't be found on the Hugging Face Hub
Found the latest cached dataset configuration 'fashion_mnist' at /root/.cache/huggingface/datasets/fashion_mnist/fashion_mnist/0.0.0/531be5e2ccc9dba0c201ad3ae567a4f3d16ecdd2 (last modified on Tue Feb 24 13:59:21 2026).
Exception in thread Thread-1119 (_run):
Traceback (most recent call last):
  File "/root/miniforge3/envs/flwr/lib/python3.11/threading.py", line 1045, in _bootstrap_inner
    self.run()
  File "/root/miniforge3/envs/flwr/lib/python3.11/threading.py", line 982, in run
    self._target(*self._args, **self._kwargs)
  File "src/python/grpcio/grpc/_cython/_cygrpc/thread.pyx.pxi", line 53, in grpc._cython.cygrpc._run_with_context._run
  File "/root/miniforge3/envs/flwr/lib/python3.11/site-packages/grpc/_channel.py", line 1916, in _poll_connectivity
    event = channel.watch_connectivity_state(
            ^^^^^^^^^^^^^^^^^^^^^^^^^^^^^^^^^
  File "src/python/grpcio/grpc/_cython/_cygrpc/channel.pyx.pxi", line 561, in grpc._cython.cygrpc.Channel.watch_connectivity_state
  File "src/python/grpcio/grpc/_cython/_cygrpc/channel.pyx.pxi", line 427, in grpc._cython.cygrpc._watch_connectivity_state
  File "src/python/grpcio/grpc/_cython/_cygrpc/channel.pyx.pxi", line 435, in grpc._cython.cygrpc._watch_connectivity_state
ValueError: Cannot monitor channel state: Channel closed!
Exception in thread Thread-1132 (_run):
Traceback (most recent call last):
  File "/root/miniforge3/envs/flwr/lib/python3.11/threading.py", line 1045, in _bootstrap_inner
    self.run()
  File "/root/miniforge3/envs/flwr/lib/python3.11/threading.py", line 982, in run
    self._target(*self._args, **self._kwargs)
  File "src/python/grpcio/grpc/_cython/_cygrpc/thread.pyx.pxi", line 53, in grpc._cython.cygrpc._run_with_context._run
  File "/root/miniforge3/envs/flwr/lib/python3.11/site-packages/grpc/_channel.py", line 1916, in _poll_connectivity
    event = channel.watch_connectivity_state(
            ^^^^^^^^^^^^^^^^^^^^^^^^^^^^^^^^^
  File "src/python/grpcio/grpc/_cython/_cygrpc/channel.pyx.pxi", line 561, in grpc._cython.cygrpc.Channel.watch_connectivity_state
  File "src/python/grpcio/grpc/_cython/_cygrpc/channel.pyx.pxi", line 427, in grpc._cython.cygrpc._watch_connectivity_state
  File "src/python/grpcio/grpc/_cython/_cygrpc/channel.pyx.pxi", line 435, in grpc._cython.cygrpc._watch_connectivity_state
ValueError: Cannot monitor channel state: Channel closed!
Exception in thread Thread-1176 (_run):
Traceback (most recent call last):
  File "/root/miniforge3/envs/flwr/lib/python3.11/threading.py", line 1045, in _bootstrap_inner
    self.run()
  File "/root/miniforge3/envs/flwr/lib/python3.11/threading.py", line 982, in run
    self._target(*self._args, **self._kwargs)
  File "src/python/grpcio/grpc/_cython/_cygrpc/thread.pyx.pxi", line 53, in grpc._cython.cygrpc._run_with_context._run
  File "/root/miniforge3/envs/flwr/lib/python3.11/site-packages/grpc/_channel.py", line 1916, in _poll_connectivity
    event = channel.watch_connectivity_state(
            ^^^^^^^^^^^^^^^^^^^^^^^^^^^^^^^^^
  File "src/python/grpcio/grpc/_cython/_cygrpc/channel.pyx.pxi", line 561, in grpc._cython.cygrpc.Channel.watch_connectivity_state
  File "src/python/grpcio/grpc/_cython/_cygrpc/channel.pyx.pxi", line 427, in grpc._cython.cygrpc._watch_connectivity_state
  File "src/python/grpcio/grpc/_cython/_cygrpc/channel.pyx.pxi", line 435, in grpc._cython.cygrpc._watch_connectivity_state
ValueError: Cannot monitor channel state: Channel closed!
Exception in thread Thread-1175 (_run):
Traceback (most recent call last):
  File "/root/miniforge3/envs/flwr/lib/python3.11/threading.py", line 1045, in _bootstrap_inner
    self.run()
  File "/root/miniforge3/envs/flwr/lib/python3.11/threading.py", line 982, in run
    self._target(*self._args, **self._kwargs)
  File "src/python/grpcio/grpc/_cython/_cygrpc/thread.pyx.pxi", line 53, in grpc._cython.cygrpc._run_with_context._run
  File "/root/miniforge3/envs/flwr/lib/python3.11/site-packages/grpc/_channel.py", line 1916, in _poll_connectivity
    event = channel.watch_connectivity_state(
            ^^^^^^^^^^^^^^^^^^^^^^^^^^^^^^^^^
  File "src/python/grpcio/grpc/_cython/_cygrpc/channel.pyx.pxi", line 561, in grpc._cython.cygrpc.Channel.watch_connectivity_state
  File "src/python/grpcio/grpc/_cython/_cygrpc/channel.pyx.pxi", line 427, in grpc._cython.cygrpc._watch_connectivity_state
  File "src/python/grpcio/grpc/_cython/_cygrpc/channel.pyx.pxi", line 435, in grpc._cython.cygrpc._watch_connectivity_state
ValueError: Cannot monitor channel state: Channel closed!
Exception in thread Thread-1105 (_run):
Traceback (most recent call last):
  File "/root/miniforge3/envs/flwr/lib/python3.11/threading.py", line 1045, in _bootstrap_inner
    self.run()
  File "/root/miniforge3/envs/flwr/lib/python3.11/threading.py", line 982, in run
    self._target(*self._args, **self._kwargs)
  File "src/python/grpcio/grpc/_cython/_cygrpc/thread.pyx.pxi", line 53, in grpc._cython.cygrpc._run_with_context._run
  File "/root/miniforge3/envs/flwr/lib/python3.11/site-packages/grpc/_channel.py", line 1916, in _poll_connectivity
    event = channel.watch_connectivity_state(
            ^^^^^^^^^^^^^^^^^^^^^^^^^^^^^^^^^
  File "src/python/grpcio/grpc/_cython/_cygrpc/channel.pyx.pxi", line 561, in grpc._cython.cygrpc.Channel.watch_connectivity_state
  File "src/python/grpcio/grpc/_cython/_cygrpc/channel.pyx.pxi", line 427, in grpc._cython.cygrpc._watch_connectivity_state
  File "src/python/grpcio/grpc/_cython/_cygrpc/channel.pyx.pxi", line 435, in grpc._cython.cygrpc._watch_connectivity_state
ValueError: Cannot monitor channel state: Channel closed!
Exception in thread Thread-1125 (_run):
Traceback (most recent call last):
  File "/root/miniforge3/envs/flwr/lib/python3.11/threading.py", line 1045, in _bootstrap_inner
    self.run()
  File "/root/miniforge3/envs/flwr/lib/python3.11/threading.py", line 982, in run
    self._target(*self._args, **self._kwargs)
  File "src/python/grpcio/grpc/_cython/_cygrpc/thread.pyx.pxi", line 53, in grpc._cython.cygrpc._run_with_context._run
  File "/root/miniforge3/envs/flwr/lib/python3.11/site-packages/grpc/_channel.py", line 1916, in _poll_connectivity
    event = channel.watch_connectivity_state(
            ^^^^^^^^^^^^^^^^^^^^^^^^^^^^^^^^^
  File "src/python/grpcio/grpc/_cython/_cygrpc/channel.pyx.pxi", line 561, in grpc._cython.cygrpc.Channel.watch_connectivity_state
  File "src/python/grpcio/grpc/_cython/_cygrpc/channel.pyx.pxi", line 427, in grpc._cython.cygrpc._watch_connectivity_state
  File "src/python/grpcio/grpc/_cython/_cygrpc/channel.pyx.pxi", line 435, in grpc._cython.cygrpc._watch_connectivity_state
ValueError: Cannot monitor channel state: Channel closed!
Exception in thread Thread-1206 (_run):
Traceback (most recent call last):
  File "/root/miniforge3/envs/flwr/lib/python3.11/threading.py", line 1045, in _bootstrap_inner
    self.run()
  File "/root/miniforge3/envs/flwr/lib/python3.11/threading.py", line 982, in run
    self._target(*self._args, **self._kwargs)
  File "src/python/grpcio/grpc/_cython/_cygrpc/thread.pyx.pxi", line 53, in grpc._cython.cygrpc._run_with_context._run
  File "/root/miniforge3/envs/flwr/lib/python3.11/site-packages/grpc/_channel.py", line 1916, in _poll_connectivity
    event = channel.watch_connectivity_state(
            ^^^^^^^^^^^^^^^^^^^^^^^^^^^^^^^^^
  File "src/python/grpcio/grpc/_cython/_cygrpc/channel.pyx.pxi", line 561, in grpc._cython.cygrpc.Channel.watch_connectivity_state
  File "src/python/grpcio/grpc/_cython/_cygrpc/channel.pyx.pxi", line 427, in grpc._cython.cygrpc._watch_connectivity_state
  File "src/python/grpcio/grpc/_cython/_cygrpc/channel.pyx.pxi", line 435, in grpc._cython.cygrpc._watch_connectivity_state
ValueError: Cannot monitor channel state: Channel closed!
Exception in thread Thread-1209 (_run):
Traceback (most recent call last):
  File "/root/miniforge3/envs/flwr/lib/python3.11/threading.py", line 1045, in _bootstrap_inner
    self.run()
  File "/root/miniforge3/envs/flwr/lib/python3.11/threading.py", line 982, in run
    self._target(*self._args, **self._kwargs)
  File "src/python/grpcio/grpc/_cython/_cygrpc/thread.pyx.pxi", line 53, in grpc._cython.cygrpc._run_with_context._run
  File "/root/miniforge3/envs/flwr/lib/python3.11/site-packages/grpc/_channel.py", line 1916, in _poll_connectivity
    event = channel.watch_connectivity_state(
            ^^^^^^^^^^^^^^^^^^^^^^^^^^^^^^^^^
  File "src/python/grpcio/grpc/_cython/_cygrpc/channel.pyx.pxi", line 561, in grpc._cython.cygrpc.Channel.watch_connectivity_state
  File "src/python/grpcio/grpc/_cython/_cygrpc/channel.pyx.pxi", line 427, in grpc._cython.cygrpc._watch_connectivity_state
  File "src/python/grpcio/grpc/_cython/_cygrpc/channel.pyx.pxi", line 435, in grpc._cython.cygrpc._watch_connectivity_state
ValueError: Cannot monitor channel state: Channel closed!
Using the latest cached version of the dataset since fashion_mnist couldn't be found on the Hugging Face Hub
Found the latest cached dataset configuration 'fashion_mnist' at /root/.cache/huggingface/datasets/fashion_mnist/fashion_mnist/0.0.0/531be5e2ccc9dba0c201ad3ae567a4f3d16ecdd2 (last modified on Tue Feb 24 13:59:21 2026).
Using the latest cached version of the dataset since fashion_mnist couldn't be found on the Hugging Face Hub
Found the latest cached dataset configuration 'fashion_mnist' at /root/.cache/huggingface/datasets/fashion_mnist/fashion_mnist/0.0.0/531be5e2ccc9dba0c201ad3ae567a4f3d16ecdd2 (last modified on Tue Feb 24 13:59:21 2026).
Using the latest cached version of the dataset since fashion_mnist couldn't be found on the Hugging Face Hub
Found the latest cached dataset configuration 'fashion_mnist' at /root/.cache/huggingface/datasets/fashion_mnist/fashion_mnist/0.0.0/531be5e2ccc9dba0c201ad3ae567a4f3d16ecdd2 (last modified on Tue Feb 24 13:59:21 2026).
Using the latest cached version of the dataset since fashion_mnist couldn't be found on the Hugging Face Hub
Found the latest cached dataset configuration 'fashion_mnist' at /root/.cache/huggingface/datasets/fashion_mnist/fashion_mnist/0.0.0/531be5e2ccc9dba0c201ad3ae567a4f3d16ecdd2 (last modified on Tue Feb 24 13:59:21 2026).
Using the latest cached version of the dataset since fashion_mnist couldn't be found on the Hugging Face Hub
Found the latest cached dataset configuration 'fashion_mnist' at /root/.cache/huggingface/datasets/fashion_mnist/fashion_mnist/0.0.0/531be5e2ccc9dba0c201ad3ae567a4f3d16ecdd2 (last modified on Tue Feb 24 13:59:21 2026).
Using the latest cached version of the dataset since fashion_mnist couldn't be found on the Hugging Face Hub
Found the latest cached dataset configuration 'fashion_mnist' at /root/.cache/huggingface/datasets/fashion_mnist/fashion_mnist/0.0.0/531be5e2ccc9dba0c201ad3ae567a4f3d16ecdd2 (last modified on Tue Feb 24 13:59:21 2026).
Using the latest cached version of the dataset since fashion_mnist couldn't be found on the Hugging Face Hub
Found the latest cached dataset configuration 'fashion_mnist' at /root/.cache/huggingface/datasets/fashion_mnist/fashion_mnist/0.0.0/531be5e2ccc9dba0c201ad3ae567a4f3d16ecdd2 (last modified on Tue Feb 24 13:59:21 2026).
Using the latest cached version of the dataset since fashion_mnist couldn't be found on the Hugging Face Hub
Found the latest cached dataset configuration 'fashion_mnist' at /root/.cache/huggingface/datasets/fashion_mnist/fashion_mnist/0.0.0/531be5e2ccc9dba0c201ad3ae567a4f3d16ecdd2 (last modified on Tue Feb 24 13:59:21 2026).
Using the latest cached version of the dataset since fashion_mnist couldn't be found on the Hugging Face Hub
Found the latest cached dataset configuration 'fashion_mnist' at /root/.cache/huggingface/datasets/fashion_mnist/fashion_mnist/0.0.0/531be5e2ccc9dba0c201ad3ae567a4f3d16ecdd2 (last modified on Tue Feb 24 13:59:21 2026).
Using the latest cached version of the dataset since fashion_mnist couldn't be found on the Hugging Face Hub
Found the latest cached dataset configuration 'fashion_mnist' at /root/.cache/huggingface/datasets/fashion_mnist/fashion_mnist/0.0.0/531be5e2ccc9dba0c201ad3ae567a4f3d16ecdd2 (last modified on Tue Feb 24 13:59:21 2026).
Exception in thread Thread-1205 (_run):
Traceback (most recent call last):
  File "/root/miniforge3/envs/flwr/lib/python3.11/threading.py", line 1045, in _bootstrap_inner
    self.run()
  File "/root/miniforge3/envs/flwr/lib/python3.11/threading.py", line 982, in run
    self._target(*self._args, **self._kwargs)
  File "src/python/grpcio/grpc/_cython/_cygrpc/thread.pyx.pxi", line 53, in grpc._cython.cygrpc._run_with_context._run
  File "/root/miniforge3/envs/flwr/lib/python3.11/site-packages/grpc/_channel.py", line 1916, in _poll_connectivity
    event = channel.watch_connectivity_state(
            ^^^^^^^^^^^^^^^^^^^^^^^^^^^^^^^^^
  File "src/python/grpcio/grpc/_cython/_cygrpc/channel.pyx.pxi", line 561, in grpc._cython.cygrpc.Channel.watch_connectivity_state
  File "src/python/grpcio/grpc/_cython/_cygrpc/channel.pyx.pxi", line 427, in grpc._cython.cygrpc._watch_connectivity_state
  File "src/python/grpcio/grpc/_cython/_cygrpc/channel.pyx.pxi", line 435, in grpc._cython.cygrpc._watch_connectivity_state
ValueError: Cannot monitor channel state: Channel closed!
Exception in thread Thread-1205 (_run):
Traceback (most recent call last):
  File "/root/miniforge3/envs/flwr/lib/python3.11/threading.py", line 1045, in _bootstrap_inner
    self.run()
  File "/root/miniforge3/envs/flwr/lib/python3.11/threading.py", line 982, in run
    self._target(*self._args, **self._kwargs)
  File "src/python/grpcio/grpc/_cython/_cygrpc/thread.pyx.pxi", line 53, in grpc._cython.cygrpc._run_with_context._run
  File "/root/miniforge3/envs/flwr/lib/python3.11/site-packages/grpc/_channel.py", line 1916, in _poll_connectivity
    event = channel.watch_connectivity_state(
            ^^^^^^^^^^^^^^^^^^^^^^^^^^^^^^^^^
  File "src/python/grpcio/grpc/_cython/_cygrpc/channel.pyx.pxi", line 561, in grpc._cython.cygrpc.Channel.watch_connectivity_state
  File "src/python/grpcio/grpc/_cython/_cygrpc/channel.pyx.pxi", line 427, in grpc._cython.cygrpc._watch_connectivity_state
  File "src/python/grpcio/grpc/_cython/_cygrpc/channel.pyx.pxi", line 435, in grpc._cython.cygrpc._watch_connectivity_state
ValueError: Cannot monitor channel state: Channel closed!
Exception in thread Thread-1201 (_run):
Traceback (most recent call last):
  File "/root/miniforge3/envs/flwr/lib/python3.11/threading.py", line 1045, in _bootstrap_inner
    self.run()
  File "/root/miniforge3/envs/flwr/lib/python3.11/threading.py", line 982, in run
    self._target(*self._args, **self._kwargs)
  File "src/python/grpcio/grpc/_cython/_cygrpc/thread.pyx.pxi", line 53, in grpc._cython.cygrpc._run_with_context._run
  File "/root/miniforge3/envs/flwr/lib/python3.11/site-packages/grpc/_channel.py", line 1916, in _poll_connectivity
    event = channel.watch_connectivity_state(
            ^^^^^^^^^^^^^^^^^^^^^^^^^^^^^^^^^
  File "src/python/grpcio/grpc/_cython/_cygrpc/channel.pyx.pxi", line 561, in grpc._cython.cygrpc.Channel.watch_connectivity_state
  File "src/python/grpcio/grpc/_cython/_cygrpc/channel.pyx.pxi", line 427, in grpc._cython.cygrpc._watch_connectivity_state
  File "src/python/grpcio/grpc/_cython/_cygrpc/channel.pyx.pxi", line 435, in grpc._cython.cygrpc._watch_connectivity_state
ValueError: Cannot monitor channel state: Channel closed!
Exception in thread Thread-1143 (_run):
Traceback (most recent call last):
  File "/root/miniforge3/envs/flwr/lib/python3.11/threading.py", line 1045, in _bootstrap_inner
    self.run()
  File "/root/miniforge3/envs/flwr/lib/python3.11/threading.py", line 982, in run
    self._target(*self._args, **self._kwargs)
  File "src/python/grpcio/grpc/_cython/_cygrpc/thread.pyx.pxi", line 53, in grpc._cython.cygrpc._run_with_context._run
  File "/root/miniforge3/envs/flwr/lib/python3.11/site-packages/grpc/_channel.py", line 1916, in _poll_connectivity
    event = channel.watch_connectivity_state(
            ^^^^^^^^^^^^^^^^^^^^^^^^^^^^^^^^^
  File "src/python/grpcio/grpc/_cython/_cygrpc/channel.pyx.pxi", line 561, in grpc._cython.cygrpc.Channel.watch_connectivity_state
  File "src/python/grpcio/grpc/_cython/_cygrpc/channel.pyx.pxi", line 427, in grpc._cython.cygrpc._watch_connectivity_state
  File "src/python/grpcio/grpc/_cython/_cygrpc/channel.pyx.pxi", line 435, in grpc._cython.cygrpc._watch_connectivity_state
ValueError: Cannot monitor channel state: Channel closed!
Exception in thread Thread-1211 (_run):
Traceback (most recent call last):
  File "/root/miniforge3/envs/flwr/lib/python3.11/threading.py", line 1045, in _bootstrap_inner
    self.run()
  File "/root/miniforge3/envs/flwr/lib/python3.11/threading.py", line 982, in run
    self._target(*self._args, **self._kwargs)
  File "src/python/grpcio/grpc/_cython/_cygrpc/thread.pyx.pxi", line 53, in grpc._cython.cygrpc._run_with_context._run
  File "/root/miniforge3/envs/flwr/lib/python3.11/site-packages/grpc/_channel.py", line 1916, in _poll_connectivity
    event = channel.watch_connectivity_state(
            ^^^^^^^^^^^^^^^^^^^^^^^^^^^^^^^^^
  File "src/python/grpcio/grpc/_cython/_cygrpc/channel.pyx.pxi", line 561, in grpc._cython.cygrpc.Channel.watch_connectivity_state
  File "src/python/grpcio/grpc/_cython/_cygrpc/channel.pyx.pxi", line 427, in grpc._cython.cygrpc._watch_connectivity_state
  File "src/python/grpcio/grpc/_cython/_cygrpc/channel.pyx.pxi", line 435, in grpc._cython.cygrpc._watch_connectivity_state
ValueError: Cannot monitor channel state: Channel closed!
Exception in thread Thread-1139 (_run):
Traceback (most recent call last):
  File "/root/miniforge3/envs/flwr/lib/python3.11/threading.py", line 1045, in _bootstrap_inner
    self.run()
  File "/root/miniforge3/envs/flwr/lib/python3.11/threading.py", line 982, in run
    self._target(*self._args, **self._kwargs)
  File "src/python/grpcio/grpc/_cython/_cygrpc/thread.pyx.pxi", line 53, in grpc._cython.cygrpc._run_with_context._run
  File "/root/miniforge3/envs/flwr/lib/python3.11/site-packages/grpc/_channel.py", line 1916, in _poll_connectivity
    event = channel.watch_connectivity_state(
            ^^^^^^^^^^^^^^^^^^^^^^^^^^^^^^^^^
  File "src/python/grpcio/grpc/_cython/_cygrpc/channel.pyx.pxi", line 561, in grpc._cython.cygrpc.Channel.watch_connectivity_state
  File "src/python/grpcio/grpc/_cython/_cygrpc/channel.pyx.pxi", line 427, in grpc._cython.cygrpc._watch_connectivity_state
  File "src/python/grpcio/grpc/_cython/_cygrpc/channel.pyx.pxi", line 435, in grpc._cython.cygrpc._watch_connectivity_state
ValueError: Cannot monitor channel state: Channel closed!
Exception in thread Thread-1169 (_run):
Traceback (most recent call last):
  File "/root/miniforge3/envs/flwr/lib/python3.11/threading.py", line 1045, in _bootstrap_inner
    self.run()
  File "/root/miniforge3/envs/flwr/lib/python3.11/threading.py", line 982, in run
    self._target(*self._args, **self._kwargs)
  File "src/python/grpcio/grpc/_cython/_cygrpc/thread.pyx.pxi", line 53, in grpc._cython.cygrpc._run_with_context._run
  File "/root/miniforge3/envs/flwr/lib/python3.11/site-packages/grpc/_channel.py", line 1916, in _poll_connectivity
    event = channel.watch_connectivity_state(
            ^^^^^^^^^^^^^^^^^^^^^^^^^^^^^^^^^
  File "src/python/grpcio/grpc/_cython/_cygrpc/channel.pyx.pxi", line 561, in grpc._cython.cygrpc.Channel.watch_connectivity_state
  File "src/python/grpcio/grpc/_cython/_cygrpc/channel.pyx.pxi", line 427, in grpc._cython.cygrpc._watch_connectivity_state
  File "src/python/grpcio/grpc/_cython/_cygrpc/channel.pyx.pxi", line 435, in grpc._cython.cygrpc._watch_connectivity_state
ValueError: Cannot monitor channel state: Channel closed!
Exception in thread Thread-1189 (_run):
Traceback (most recent call last):
  File "/root/miniforge3/envs/flwr/lib/python3.11/threading.py", line 1045, in _bootstrap_inner
    self.run()
  File "/root/miniforge3/envs/flwr/lib/python3.11/threading.py", line 982, in run
    self._target(*self._args, **self._kwargs)
  File "src/python/grpcio/grpc/_cython/_cygrpc/thread.pyx.pxi", line 53, in grpc._cython.cygrpc._run_with_context._run
  File "/root/miniforge3/envs/flwr/lib/python3.11/site-packages/grpc/_channel.py", line 1916, in _poll_connectivity
    event = channel.watch_connectivity_state(
            ^^^^^^^^^^^^^^^^^^^^^^^^^^^^^^^^^
  File "src/python/grpcio/grpc/_cython/_cygrpc/channel.pyx.pxi", line 561, in grpc._cython.cygrpc.Channel.watch_connectivity_state
  File "src/python/grpcio/grpc/_cython/_cygrpc/channel.pyx.pxi", line 427, in grpc._cython.cygrpc._watch_connectivity_state
  File "src/python/grpcio/grpc/_cython/_cygrpc/channel.pyx.pxi", line 435, in grpc._cython.cygrpc._watch_connectivity_state
ValueError: Cannot monitor channel state: Channel closed!
Exception in thread Thread-1182 (_run):
Traceback (most recent call last):
  File "/root/miniforge3/envs/flwr/lib/python3.11/threading.py", line 1045, in _bootstrap_inner
    self.run()
  File "/root/miniforge3/envs/flwr/lib/python3.11/threading.py", line 982, in run
    self._target(*self._args, **self._kwargs)
  File "src/python/grpcio/grpc/_cython/_cygrpc/thread.pyx.pxi", line 53, in grpc._cython.cygrpc._run_with_context._run
  File "/root/miniforge3/envs/flwr/lib/python3.11/site-packages/grpc/_channel.py", line 1916, in _poll_connectivity
    event = channel.watch_connectivity_state(
            ^^^^^^^^^^^^^^^^^^^^^^^^^^^^^^^^^
  File "src/python/grpcio/grpc/_cython/_cygrpc/channel.pyx.pxi", line 561, in grpc._cython.cygrpc.Channel.watch_connectivity_state
  File "src/python/grpcio/grpc/_cython/_cygrpc/channel.pyx.pxi", line 427, in grpc._cython.cygrpc._watch_connectivity_state
  File "src/python/grpcio/grpc/_cython/_cygrpc/channel.pyx.pxi", line 435, in grpc._cython.cygrpc._watch_connectivity_state
ValueError: Cannot monitor channel state: Channel closed!
Exception in thread Thread-1249 (_run):
Traceback (most recent call last):
  File "/root/miniforge3/envs/flwr/lib/python3.11/threading.py", line 1045, in _bootstrap_inner
    self.run()
  File "/root/miniforge3/envs/flwr/lib/python3.11/threading.py", line 982, in run
    self._target(*self._args, **self._kwargs)
  File "src/python/grpcio/grpc/_cython/_cygrpc/thread.pyx.pxi", line 53, in grpc._cython.cygrpc._run_with_context._run
  File "/root/miniforge3/envs/flwr/lib/python3.11/site-packages/grpc/_channel.py", line 1916, in _poll_connectivity
    event = channel.watch_connectivity_state(
            ^^^^^^^^^^^^^^^^^^^^^^^^^^^^^^^^^
  File "src/python/grpcio/grpc/_cython/_cygrpc/channel.pyx.pxi", line 561, in grpc._cython.cygrpc.Channel.watch_connectivity_state
  File "src/python/grpcio/grpc/_cython/_cygrpc/channel.pyx.pxi", line 427, in grpc._cython.cygrpc._watch_connectivity_state
  File "src/python/grpcio/grpc/_cython/_cygrpc/channel.pyx.pxi", line 435, in grpc._cython.cygrpc._watch_connectivity_state
ValueError: Cannot monitor channel state: Channel closed!
Exception in thread Thread-1172 (_run):
Traceback (most recent call last):
  File "/root/miniforge3/envs/flwr/lib/python3.11/threading.py", line 1045, in _bootstrap_inner
Exception in thread Thread-1192 (_run):
Traceback (most recent call last):
    self.run()
  File "/root/miniforge3/envs/flwr/lib/python3.11/threading.py", line 1045, in _bootstrap_inner
  File "/root/miniforge3/envs/flwr/lib/python3.11/threading.py", line 982, in run
    self._target(*self._args, **self._kwargs)
    self.run()
  File "src/python/grpcio/grpc/_cython/_cygrpc/thread.pyx.pxi", line 53, in grpc._cython.cygrpc._run_with_context._run
  File "/root/miniforge3/envs/flwr/lib/python3.11/threading.py", line 982, in run
  File "/root/miniforge3/envs/flwr/lib/python3.11/site-packages/grpc/_channel.py", line 1916, in _poll_connectivity
    self._target(*self._args, **self._kwargs)
  File "src/python/grpcio/grpc/_cython/_cygrpc/thread.pyx.pxi", line 53, in grpc._cython.cygrpc._run_with_context._run
    event = channel.watch_connectivity_state(
  File "/root/miniforge3/envs/flwr/lib/python3.11/site-packages/grpc/_channel.py", line 1916, in _poll_connectivity
            ^^^^^^^^^^^^^^^^^^^^^^^^^^^^^^^^^
  File "src/python/grpcio/grpc/_cython/_cygrpc/channel.pyx.pxi", line 561, in grpc._cython.cygrpc.Channel.watch_connectivity_state
  File "src/python/grpcio/grpc/_cython/_cygrpc/channel.pyx.pxi", line 427, in grpc._cython.cygrpc._watch_connectivity_state
    event = channel.watch_connectivity_state(
  File "src/python/grpcio/grpc/_cython/_cygrpc/channel.pyx.pxi", line 435, in grpc._cython.cygrpc._watch_connectivity_state
            ^^^^^^^^^^^^^^^^^^^^^^^^^^^^^^^^^
  File "src/python/grpcio/grpc/_cython/_cygrpc/channel.pyx.pxi", line 561, in grpc._cython.cygrpc.Channel.watch_connectivity_state
ValueError: Cannot monitor channel state: Channel closed!
  File "src/python/grpcio/grpc/_cython/_cygrpc/channel.pyx.pxi", line 427, in grpc._cython.cygrpc._watch_connectivity_state
  File "src/python/grpcio/grpc/_cython/_cygrpc/channel.pyx.pxi", line 435, in grpc._cython.cygrpc._watch_connectivity_state
ValueError: Cannot monitor channel state: Channel closed!
Exception in thread Thread-1244 (_run):
Traceback (most recent call last):
  File "/root/miniforge3/envs/flwr/lib/python3.11/threading.py", line 1045, in _bootstrap_inner
    self.run()
  File "/root/miniforge3/envs/flwr/lib/python3.11/threading.py", line 982, in run
    self._target(*self._args, **self._kwargs)
  File "src/python/grpcio/grpc/_cython/_cygrpc/thread.pyx.pxi", line 53, in grpc._cython.cygrpc._run_with_context._run
  File "/root/miniforge3/envs/flwr/lib/python3.11/site-packages/grpc/_channel.py", line 1916, in _poll_connectivity
    event = channel.watch_connectivity_state(
            ^^^^^^^^^^^^^^^^^^^^^^^^^^^^^^^^^
  File "src/python/grpcio/grpc/_cython/_cygrpc/channel.pyx.pxi", line 561, in grpc._cython.cygrpc.Channel.watch_connectivity_state
  File "src/python/grpcio/grpc/_cython/_cygrpc/channel.pyx.pxi", line 427, in grpc._cython.cygrpc._watch_connectivity_state
  File "src/python/grpcio/grpc/_cython/_cygrpc/channel.pyx.pxi", line 435, in grpc._cython.cygrpc._watch_connectivity_state
ValueError: Cannot monitor channel state: Channel closed!
Exception in thread Thread-1242 (_run):
Traceback (most recent call last):
  File "/root/miniforge3/envs/flwr/lib/python3.11/threading.py", line 1045, in _bootstrap_inner
    self.run()
  File "/root/miniforge3/envs/flwr/lib/python3.11/threading.py", line 982, in run
    self._target(*self._args, **self._kwargs)
  File "src/python/grpcio/grpc/_cython/_cygrpc/thread.pyx.pxi", line 53, in grpc._cython.cygrpc._run_with_context._run
  File "/root/miniforge3/envs/flwr/lib/python3.11/site-packages/grpc/_channel.py", line 1916, in _poll_connectivity
    event = channel.watch_connectivity_state(
            ^^^^^^^^^^^^^^^^^^^^^^^^^^^^^^^^^
  File "src/python/grpcio/grpc/_cython/_cygrpc/channel.pyx.pxi", line 561, in grpc._cython.cygrpc.Channel.watch_connectivity_state
  File "src/python/grpcio/grpc/_cython/_cygrpc/channel.pyx.pxi", line 427, in grpc._cython.cygrpc._watch_connectivity_state
  File "src/python/grpcio/grpc/_cython/_cygrpc/channel.pyx.pxi", line 435, in grpc._cython.cygrpc._watch_connectivity_state
ValueError: Cannot monitor channel state: Channel closed!
Exception in thread Thread-1193 (_run):
Traceback (most recent call last):
  File "/root/miniforge3/envs/flwr/lib/python3.11/threading.py", line 1045, in _bootstrap_inner
    self.run()
  File "/root/miniforge3/envs/flwr/lib/python3.11/threading.py", line 982, in run
    self._target(*self._args, **self._kwargs)
  File "src/python/grpcio/grpc/_cython/_cygrpc/thread.pyx.pxi", line 53, in grpc._cython.cygrpc._run_with_context._run
  File "/root/miniforge3/envs/flwr/lib/python3.11/site-packages/grpc/_channel.py", line 1916, in _poll_connectivity
    event = channel.watch_connectivity_state(
            ^^^^^^^^^^^^^^^^^^^^^^^^^^^^^^^^^
  File "src/python/grpcio/grpc/_cython/_cygrpc/channel.pyx.pxi", line 561, in grpc._cython.cygrpc.Channel.watch_connectivity_state
  File "src/python/grpcio/grpc/_cython/_cygrpc/channel.pyx.pxi", line 427, in grpc._cython.cygrpc._watch_connectivity_state
  File "src/python/grpcio/grpc/_cython/_cygrpc/channel.pyx.pxi", line 435, in grpc._cython.cygrpc._watch_connectivity_state
ValueError: Cannot monitor channel state: Channel closed!
Exception in thread Thread-1196 (_run):
Traceback (most recent call last):
  File "/root/miniforge3/envs/flwr/lib/python3.11/threading.py", line 1045, in _bootstrap_inner
    self.run()
  File "/root/miniforge3/envs/flwr/lib/python3.11/threading.py", line 982, in run
Exception in thread Thread-1203 (_run):
Traceback (most recent call last):
  File "/root/miniforge3/envs/flwr/lib/python3.11/threading.py", line 1045, in _bootstrap_inner
    self._target(*self._args, **self._kwargs)
  File "src/python/grpcio/grpc/_cython/_cygrpc/thread.pyx.pxi", line 53, in grpc._cython.cygrpc._run_with_context._run
    self.run()
  File "/root/miniforge3/envs/flwr/lib/python3.11/threading.py", line 982, in run
  File "/root/miniforge3/envs/flwr/lib/python3.11/site-packages/grpc/_channel.py", line 1916, in _poll_connectivity
    self._target(*self._args, **self._kwargs)
  File "src/python/grpcio/grpc/_cython/_cygrpc/thread.pyx.pxi", line 53, in grpc._cython.cygrpc._run_with_context._run
  File "/root/miniforge3/envs/flwr/lib/python3.11/site-packages/grpc/_channel.py", line 1916, in _poll_connectivity
    event = channel.watch_connectivity_state(
            ^^^^^^^^^^^^^^^^^^^^^^^^^^^^^^^^^
  File "src/python/grpcio/grpc/_cython/_cygrpc/channel.pyx.pxi", line 561, in grpc._cython.cygrpc.Channel.watch_connectivity_state
    event = channel.watch_connectivity_state(
            ^^^^^^^^^^^^^^^^^^^^^^^^^^^^^^^^^
  File "src/python/grpcio/grpc/_cython/_cygrpc/channel.pyx.pxi", line 427, in grpc._cython.cygrpc._watch_connectivity_state
  File "src/python/grpcio/grpc/_cython/_cygrpc/channel.pyx.pxi", line 561, in grpc._cython.cygrpc.Channel.watch_connectivity_state
  File "src/python/grpcio/grpc/_cython/_cygrpc/channel.pyx.pxi", line 435, in grpc._cython.cygrpc._watch_connectivity_state
  File "src/python/grpcio/grpc/_cython/_cygrpc/channel.pyx.pxi", line 427, in grpc._cython.cygrpc._watch_connectivity_state
ValueError: Cannot monitor channel state: Channel closed!
  File "src/python/grpcio/grpc/_cython/_cygrpc/channel.pyx.pxi", line 435, in grpc._cython.cygrpc._watch_connectivity_state
ValueError: Cannot monitor channel state: Channel closed!
Exception in thread Thread-1251 (_run):
Traceback (most recent call last):
  File "/root/miniforge3/envs/flwr/lib/python3.11/threading.py", line 1045, in _bootstrap_inner
    self.run()
  File "/root/miniforge3/envs/flwr/lib/python3.11/threading.py", line 982, in run
    self._target(*self._args, **self._kwargs)
  File "src/python/grpcio/grpc/_cython/_cygrpc/thread.pyx.pxi", line 53, in grpc._cython.cygrpc._run_with_context._run
  File "/root/miniforge3/envs/flwr/lib/python3.11/site-packages/grpc/_channel.py", line 1916, in _poll_connectivity
    event = channel.watch_connectivity_state(
            ^^^^^^^^^^^^^^^^^^^^^^^^^^^^^^^^^
  File "src/python/grpcio/grpc/_cython/_cygrpc/channel.pyx.pxi", line 561, in grpc._cython.cygrpc.Channel.watch_connectivity_state
  File "src/python/grpcio/grpc/_cython/_cygrpc/channel.pyx.pxi", line 427, in grpc._cython.cygrpc._watch_connectivity_state
  File "src/python/grpcio/grpc/_cython/_cygrpc/channel.pyx.pxi", line 435, in grpc._cython.cygrpc._watch_connectivity_state
ValueError: Cannot monitor channel state: Channel closed!
Exception in thread Thread-1205 (_run):
Traceback (most recent call last):
  File "/root/miniforge3/envs/flwr/lib/python3.11/threading.py", line 1045, in _bootstrap_inner
    self.run()
  File "/root/miniforge3/envs/flwr/lib/python3.11/threading.py", line 982, in run
    self._target(*self._args, **self._kwargs)
  File "src/python/grpcio/grpc/_cython/_cygrpc/thread.pyx.pxi", line 53, in grpc._cython.cygrpc._run_with_context._run
  File "/root/miniforge3/envs/flwr/lib/python3.11/site-packages/grpc/_channel.py", line 1916, in _poll_connectivity
    event = channel.watch_connectivity_state(
            ^^^^^^^^^^^^^^^^^^^^^^^^^^^^^^^^^
  File "src/python/grpcio/grpc/_cython/_cygrpc/channel.pyx.pxi", line 561, in grpc._cython.cygrpc.Channel.watch_connectivity_state
  File "src/python/grpcio/grpc/_cython/_cygrpc/channel.pyx.pxi", line 427, in grpc._cython.cygrpc._watch_connectivity_state
  File "src/python/grpcio/grpc/_cython/_cygrpc/channel.pyx.pxi", line 435, in grpc._cython.cygrpc._watch_connectivity_state
ValueError: Cannot monitor channel state: Channel closed!
Exception in thread Thread-1174 (_run):
Traceback (most recent call last):
  File "/root/miniforge3/envs/flwr/lib/python3.11/threading.py", line 1045, in _bootstrap_inner
Exception in thread Thread-1223 (_run):
Traceback (most recent call last):
    self.run()
  File "/root/miniforge3/envs/flwr/lib/python3.11/threading.py", line 1045, in _bootstrap_inner
  File "/root/miniforge3/envs/flwr/lib/python3.11/threading.py", line 982, in run
    self.run()
    self._target(*self._args, **self._kwargs)
  File "/root/miniforge3/envs/flwr/lib/python3.11/threading.py", line 982, in run
  File "src/python/grpcio/grpc/_cython/_cygrpc/thread.pyx.pxi", line 53, in grpc._cython.cygrpc._run_with_context._run
    self._target(*self._args, **self._kwargs)
  File "src/python/grpcio/grpc/_cython/_cygrpc/thread.pyx.pxi", line 53, in grpc._cython.cygrpc._run_with_context._run
  File "/root/miniforge3/envs/flwr/lib/python3.11/site-packages/grpc/_channel.py", line 1916, in _poll_connectivity
  File "/root/miniforge3/envs/flwr/lib/python3.11/site-packages/grpc/_channel.py", line 1916, in _poll_connectivity
Exception in thread Thread-1203 (_run):
    event = channel.watch_connectivity_state(
    event = channel.watch_connectivity_state(
Traceback (most recent call last):
            ^^^^^^^^^^^^^^^^^^^^^^^^^^^^^^^^^
Exception in thread Thread-1179 (_run):
            ^^^^^^^^^^^^^^^^^^^^^^^^^^^^^^^^^
  File "src/python/grpcio/grpc/_cython/_cygrpc/channel.pyx.pxi", line 561, in grpc._cython.cygrpc.Channel.watch_connectivity_state
  File "/root/miniforge3/envs/flwr/lib/python3.11/threading.py", line 1045, in _bootstrap_inner
  File "src/python/grpcio/grpc/_cython/_cygrpc/channel.pyx.pxi", line 561, in grpc._cython.cygrpc.Channel.watch_connectivity_state
Traceback (most recent call last):
  File "/root/miniforge3/envs/flwr/lib/python3.11/threading.py", line 1045, in _bootstrap_inner
  File "src/python/grpcio/grpc/_cython/_cygrpc/channel.pyx.pxi", line 427, in grpc._cython.cygrpc._watch_connectivity_state
    self.run()
  File "src/python/grpcio/grpc/_cython/_cygrpc/channel.pyx.pxi", line 427, in grpc._cython.cygrpc._watch_connectivity_state
  File "src/python/grpcio/grpc/_cython/_cygrpc/channel.pyx.pxi", line 435, in grpc._cython.cygrpc._watch_connectivity_state
    self.run()
  File "/root/miniforge3/envs/flwr/lib/python3.11/threading.py", line 982, in run
  File "src/python/grpcio/grpc/_cython/_cygrpc/channel.pyx.pxi", line 435, in grpc._cython.cygrpc._watch_connectivity_state
  File "/root/miniforge3/envs/flwr/lib/python3.11/threading.py", line 982, in run
ValueError: Cannot monitor channel state: Channel closed!
ValueError: Cannot monitor channel state: Channel closed!
    self._target(*self._args, **self._kwargs)
    self._target(*self._args, **self._kwargs)
  File "src/python/grpcio/grpc/_cython/_cygrpc/thread.pyx.pxi", line 53, in grpc._cython.cygrpc._run_with_context._run
  File "src/python/grpcio/grpc/_cython/_cygrpc/thread.pyx.pxi", line 53, in grpc._cython.cygrpc._run_with_context._run
  File "/root/miniforge3/envs/flwr/lib/python3.11/site-packages/grpc/_channel.py", line 1916, in _poll_connectivity
  File "/root/miniforge3/envs/flwr/lib/python3.11/site-packages/grpc/_channel.py", line 1916, in _poll_connectivity
    event = channel.watch_connectivity_state(
            ^^^^^^^^^^^^^^^^^^^^^^^^^^^^^^^^^
  File "src/python/grpcio/grpc/_cython/_cygrpc/channel.pyx.pxi", line 561, in grpc._cython.cygrpc.Channel.watch_connectivity_state
  File "src/python/grpcio/grpc/_cython/_cygrpc/channel.pyx.pxi", line 427, in grpc._cython.cygrpc._watch_connectivity_state
    event = channel.watch_connectivity_state(
            ^^^^^^^^^^^^^^^^^^^^^^^^^^^^^^^^^
  File "src/python/grpcio/grpc/_cython/_cygrpc/channel.pyx.pxi", line 561, in grpc._cython.cygrpc.Channel.watch_connectivity_state
  File "src/python/grpcio/grpc/_cython/_cygrpc/channel.pyx.pxi", line 435, in grpc._cython.cygrpc._watch_connectivity_state
  File "src/python/grpcio/grpc/_cython/_cygrpc/channel.pyx.pxi", line 427, in grpc._cython.cygrpc._watch_connectivity_state
ValueError: Cannot monitor channel state: Channel closed!
  File "src/python/grpcio/grpc/_cython/_cygrpc/channel.pyx.pxi", line 435, in grpc._cython.cygrpc._watch_connectivity_state
ValueError: Cannot monitor channel state: Channel closed!
Exception in thread Thread-1252 (_run):
Traceback (most recent call last):
  File "/root/miniforge3/envs/flwr/lib/python3.11/threading.py", line 1045, in _bootstrap_inner
    self.run()
  File "/root/miniforge3/envs/flwr/lib/python3.11/threading.py", line 982, in run
    self._target(*self._args, **self._kwargs)
  File "src/python/grpcio/grpc/_cython/_cygrpc/thread.pyx.pxi", line 53, in grpc._cython.cygrpc._run_with_context._run
  File "/root/miniforge3/envs/flwr/lib/python3.11/site-packages/grpc/_channel.py", line 1916, in _poll_connectivity
    event = channel.watch_connectivity_state(
            ^^^^^^^^^^^^^^^^^^^^^^^^^^^^^^^^^
  File "src/python/grpcio/grpc/_cython/_cygrpc/channel.pyx.pxi", line 561, in grpc._cython.cygrpc.Channel.watch_connectivity_state
  File "src/python/grpcio/grpc/_cython/_cygrpc/channel.pyx.pxi", line 427, in grpc._cython.cygrpc._watch_connectivity_state
  File "src/python/grpcio/grpc/_cython/_cygrpc/channel.pyx.pxi", line 435, in grpc._cython.cygrpc._watch_connectivity_state
ValueError: Cannot monitor channel state: Channel closed!
Exception in thread Thread-1245 (_run):
Traceback (most recent call last):
  File "/root/miniforge3/envs/flwr/lib/python3.11/threading.py", line 1045, in _bootstrap_inner
    self.run()
  File "/root/miniforge3/envs/flwr/lib/python3.11/threading.py", line 982, in run
    self._target(*self._args, **self._kwargs)
  File "src/python/grpcio/grpc/_cython/_cygrpc/thread.pyx.pxi", line 53, in grpc._cython.cygrpc._run_with_context._run
  File "/root/miniforge3/envs/flwr/lib/python3.11/site-packages/grpc/_channel.py", line 1916, in _poll_connectivity
    event = channel.watch_connectivity_state(
            ^^^^^^^^^^^^^^^^^^^^^^^^^^^^^^^^^
  File "src/python/grpcio/grpc/_cython/_cygrpc/channel.pyx.pxi", line 561, in grpc._cython.cygrpc.Channel.watch_connectivity_state
  File "src/python/grpcio/grpc/_cython/_cygrpc/channel.pyx.pxi", line 427, in grpc._cython.cygrpc._watch_connectivity_state
  File "src/python/grpcio/grpc/_cython/_cygrpc/channel.pyx.pxi", line 435, in grpc._cython.cygrpc._watch_connectivity_state
ValueError: Cannot monitor channel state: Channel closed!
Exception in thread Thread-1248 (_run):
Traceback (most recent call last):
  File "/root/miniforge3/envs/flwr/lib/python3.11/threading.py", line 1045, in _bootstrap_inner
    self.run()
  File "/root/miniforge3/envs/flwr/lib/python3.11/threading.py", line 982, in run
    self._target(*self._args, **self._kwargs)
  File "src/python/grpcio/grpc/_cython/_cygrpc/thread.pyx.pxi", line 53, in grpc._cython.cygrpc._run_with_context._run
  File "/root/miniforge3/envs/flwr/lib/python3.11/site-packages/grpc/_channel.py", line 1916, in _poll_connectivity
    event = channel.watch_connectivity_state(
            ^^^^^^^^^^^^^^^^^^^^^^^^^^^^^^^^^
  File "src/python/grpcio/grpc/_cython/_cygrpc/channel.pyx.pxi", line 561, in grpc._cython.cygrpc.Channel.watch_connectivity_state
  File "src/python/grpcio/grpc/_cython/_cygrpc/channel.pyx.pxi", line 427, in grpc._cython.cygrpc._watch_connectivity_state
  File "src/python/grpcio/grpc/_cython/_cygrpc/channel.pyx.pxi", line 435, in grpc._cython.cygrpc._watch_connectivity_state
ValueError: Cannot monitor channel state: Channel closed!
Exception in thread Thread-1233 (_run):
Traceback (most recent call last):
  File "/root/miniforge3/envs/flwr/lib/python3.11/threading.py", line 1045, in _bootstrap_inner
    self.run()
  File "/root/miniforge3/envs/flwr/lib/python3.11/threading.py", line 982, in run
    self._target(*self._args, **self._kwargs)
  File "src/python/grpcio/grpc/_cython/_cygrpc/thread.pyx.pxi", line 53, in grpc._cython.cygrpc._run_with_context._run
  File "/root/miniforge3/envs/flwr/lib/python3.11/site-packages/grpc/_channel.py", line 1916, in _poll_connectivity
    event = channel.watch_connectivity_state(
            ^^^^^^^^^^^^^^^^^^^^^^^^^^^^^^^^^
  File "src/python/grpcio/grpc/_cython/_cygrpc/channel.pyx.pxi", line 561, in grpc._cython.cygrpc.Channel.watch_connectivity_state
  File "src/python/grpcio/grpc/_cython/_cygrpc/channel.pyx.pxi", line 427, in grpc._cython.cygrpc._watch_connectivity_state
  File "src/python/grpcio/grpc/_cython/_cygrpc/channel.pyx.pxi", line 435, in grpc._cython.cygrpc._watch_connectivity_state
ValueError: Cannot monitor channel state: Channel closed!
Exception in thread Thread-1221 (_run):
Traceback (most recent call last):
  File "/root/miniforge3/envs/flwr/lib/python3.11/threading.py", line 1045, in _bootstrap_inner
    self.run()
  File "/root/miniforge3/envs/flwr/lib/python3.11/threading.py", line 982, in run
    self._target(*self._args, **self._kwargs)
  File "src/python/grpcio/grpc/_cython/_cygrpc/thread.pyx.pxi", line 53, in grpc._cython.cygrpc._run_with_context._run
  File "/root/miniforge3/envs/flwr/lib/python3.11/site-packages/grpc/_channel.py", line 1916, in _poll_connectivity
    event = channel.watch_connectivity_state(
            ^^^^^^^^^^^^^^^^^^^^^^^^^^^^^^^^^
  File "src/python/grpcio/grpc/_cython/_cygrpc/channel.pyx.pxi", line 561, in grpc._cython.cygrpc.Channel.watch_connectivity_state
  File "src/python/grpcio/grpc/_cython/_cygrpc/channel.pyx.pxi", line 427, in grpc._cython.cygrpc._watch_connectivity_state
  File "src/python/grpcio/grpc/_cython/_cygrpc/channel.pyx.pxi", line 435, in grpc._cython.cygrpc._watch_connectivity_state
ValueError: Cannot monitor channel state: Channel closed!
Exception in thread Thread-1278 (_run):
Traceback (most recent call last):
  File "/root/miniforge3/envs/flwr/lib/python3.11/threading.py", line 1045, in _bootstrap_inner
    self.run()
  File "/root/miniforge3/envs/flwr/lib/python3.11/threading.py", line 982, in run
    self._target(*self._args, **self._kwargs)
  File "src/python/grpcio/grpc/_cython/_cygrpc/thread.pyx.pxi", line 53, in grpc._cython.cygrpc._run_with_context._run
  File "/root/miniforge3/envs/flwr/lib/python3.11/site-packages/grpc/_channel.py", line 1916, in _poll_connectivity
    event = channel.watch_connectivity_state(
            ^^^^^^^^^^^^^^^^^^^^^^^^^^^^^^^^^
  File "src/python/grpcio/grpc/_cython/_cygrpc/channel.pyx.pxi", line 561, in grpc._cython.cygrpc.Channel.watch_connectivity_state
  File "src/python/grpcio/grpc/_cython/_cygrpc/channel.pyx.pxi", line 427, in grpc._cython.cygrpc._watch_connectivity_state
  File "src/python/grpcio/grpc/_cython/_cygrpc/channel.pyx.pxi", line 435, in grpc._cython.cygrpc._watch_connectivity_state
ValueError: Cannot monitor channel state: Channel closed!
Exception in thread Thread-1241 (_run):
Traceback (most recent call last):
  File "/root/miniforge3/envs/flwr/lib/python3.11/threading.py", line 1045, in _bootstrap_inner
    self.run()
  File "/root/miniforge3/envs/flwr/lib/python3.11/threading.py", line 982, in run
    self._target(*self._args, **self._kwargs)
  File "src/python/grpcio/grpc/_cython/_cygrpc/thread.pyx.pxi", line 53, in grpc._cython.cygrpc._run_with_context._run
  File "/root/miniforge3/envs/flwr/lib/python3.11/site-packages/grpc/_channel.py", line 1916, in _poll_connectivity
    event = channel.watch_connectivity_state(
            ^^^^^^^^^^^^^^^^^^^^^^^^^^^^^^^^^
  File "src/python/grpcio/grpc/_cython/_cygrpc/channel.pyx.pxi", line 561, in grpc._cython.cygrpc.Channel.watch_connectivity_state
  File "src/python/grpcio/grpc/_cython/_cygrpc/channel.pyx.pxi", line 427, in grpc._cython.cygrpc._watch_connectivity_state
  File "src/python/grpcio/grpc/_cython/_cygrpc/channel.pyx.pxi", line 435, in grpc._cython.cygrpc._watch_connectivity_state
ValueError: Cannot monitor channel state: Channel closed!
Exception in thread Thread-1225 (_run):
Traceback (most recent call last):
  File "/root/miniforge3/envs/flwr/lib/python3.11/threading.py", line 1045, in _bootstrap_inner
    self.run()
  File "/root/miniforge3/envs/flwr/lib/python3.11/threading.py", line 982, in run
Exception in thread Thread-1236 (_run):
    self._target(*self._args, **self._kwargs)
  File "src/python/grpcio/grpc/_cython/_cygrpc/thread.pyx.pxi", line 53, in grpc._cython.cygrpc._run_with_context._run
Traceback (most recent call last):
  File "/root/miniforge3/envs/flwr/lib/python3.11/threading.py", line 1045, in _bootstrap_inner
  File "/root/miniforge3/envs/flwr/lib/python3.11/site-packages/grpc/_channel.py", line 1916, in _poll_connectivity
    self.run()
  File "/root/miniforge3/envs/flwr/lib/python3.11/threading.py", line 982, in run
    event = channel.watch_connectivity_state(
            ^^^^^^^^^^^^^^^^^^^^^^^^^^^^^^^^^
  File "src/python/grpcio/grpc/_cython/_cygrpc/channel.pyx.pxi", line 561, in grpc._cython.cygrpc.Channel.watch_connectivity_state
    self._target(*self._args, **self._kwargs)
  File "src/python/grpcio/grpc/_cython/_cygrpc/thread.pyx.pxi", line 53, in grpc._cython.cygrpc._run_with_context._run
  File "src/python/grpcio/grpc/_cython/_cygrpc/channel.pyx.pxi", line 427, in grpc._cython.cygrpc._watch_connectivity_state
  File "/root/miniforge3/envs/flwr/lib/python3.11/site-packages/grpc/_channel.py", line 1916, in _poll_connectivity
  File "src/python/grpcio/grpc/_cython/_cygrpc/channel.pyx.pxi", line 435, in grpc._cython.cygrpc._watch_connectivity_state
ValueError: Cannot monitor channel state: Channel closed!
    event = channel.watch_connectivity_state(
            ^^^^^^^^^^^^^^^^^^^^^^^^^^^^^^^^^
  File "src/python/grpcio/grpc/_cython/_cygrpc/channel.pyx.pxi", line 561, in grpc._cython.cygrpc.Channel.watch_connectivity_state
  File "src/python/grpcio/grpc/_cython/_cygrpc/channel.pyx.pxi", line 427, in grpc._cython.cygrpc._watch_connectivity_state
  File "src/python/grpcio/grpc/_cython/_cygrpc/channel.pyx.pxi", line 435, in grpc._cython.cygrpc._watch_connectivity_state
ValueError: Cannot monitor channel state: Channel closed!
Exception in thread Thread-1212 (_run):
Traceback (most recent call last):
  File "/root/miniforge3/envs/flwr/lib/python3.11/threading.py", line 1045, in _bootstrap_inner
    self.run()
  File "/root/miniforge3/envs/flwr/lib/python3.11/threading.py", line 982, in run
    self._target(*self._args, **self._kwargs)
  File "src/python/grpcio/grpc/_cython/_cygrpc/thread.pyx.pxi", line 53, in grpc._cython.cygrpc._run_with_context._run
  File "/root/miniforge3/envs/flwr/lib/python3.11/site-packages/grpc/_channel.py", line 1916, in _poll_connectivity
    event = channel.watch_connectivity_state(
            ^^^^^^^^^^^^^^^^^^^^^^^^^^^^^^^^^
  File "src/python/grpcio/grpc/_cython/_cygrpc/channel.pyx.pxi", line 561, in grpc._cython.cygrpc.Channel.watch_connectivity_state
  File "src/python/grpcio/grpc/_cython/_cygrpc/channel.pyx.pxi", line 427, in grpc._cython.cygrpc._watch_connectivity_state
Exception in thread Thread-1260 (_run):
Traceback (most recent call last):
  File "/root/miniforge3/envs/flwr/lib/python3.11/threading.py", line 1045, in _bootstrap_inner
  File "src/python/grpcio/grpc/_cython/_cygrpc/channel.pyx.pxi", line 435, in grpc._cython.cygrpc._watch_connectivity_state
ValueError: Cannot monitor channel state: Channel closed!
    self.run()
  File "/root/miniforge3/envs/flwr/lib/python3.11/threading.py", line 982, in run
    self._target(*self._args, **self._kwargs)
  File "src/python/grpcio/grpc/_cython/_cygrpc/thread.pyx.pxi", line 53, in grpc._cython.cygrpc._run_with_context._run
  File "/root/miniforge3/envs/flwr/lib/python3.11/site-packages/grpc/_channel.py", line 1916, in _poll_connectivity
    event = channel.watch_connectivity_state(
            ^^^^^^^^^^^^^^^^^^^^^^^^^^^^^^^^^
  File "src/python/grpcio/grpc/_cython/_cygrpc/channel.pyx.pxi", line 561, in grpc._cython.cygrpc.Channel.watch_connectivity_state
  File "src/python/grpcio/grpc/_cython/_cygrpc/channel.pyx.pxi", line 427, in grpc._cython.cygrpc._watch_connectivity_state
  File "src/python/grpcio/grpc/_cython/_cygrpc/channel.pyx.pxi", line 435, in grpc._cython.cygrpc._watch_connectivity_state
ValueError: Cannot monitor channel state: Channel closed!
Exception in thread Thread-1260 (_run):
Traceback (most recent call last):
  File "/root/miniforge3/envs/flwr/lib/python3.11/threading.py", line 1045, in _bootstrap_inner
    self.run()
  File "/root/miniforge3/envs/flwr/lib/python3.11/threading.py", line 982, in run
    self._target(*self._args, **self._kwargs)
  File "src/python/grpcio/grpc/_cython/_cygrpc/thread.pyx.pxi", line 53, in grpc._cython.cygrpc._run_with_context._run
  File "/root/miniforge3/envs/flwr/lib/python3.11/site-packages/grpc/_channel.py", line 1916, in _poll_connectivity
    event = channel.watch_connectivity_state(
            ^^^^^^^^^^^^^^^^^^^^^^^^^^^^^^^^^
  File "src/python/grpcio/grpc/_cython/_cygrpc/channel.pyx.pxi", line 561, in grpc._cython.cygrpc.Channel.watch_connectivity_state
  File "src/python/grpcio/grpc/_cython/_cygrpc/channel.pyx.pxi", line 427, in grpc._cython.cygrpc._watch_connectivity_state
  File "src/python/grpcio/grpc/_cython/_cygrpc/channel.pyx.pxi", line 435, in grpc._cython.cygrpc._watch_connectivity_state
ValueError: Cannot monitor channel state: Channel closed!
Exception in thread Thread-1286 (_run):
Traceback (most recent call last):
  File "/root/miniforge3/envs/flwr/lib/python3.11/threading.py", line 1045, in _bootstrap_inner
    self.run()
  File "/root/miniforge3/envs/flwr/lib/python3.11/threading.py", line 982, in run
    self._target(*self._args, **self._kwargs)
  File "src/python/grpcio/grpc/_cython/_cygrpc/thread.pyx.pxi", line 53, in grpc._cython.cygrpc._run_with_context._run
  File "/root/miniforge3/envs/flwr/lib/python3.11/site-packages/grpc/_channel.py", line 1916, in _poll_connectivity
    event = channel.watch_connectivity_state(
            ^^^^^^^^^^^^^^^^^^^^^^^^^^^^^^^^^
  File "src/python/grpcio/grpc/_cython/_cygrpc/channel.pyx.pxi", line 561, in grpc._cython.cygrpc.Channel.watch_connectivity_state
  File "src/python/grpcio/grpc/_cython/_cygrpc/channel.pyx.pxi", line 427, in grpc._cython.cygrpc._watch_connectivity_state
  File "src/python/grpcio/grpc/_cython/_cygrpc/channel.pyx.pxi", line 435, in grpc._cython.cygrpc._watch_connectivity_state
ValueError: Cannot monitor channel state: Channel closed!
Exception in thread Thread-1245 (_run):
Traceback (most recent call last):
  File "/root/miniforge3/envs/flwr/lib/python3.11/threading.py", line 1045, in _bootstrap_inner
    self.run()
  File "/root/miniforge3/envs/flwr/lib/python3.11/threading.py", line 982, in run
    self._target(*self._args, **self._kwargs)
  File "src/python/grpcio/grpc/_cython/_cygrpc/thread.pyx.pxi", line 53, in grpc._cython.cygrpc._run_with_context._run
  File "/root/miniforge3/envs/flwr/lib/python3.11/site-packages/grpc/_channel.py", line 1916, in _poll_connectivity
    event = channel.watch_connectivity_state(
            ^^^^^^^^^^^^^^^^^^^^^^^^^^^^^^^^^
  File "src/python/grpcio/grpc/_cython/_cygrpc/channel.pyx.pxi", line 561, in grpc._cython.cygrpc.Channel.watch_connectivity_state
  File "src/python/grpcio/grpc/_cython/_cygrpc/channel.pyx.pxi", line 427, in grpc._cython.cygrpc._watch_connectivity_state
  File "src/python/grpcio/grpc/_cython/_cygrpc/channel.pyx.pxi", line 435, in grpc._cython.cygrpc._watch_connectivity_state
ValueError: Cannot monitor channel state: Channel closed!
Exception in thread Thread-1238 (_run):
Traceback (most recent call last):
  File "/root/miniforge3/envs/flwr/lib/python3.11/threading.py", line 1045, in _bootstrap_inner
    self.run()
  File "/root/miniforge3/envs/flwr/lib/python3.11/threading.py", line 982, in run
    self._target(*self._args, **self._kwargs)
  File "src/python/grpcio/grpc/_cython/_cygrpc/thread.pyx.pxi", line 53, in grpc._cython.cygrpc._run_with_context._run
  File "/root/miniforge3/envs/flwr/lib/python3.11/site-packages/grpc/_channel.py", line 1916, in _poll_connectivity
    event = channel.watch_connectivity_state(
            ^^^^^^^^^^^^^^^^^^^^^^^^^^^^^^^^^
  File "src/python/grpcio/grpc/_cython/_cygrpc/channel.pyx.pxi", line 561, in grpc._cython.cygrpc.Channel.watch_connectivity_state
  File "src/python/grpcio/grpc/_cython/_cygrpc/channel.pyx.pxi", line 427, in grpc._cython.cygrpc._watch_connectivity_state
  File "src/python/grpcio/grpc/_cython/_cygrpc/channel.pyx.pxi", line 435, in grpc._cython.cygrpc._watch_connectivity_state
ValueError: Cannot monitor channel state: Channel closed!
Exception in thread Thread-1305 (_run):
Traceback (most recent call last):
  File "/root/miniforge3/envs/flwr/lib/python3.11/threading.py", line 1045, in _bootstrap_inner
    self.run()
  File "/root/miniforge3/envs/flwr/lib/python3.11/threading.py", line 982, in run
    self._target(*self._args, **self._kwargs)
  File "src/python/grpcio/grpc/_cython/_cygrpc/thread.pyx.pxi", line 53, in grpc._cython.cygrpc._run_with_context._run
  File "/root/miniforge3/envs/flwr/lib/python3.11/site-packages/grpc/_channel.py", line 1916, in _poll_connectivity
    event = channel.watch_connectivity_state(
            ^^^^^^^^^^^^^^^^^^^^^^^^^^^^^^^^^
  File "src/python/grpcio/grpc/_cython/_cygrpc/channel.pyx.pxi", line 561, in grpc._cython.cygrpc.Channel.watch_connectivity_state
  File "src/python/grpcio/grpc/_cython/_cygrpc/channel.pyx.pxi", line 427, in grpc._cython.cygrpc._watch_connectivity_state
  File "src/python/grpcio/grpc/_cython/_cygrpc/channel.pyx.pxi", line 435, in grpc._cython.cygrpc._watch_connectivity_state
ValueError: Cannot monitor channel state: Channel closed!
Exception in thread Thread-1264 (_run):
Traceback (most recent call last):
  File "/root/miniforge3/envs/flwr/lib/python3.11/threading.py", line 1045, in _bootstrap_inner
    self.run()
  File "/root/miniforge3/envs/flwr/lib/python3.11/threading.py", line 982, in run
    self._target(*self._args, **self._kwargs)
  File "src/python/grpcio/grpc/_cython/_cygrpc/thread.pyx.pxi", line 53, in grpc._cython.cygrpc._run_with_context._run
  File "/root/miniforge3/envs/flwr/lib/python3.11/site-packages/grpc/_channel.py", line 1916, in _poll_connectivity
    event = channel.watch_connectivity_state(
            ^^^^^^^^^^^^^^^^^^^^^^^^^^^^^^^^^
  File "src/python/grpcio/grpc/_cython/_cygrpc/channel.pyx.pxi", line 561, in grpc._cython.cygrpc.Channel.watch_connectivity_state
  File "src/python/grpcio/grpc/_cython/_cygrpc/channel.pyx.pxi", line 427, in grpc._cython.cygrpc._watch_connectivity_state
  File "src/python/grpcio/grpc/_cython/_cygrpc/channel.pyx.pxi", line 435, in grpc._cython.cygrpc._watch_connectivity_state
ValueError: Cannot monitor channel state: Channel closed!
Exception in thread Thread-1273 (_run):
Traceback (most recent call last):
  File "/root/miniforge3/envs/flwr/lib/python3.11/threading.py", line 1045, in _bootstrap_inner
    self.run()
  File "/root/miniforge3/envs/flwr/lib/python3.11/threading.py", line 982, in run
    self._target(*self._args, **self._kwargs)
  File "src/python/grpcio/grpc/_cython/_cygrpc/thread.pyx.pxi", line 53, in grpc._cython.cygrpc._run_with_context._run
  File "/root/miniforge3/envs/flwr/lib/python3.11/site-packages/grpc/_channel.py", line 1916, in _poll_connectivity
    event = channel.watch_connectivity_state(
            ^^^^^^^^^^^^^^^^^^^^^^^^^^^^^^^^^
  File "src/python/grpcio/grpc/_cython/_cygrpc/channel.pyx.pxi", line 561, in grpc._cython.cygrpc.Channel.watch_connectivity_state
  File "src/python/grpcio/grpc/_cython/_cygrpc/channel.pyx.pxi", line 427, in grpc._cython.cygrpc._watch_connectivity_state
  File "src/python/grpcio/grpc/_cython/_cygrpc/channel.pyx.pxi", line 435, in grpc._cython.cygrpc._watch_connectivity_state
ValueError: Cannot monitor channel state: Channel closed!
Exception in thread Thread-1258 (_run):
Exception in thread Thread-1263 (_run):
Traceback (most recent call last):
Traceback (most recent call last):
  File "/root/miniforge3/envs/flwr/lib/python3.11/threading.py", line 1045, in _bootstrap_inner
Exception in thread Thread-1272 (_run):
  File "/root/miniforge3/envs/flwr/lib/python3.11/threading.py", line 1045, in _bootstrap_inner
Traceback (most recent call last):
  File "/root/miniforge3/envs/flwr/lib/python3.11/threading.py", line 1045, in _bootstrap_inner
    self.run()
  File "/root/miniforge3/envs/flwr/lib/python3.11/threading.py", line 982, in run
    self.run()
  File "/root/miniforge3/envs/flwr/lib/python3.11/threading.py", line 982, in run
    self.run()
  File "/root/miniforge3/envs/flwr/lib/python3.11/threading.py", line 982, in run
    self._target(*self._args, **self._kwargs)
  File "src/python/grpcio/grpc/_cython/_cygrpc/thread.pyx.pxi", line 53, in grpc._cython.cygrpc._run_with_context._run
    self._target(*self._args, **self._kwargs)
    self._target(*self._args, **self._kwargs)
  File "src/python/grpcio/grpc/_cython/_cygrpc/thread.pyx.pxi", line 53, in grpc._cython.cygrpc._run_with_context._run
  File "src/python/grpcio/grpc/_cython/_cygrpc/thread.pyx.pxi", line 53, in grpc._cython.cygrpc._run_with_context._run
  File "/root/miniforge3/envs/flwr/lib/python3.11/site-packages/grpc/_channel.py", line 1916, in _poll_connectivity
  File "/root/miniforge3/envs/flwr/lib/python3.11/site-packages/grpc/_channel.py", line 1916, in _poll_connectivity
  File "/root/miniforge3/envs/flwr/lib/python3.11/site-packages/grpc/_channel.py", line 1916, in _poll_connectivity
    event = channel.watch_connectivity_state(
    event = channel.watch_connectivity_state(
            ^^^^^^^^^^^^^^^^^^^^^^^^^^^^^^^^^
            ^^^^^^^^^^^^^^^^^^^^^^^^^^^^^^^^^
  File "src/python/grpcio/grpc/_cython/_cygrpc/channel.pyx.pxi", line 561, in grpc._cython.cygrpc.Channel.watch_connectivity_state
  File "src/python/grpcio/grpc/_cython/_cygrpc/channel.pyx.pxi", line 561, in grpc._cython.cygrpc.Channel.watch_connectivity_state
    event = channel.watch_connectivity_state(
            ^^^^^^^^^^^^^^^^^^^^^^^^^^^^^^^^^
  File "src/python/grpcio/grpc/_cython/_cygrpc/channel.pyx.pxi", line 561, in grpc._cython.cygrpc.Channel.watch_connectivity_state
  File "src/python/grpcio/grpc/_cython/_cygrpc/channel.pyx.pxi", line 427, in grpc._cython.cygrpc._watch_connectivity_state
  File "src/python/grpcio/grpc/_cython/_cygrpc/channel.pyx.pxi", line 427, in grpc._cython.cygrpc._watch_connectivity_state
  File "src/python/grpcio/grpc/_cython/_cygrpc/channel.pyx.pxi", line 427, in grpc._cython.cygrpc._watch_connectivity_state
  File "src/python/grpcio/grpc/_cython/_cygrpc/channel.pyx.pxi", line 435, in grpc._cython.cygrpc._watch_connectivity_state
  File "src/python/grpcio/grpc/_cython/_cygrpc/channel.pyx.pxi", line 435, in grpc._cython.cygrpc._watch_connectivity_state
  File "src/python/grpcio/grpc/_cython/_cygrpc/channel.pyx.pxi", line 435, in grpc._cython.cygrpc._watch_connectivity_state
ValueError: Cannot monitor channel state: Channel closed!
ValueError: Cannot monitor channel state: Channel closed!
ValueError: Cannot monitor channel state: Channel closed!
Exception in thread Thread-1334 (_run):
Traceback (most recent call last):
  File "/root/miniforge3/envs/flwr/lib/python3.11/threading.py", line 1045, in _bootstrap_inner
    self.run()
  File "/root/miniforge3/envs/flwr/lib/python3.11/threading.py", line 982, in run
    self._target(*self._args, **self._kwargs)
  File "src/python/grpcio/grpc/_cython/_cygrpc/thread.pyx.pxi", line 53, in grpc._cython.cygrpc._run_with_context._run
  File "/root/miniforge3/envs/flwr/lib/python3.11/site-packages/grpc/_channel.py", line 1916, in _poll_connectivity
    event = channel.watch_connectivity_state(
            ^^^^^^^^^^^^^^^^^^^^^^^^^^^^^^^^^
  File "src/python/grpcio/grpc/_cython/_cygrpc/channel.pyx.pxi", line 561, in grpc._cython.cygrpc.Channel.watch_connectivity_state
  File "src/python/grpcio/grpc/_cython/_cygrpc/channel.pyx.pxi", line 427, in grpc._cython.cygrpc._watch_connectivity_state
  File "src/python/grpcio/grpc/_cython/_cygrpc/channel.pyx.pxi", line 435, in grpc._cython.cygrpc._watch_connectivity_state
ValueError: Cannot monitor channel state: Channel closed!
Exception in thread Thread-1239 (_run):
Traceback (most recent call last):
  File "/root/miniforge3/envs/flwr/lib/python3.11/threading.py", line 1045, in _bootstrap_inner
    self.run()
  File "/root/miniforge3/envs/flwr/lib/python3.11/threading.py", line 982, in run
    self._target(*self._args, **self._kwargs)
  File "src/python/grpcio/grpc/_cython/_cygrpc/thread.pyx.pxi", line 53, in grpc._cython.cygrpc._run_with_context._run
  File "/root/miniforge3/envs/flwr/lib/python3.11/site-packages/grpc/_channel.py", line 1916, in _poll_connectivity
    event = channel.watch_connectivity_state(
            ^^^^^^^^^^^^^^^^^^^^^^^^^^^^^^^^^
  File "src/python/grpcio/grpc/_cython/_cygrpc/channel.pyx.pxi", line 561, in grpc._cython.cygrpc.Channel.watch_connectivity_state
  File "src/python/grpcio/grpc/_cython/_cygrpc/channel.pyx.pxi", line 427, in grpc._cython.cygrpc._watch_connectivity_state
  File "src/python/grpcio/grpc/_cython/_cygrpc/channel.pyx.pxi", line 435, in grpc._cython.cygrpc._watch_connectivity_state
ValueError: Cannot monitor channel state: Channel closed!
Exception in thread Thread-1287 (_run):
Traceback (most recent call last):
  File "/root/miniforge3/envs/flwr/lib/python3.11/threading.py", line 1045, in _bootstrap_inner
    self.run()
  File "/root/miniforge3/envs/flwr/lib/python3.11/threading.py", line 982, in run
    self._target(*self._args, **self._kwargs)
  File "src/python/grpcio/grpc/_cython/_cygrpc/thread.pyx.pxi", line 53, in grpc._cython.cygrpc._run_with_context._run
  File "/root/miniforge3/envs/flwr/lib/python3.11/site-packages/grpc/_channel.py", line 1916, in _poll_connectivity
    event = channel.watch_connectivity_state(
            ^^^^^^^^^^^^^^^^^^^^^^^^^^^^^^^^^
  File "src/python/grpcio/grpc/_cython/_cygrpc/channel.pyx.pxi", line 561, in grpc._cython.cygrpc.Channel.watch_connectivity_state
  File "src/python/grpcio/grpc/_cython/_cygrpc/channel.pyx.pxi", line 427, in grpc._cython.cygrpc._watch_connectivity_state
  File "src/python/grpcio/grpc/_cython/_cygrpc/channel.pyx.pxi", line 435, in grpc._cython.cygrpc._watch_connectivity_state
ValueError: Cannot monitor channel state: Channel closed!
Exception in thread Thread-1330 (_run):
Traceback (most recent call last):
  File "/root/miniforge3/envs/flwr/lib/python3.11/threading.py", line 1045, in _bootstrap_inner
    self.run()
  File "/root/miniforge3/envs/flwr/lib/python3.11/threading.py", line 982, in run
    self._target(*self._args, **self._kwargs)
  File "src/python/grpcio/grpc/_cython/_cygrpc/thread.pyx.pxi", line 53, in grpc._cython.cygrpc._run_with_context._run
  File "/root/miniforge3/envs/flwr/lib/python3.11/site-packages/grpc/_channel.py", line 1916, in _poll_connectivity
    event = channel.watch_connectivity_state(
            ^^^^^^^^^^^^^^^^^^^^^^^^^^^^^^^^^
  File "src/python/grpcio/grpc/_cython/_cygrpc/channel.pyx.pxi", line 561, in grpc._cython.cygrpc.Channel.watch_connectivity_state
  File "src/python/grpcio/grpc/_cython/_cygrpc/channel.pyx.pxi", line 427, in grpc._cython.cygrpc._watch_connectivity_state
  File "src/python/grpcio/grpc/_cython/_cygrpc/channel.pyx.pxi", line 435, in grpc._cython.cygrpc._watch_connectivity_state
ValueError: Cannot monitor channel state: Channel closed!
Exception in thread Thread-1358 (_run):
Traceback (most recent call last):
  File "/root/miniforge3/envs/flwr/lib/python3.11/threading.py", line 1045, in _bootstrap_inner
    self.run()
  File "/root/miniforge3/envs/flwr/lib/python3.11/threading.py", line 982, in run
    self._target(*self._args, **self._kwargs)
  File "src/python/grpcio/grpc/_cython/_cygrpc/thread.pyx.pxi", line 53, in grpc._cython.cygrpc._run_with_context._run
  File "/root/miniforge3/envs/flwr/lib/python3.11/site-packages/grpc/_channel.py", line 1916, in _poll_connectivity
    event = channel.watch_connectivity_state(
            ^^^^^^^^^^^^^^^^^^^^^^^^^^^^^^^^^
  File "src/python/grpcio/grpc/_cython/_cygrpc/channel.pyx.pxi", line 561, in grpc._cython.cygrpc.Channel.watch_connectivity_state
  File "src/python/grpcio/grpc/_cython/_cygrpc/channel.pyx.pxi", line 427, in grpc._cython.cygrpc._watch_connectivity_state
  File "src/python/grpcio/grpc/_cython/_cygrpc/channel.pyx.pxi", line 435, in grpc._cython.cygrpc._watch_connectivity_state
ValueError: Cannot monitor channel state: Channel closed!
Using the latest cached version of the dataset since fashion_mnist couldn't be found on the Hugging Face Hub
Found the latest cached dataset configuration 'fashion_mnist' at /root/.cache/huggingface/datasets/fashion_mnist/fashion_mnist/0.0.0/531be5e2ccc9dba0c201ad3ae567a4f3d16ecdd2 (last modified on Tue Feb 24 13:59:21 2026).
Using the latest cached version of the dataset since fashion_mnist couldn't be found on the Hugging Face Hub
Found the latest cached dataset configuration 'fashion_mnist' at /root/.cache/huggingface/datasets/fashion_mnist/fashion_mnist/0.0.0/531be5e2ccc9dba0c201ad3ae567a4f3d16ecdd2 (last modified on Tue Feb 24 13:59:21 2026).
Using the latest cached version of the dataset since fashion_mnist couldn't be found on the Hugging Face Hub
Found the latest cached dataset configuration 'fashion_mnist' at /root/.cache/huggingface/datasets/fashion_mnist/fashion_mnist/0.0.0/531be5e2ccc9dba0c201ad3ae567a4f3d16ecdd2 (last modified on Tue Feb 24 13:59:21 2026).
Using the latest cached version of the dataset since fashion_mnist couldn't be found on the Hugging Face Hub
Found the latest cached dataset configuration 'fashion_mnist' at /root/.cache/huggingface/datasets/fashion_mnist/fashion_mnist/0.0.0/531be5e2ccc9dba0c201ad3ae567a4f3d16ecdd2 (last modified on Tue Feb 24 13:59:21 2026).
Using the latest cached version of the dataset since fashion_mnist couldn't be found on the Hugging Face Hub
Found the latest cached dataset configuration 'fashion_mnist' at /root/.cache/huggingface/datasets/fashion_mnist/fashion_mnist/0.0.0/531be5e2ccc9dba0c201ad3ae567a4f3d16ecdd2 (last modified on Tue Feb 24 13:59:21 2026).
Using the latest cached version of the dataset since fashion_mnist couldn't be found on the Hugging Face Hub
Found the latest cached dataset configuration 'fashion_mnist' at /root/.cache/huggingface/datasets/fashion_mnist/fashion_mnist/0.0.0/531be5e2ccc9dba0c201ad3ae567a4f3d16ecdd2 (last modified on Tue Feb 24 13:59:21 2026).
Using the latest cached version of the dataset since fashion_mnist couldn't be found on the Hugging Face Hub
Found the latest cached dataset configuration 'fashion_mnist' at /root/.cache/huggingface/datasets/fashion_mnist/fashion_mnist/0.0.0/531be5e2ccc9dba0c201ad3ae567a4f3d16ecdd2 (last modified on Tue Feb 24 13:59:21 2026).
Using the latest cached version of the dataset since fashion_mnist couldn't be found on the Hugging Face Hub
Found the latest cached dataset configuration 'fashion_mnist' at /root/.cache/huggingface/datasets/fashion_mnist/fashion_mnist/0.0.0/531be5e2ccc9dba0c201ad3ae567a4f3d16ecdd2 (last modified on Tue Feb 24 13:59:21 2026).
Exception in thread Thread-1319 (_run):
Traceback (most recent call last):
  File "/root/miniforge3/envs/flwr/lib/python3.11/threading.py", line 1045, in _bootstrap_inner
    self.run()
  File "/root/miniforge3/envs/flwr/lib/python3.11/threading.py", line 982, in run
    self._target(*self._args, **self._kwargs)
  File "src/python/grpcio/grpc/_cython/_cygrpc/thread.pyx.pxi", line 53, in grpc._cython.cygrpc._run_with_context._run
  File "/root/miniforge3/envs/flwr/lib/python3.11/site-packages/grpc/_channel.py", line 1916, in _poll_connectivity
    event = channel.watch_connectivity_state(
            ^^^^^^^^^^^^^^^^^^^^^^^^^^^^^^^^^
  File "src/python/grpcio/grpc/_cython/_cygrpc/channel.pyx.pxi", line 561, in grpc._cython.cygrpc.Channel.watch_connectivity_state
  File "src/python/grpcio/grpc/_cython/_cygrpc/channel.pyx.pxi", line 427, in grpc._cython.cygrpc._watch_connectivity_state
  File "src/python/grpcio/grpc/_cython/_cygrpc/channel.pyx.pxi", line 435, in grpc._cython.cygrpc._watch_connectivity_state
ValueError: Cannot monitor channel state: Channel closed!
Exception in thread Thread-1293 (_run):
Traceback (most recent call last):
  File "/root/miniforge3/envs/flwr/lib/python3.11/threading.py", line 1045, in _bootstrap_inner
    self.run()
  File "/root/miniforge3/envs/flwr/lib/python3.11/threading.py", line 982, in run
    self._target(*self._args, **self._kwargs)
  File "src/python/grpcio/grpc/_cython/_cygrpc/thread.pyx.pxi", line 53, in grpc._cython.cygrpc._run_with_context._run
  File "/root/miniforge3/envs/flwr/lib/python3.11/site-packages/grpc/_channel.py", line 1916, in _poll_connectivity
    event = channel.watch_connectivity_state(
            ^^^^^^^^^^^^^^^^^^^^^^^^^^^^^^^^^
  File "src/python/grpcio/grpc/_cython/_cygrpc/channel.pyx.pxi", line 561, in grpc._cython.cygrpc.Channel.watch_connectivity_state
  File "src/python/grpcio/grpc/_cython/_cygrpc/channel.pyx.pxi", line 427, in grpc._cython.cygrpc._watch_connectivity_state
  File "src/python/grpcio/grpc/_cython/_cygrpc/channel.pyx.pxi", line 435, in grpc._cython.cygrpc._watch_connectivity_state
ValueError: Cannot monitor channel state: Channel closed!
Exception in thread Thread-1269 (_run):
Traceback (most recent call last):
  File "/root/miniforge3/envs/flwr/lib/python3.11/threading.py", line 1045, in _bootstrap_inner
    self.run()
  File "/root/miniforge3/envs/flwr/lib/python3.11/threading.py", line 982, in run
    self._target(*self._args, **self._kwargs)
  File "src/python/grpcio/grpc/_cython/_cygrpc/thread.pyx.pxi", line 53, in grpc._cython.cygrpc._run_with_context._run
  File "/root/miniforge3/envs/flwr/lib/python3.11/site-packages/grpc/_channel.py", line 1916, in _poll_connectivity
    event = channel.watch_connectivity_state(
            ^^^^^^^^^^^^^^^^^^^^^^^^^^^^^^^^^
  File "src/python/grpcio/grpc/_cython/_cygrpc/channel.pyx.pxi", line 561, in grpc._cython.cygrpc.Channel.watch_connectivity_state
  File "src/python/grpcio/grpc/_cython/_cygrpc/channel.pyx.pxi", line 427, in grpc._cython.cygrpc._watch_connectivity_state
  File "src/python/grpcio/grpc/_cython/_cygrpc/channel.pyx.pxi", line 435, in grpc._cython.cygrpc._watch_connectivity_state
ValueError: Cannot monitor channel state: Channel closed!
Exception in thread Thread-1363 (_run):
Traceback (most recent call last):
  File "/root/miniforge3/envs/flwr/lib/python3.11/threading.py", line 1045, in _bootstrap_inner
    self.run()
  File "/root/miniforge3/envs/flwr/lib/python3.11/threading.py", line 982, in run
    self._target(*self._args, **self._kwargs)
  File "src/python/grpcio/grpc/_cython/_cygrpc/thread.pyx.pxi", line 53, in grpc._cython.cygrpc._run_with_context._run
  File "/root/miniforge3/envs/flwr/lib/python3.11/site-packages/grpc/_channel.py", line 1916, in _poll_connectivity
    event = channel.watch_connectivity_state(
            ^^^^^^^^^^^^^^^^^^^^^^^^^^^^^^^^^
  File "src/python/grpcio/grpc/_cython/_cygrpc/channel.pyx.pxi", line 561, in grpc._cython.cygrpc.Channel.watch_connectivity_state
  File "src/python/grpcio/grpc/_cython/_cygrpc/channel.pyx.pxi", line 427, in grpc._cython.cygrpc._watch_connectivity_state
  File "src/python/grpcio/grpc/_cython/_cygrpc/channel.pyx.pxi", line 435, in grpc._cython.cygrpc._watch_connectivity_state
ValueError: Cannot monitor channel state: Channel closed!
Using the latest cached version of the dataset since fashion_mnist couldn't be found on the Hugging Face Hub
Found the latest cached dataset configuration 'fashion_mnist' at /root/.cache/huggingface/datasets/fashion_mnist/fashion_mnist/0.0.0/531be5e2ccc9dba0c201ad3ae567a4f3d16ecdd2 (last modified on Tue Feb 24 13:59:21 2026).
Using the latest cached version of the dataset since fashion_mnist couldn't be found on the Hugging Face Hub
Found the latest cached dataset configuration 'fashion_mnist' at /root/.cache/huggingface/datasets/fashion_mnist/fashion_mnist/0.0.0/531be5e2ccc9dba0c201ad3ae567a4f3d16ecdd2 (last modified on Tue Feb 24 13:59:21 2026).
Using the latest cached version of the dataset since fashion_mnist couldn't be found on the Hugging Face Hub
Found the latest cached dataset configuration 'fashion_mnist' at /root/.cache/huggingface/datasets/fashion_mnist/fashion_mnist/0.0.0/531be5e2ccc9dba0c201ad3ae567a4f3d16ecdd2 (last modified on Tue Feb 24 13:59:21 2026).
Using the latest cached version of the dataset since fashion_mnist couldn't be found on the Hugging Face Hub
Found the latest cached dataset configuration 'fashion_mnist' at /root/.cache/huggingface/datasets/fashion_mnist/fashion_mnist/0.0.0/531be5e2ccc9dba0c201ad3ae567a4f3d16ecdd2 (last modified on Tue Feb 24 13:59:21 2026).
Using the latest cached version of the dataset since fashion_mnist couldn't be found on the Hugging Face Hub
Found the latest cached dataset configuration 'fashion_mnist' at /root/.cache/huggingface/datasets/fashion_mnist/fashion_mnist/0.0.0/531be5e2ccc9dba0c201ad3ae567a4f3d16ecdd2 (last modified on Tue Feb 24 13:59:21 2026).
Using the latest cached version of the dataset since fashion_mnist couldn't be found on the Hugging Face Hub
Found the latest cached dataset configuration 'fashion_mnist' at /root/.cache/huggingface/datasets/fashion_mnist/fashion_mnist/0.0.0/531be5e2ccc9dba0c201ad3ae567a4f3d16ecdd2 (last modified on Tue Feb 24 13:59:21 2026).
Using the latest cached version of the dataset since fashion_mnist couldn't be found on the Hugging Face Hub
Found the latest cached dataset configuration 'fashion_mnist' at /root/.cache/huggingface/datasets/fashion_mnist/fashion_mnist/0.0.0/531be5e2ccc9dba0c201ad3ae567a4f3d16ecdd2 (last modified on Tue Feb 24 13:59:21 2026).
Using the latest cached version of the dataset since fashion_mnist couldn't be found on the Hugging Face Hub
Found the latest cached dataset configuration 'fashion_mnist' at /root/.cache/huggingface/datasets/fashion_mnist/fashion_mnist/0.0.0/531be5e2ccc9dba0c201ad3ae567a4f3d16ecdd2 (last modified on Tue Feb 24 13:59:21 2026).
Using the latest cached version of the dataset since fashion_mnist couldn't be found on the Hugging Face Hub
Found the latest cached dataset configuration 'fashion_mnist' at /root/.cache/huggingface/datasets/fashion_mnist/fashion_mnist/0.0.0/531be5e2ccc9dba0c201ad3ae567a4f3d16ecdd2 (last modified on Tue Feb 24 13:59:21 2026).
Using the latest cached version of the dataset since fashion_mnist couldn't be found on the Hugging Face Hub
Found the latest cached dataset configuration 'fashion_mnist' at /root/.cache/huggingface/datasets/fashion_mnist/fashion_mnist/0.0.0/531be5e2ccc9dba0c201ad3ae567a4f3d16ecdd2 (last modified on Tue Feb 24 13:59:21 2026).
Exception in thread Thread-1308 (_run):
Traceback (most recent call last):
  File "/root/miniforge3/envs/flwr/lib/python3.11/threading.py", line 1045, in _bootstrap_inner
    self.run()
  File "/root/miniforge3/envs/flwr/lib/python3.11/threading.py", line 982, in run
    self._target(*self._args, **self._kwargs)
  File "src/python/grpcio/grpc/_cython/_cygrpc/thread.pyx.pxi", line 53, in grpc._cython.cygrpc._run_with_context._run
  File "/root/miniforge3/envs/flwr/lib/python3.11/site-packages/grpc/_channel.py", line 1916, in _poll_connectivity
    event = channel.watch_connectivity_state(
            ^^^^^^^^^^^^^^^^^^^^^^^^^^^^^^^^^
  File "src/python/grpcio/grpc/_cython/_cygrpc/channel.pyx.pxi", line 561, in grpc._cython.cygrpc.Channel.watch_connectivity_state
  File "src/python/grpcio/grpc/_cython/_cygrpc/channel.pyx.pxi", line 427, in grpc._cython.cygrpc._watch_connectivity_state
  File "src/python/grpcio/grpc/_cython/_cygrpc/channel.pyx.pxi", line 435, in grpc._cython.cygrpc._watch_connectivity_state
ValueError: Cannot monitor channel state: Channel closed!
Exception in thread Thread-1337 (_run):
Traceback (most recent call last):
  File "/root/miniforge3/envs/flwr/lib/python3.11/threading.py", line 1045, in _bootstrap_inner
    self.run()
  File "/root/miniforge3/envs/flwr/lib/python3.11/threading.py", line 982, in run
    self._target(*self._args, **self._kwargs)
  File "src/python/grpcio/grpc/_cython/_cygrpc/thread.pyx.pxi", line 53, in grpc._cython.cygrpc._run_with_context._run
  File "/root/miniforge3/envs/flwr/lib/python3.11/site-packages/grpc/_channel.py", line 1916, in _poll_connectivity
    event = channel.watch_connectivity_state(
            ^^^^^^^^^^^^^^^^^^^^^^^^^^^^^^^^^
  File "src/python/grpcio/grpc/_cython/_cygrpc/channel.pyx.pxi", line 561, in grpc._cython.cygrpc.Channel.watch_connectivity_state
  File "src/python/grpcio/grpc/_cython/_cygrpc/channel.pyx.pxi", line 427, in grpc._cython.cygrpc._watch_connectivity_state
  File "src/python/grpcio/grpc/_cython/_cygrpc/channel.pyx.pxi", line 435, in grpc._cython.cygrpc._watch_connectivity_state
ValueError: Cannot monitor channel state: Channel closed!
Exception in thread Thread-1406 (_run):
Traceback (most recent call last):
  File "/root/miniforge3/envs/flwr/lib/python3.11/threading.py", line 1045, in _bootstrap_inner
    self.run()
  File "/root/miniforge3/envs/flwr/lib/python3.11/threading.py", line 982, in run
    self._target(*self._args, **self._kwargs)
  File "src/python/grpcio/grpc/_cython/_cygrpc/thread.pyx.pxi", line 53, in grpc._cython.cygrpc._run_with_context._run
  File "/root/miniforge3/envs/flwr/lib/python3.11/site-packages/grpc/_channel.py", line 1916, in _poll_connectivity
    event = channel.watch_connectivity_state(
            ^^^^^^^^^^^^^^^^^^^^^^^^^^^^^^^^^
  File "src/python/grpcio/grpc/_cython/_cygrpc/channel.pyx.pxi", line 561, in grpc._cython.cygrpc.Channel.watch_connectivity_state
  File "src/python/grpcio/grpc/_cython/_cygrpc/channel.pyx.pxi", line 427, in grpc._cython.cygrpc._watch_connectivity_state
  File "src/python/grpcio/grpc/_cython/_cygrpc/channel.pyx.pxi", line 435, in grpc._cython.cygrpc._watch_connectivity_state
ValueError: Cannot monitor channel state: Channel closed!
Exception in thread Thread-1375 (_run):
Traceback (most recent call last):
  File "/root/miniforge3/envs/flwr/lib/python3.11/threading.py", line 1045, in _bootstrap_inner
    self.run()
  File "/root/miniforge3/envs/flwr/lib/python3.11/threading.py", line 982, in run
    self._target(*self._args, **self._kwargs)
  File "src/python/grpcio/grpc/_cython/_cygrpc/thread.pyx.pxi", line 53, in grpc._cython.cygrpc._run_with_context._run
  File "/root/miniforge3/envs/flwr/lib/python3.11/site-packages/grpc/_channel.py", line 1916, in _poll_connectivity
    event = channel.watch_connectivity_state(
            ^^^^^^^^^^^^^^^^^^^^^^^^^^^^^^^^^
  File "src/python/grpcio/grpc/_cython/_cygrpc/channel.pyx.pxi", line 561, in grpc._cython.cygrpc.Channel.watch_connectivity_state
  File "src/python/grpcio/grpc/_cython/_cygrpc/channel.pyx.pxi", line 427, in grpc._cython.cygrpc._watch_connectivity_state
  File "src/python/grpcio/grpc/_cython/_cygrpc/channel.pyx.pxi", line 435, in grpc._cython.cygrpc._watch_connectivity_state
ValueError: Cannot monitor channel state: Channel closed!
Using the latest cached version of the dataset since fashion_mnist couldn't be found on the Hugging Face Hub
Found the latest cached dataset configuration 'fashion_mnist' at /root/.cache/huggingface/datasets/fashion_mnist/fashion_mnist/0.0.0/531be5e2ccc9dba0c201ad3ae567a4f3d16ecdd2 (last modified on Tue Feb 24 13:59:21 2026).
Using the latest cached version of the dataset since fashion_mnist couldn't be found on the Hugging Face Hub
Found the latest cached dataset configuration 'fashion_mnist' at /root/.cache/huggingface/datasets/fashion_mnist/fashion_mnist/0.0.0/531be5e2ccc9dba0c201ad3ae567a4f3d16ecdd2 (last modified on Tue Feb 24 13:59:21 2026).
Using the latest cached version of the dataset since fashion_mnist couldn't be found on the Hugging Face Hub
Found the latest cached dataset configuration 'fashion_mnist' at /root/.cache/huggingface/datasets/fashion_mnist/fashion_mnist/0.0.0/531be5e2ccc9dba0c201ad3ae567a4f3d16ecdd2 (last modified on Tue Feb 24 13:59:21 2026).
Using the latest cached version of the dataset since fashion_mnist couldn't be found on the Hugging Face Hub
Found the latest cached dataset configuration 'fashion_mnist' at /root/.cache/huggingface/datasets/fashion_mnist/fashion_mnist/0.0.0/531be5e2ccc9dba0c201ad3ae567a4f3d16ecdd2 (last modified on Tue Feb 24 13:59:21 2026).
Using the latest cached version of the dataset since fashion_mnist couldn't be found on the Hugging Face Hub
Found the latest cached dataset configuration 'fashion_mnist' at /root/.cache/huggingface/datasets/fashion_mnist/fashion_mnist/0.0.0/531be5e2ccc9dba0c201ad3ae567a4f3d16ecdd2 (last modified on Tue Feb 24 13:59:21 2026).
Using the latest cached version of the dataset since fashion_mnist couldn't be found on the Hugging Face Hub
Found the latest cached dataset configuration 'fashion_mnist' at /root/.cache/huggingface/datasets/fashion_mnist/fashion_mnist/0.0.0/531be5e2ccc9dba0c201ad3ae567a4f3d16ecdd2 (last modified on Tue Feb 24 13:59:21 2026).
Using the latest cached version of the dataset since fashion_mnist couldn't be found on the Hugging Face Hub
Found the latest cached dataset configuration 'fashion_mnist' at /root/.cache/huggingface/datasets/fashion_mnist/fashion_mnist/0.0.0/531be5e2ccc9dba0c201ad3ae567a4f3d16ecdd2 (last modified on Tue Feb 24 13:59:21 2026).
Using the latest cached version of the dataset since fashion_mnist couldn't be found on the Hugging Face Hub
Found the latest cached dataset configuration 'fashion_mnist' at /root/.cache/huggingface/datasets/fashion_mnist/fashion_mnist/0.0.0/531be5e2ccc9dba0c201ad3ae567a4f3d16ecdd2 (last modified on Tue Feb 24 13:59:21 2026).
Using the latest cached version of the dataset since fashion_mnist couldn't be found on the Hugging Face Hub
Found the latest cached dataset configuration 'fashion_mnist' at /root/.cache/huggingface/datasets/fashion_mnist/fashion_mnist/0.0.0/531be5e2ccc9dba0c201ad3ae567a4f3d16ecdd2 (last modified on Tue Feb 24 13:59:21 2026).
Using the latest cached version of the dataset since fashion_mnist couldn't be found on the Hugging Face Hub
Found the latest cached dataset configuration 'fashion_mnist' at /root/.cache/huggingface/datasets/fashion_mnist/fashion_mnist/0.0.0/531be5e2ccc9dba0c201ad3ae567a4f3d16ecdd2 (last modified on Tue Feb 24 13:59:21 2026).
Exception in thread Thread-1344 (_run):
Traceback (most recent call last):
  File "/root/miniforge3/envs/flwr/lib/python3.11/threading.py", line 1045, in _bootstrap_inner
    self.run()
  File "/root/miniforge3/envs/flwr/lib/python3.11/threading.py", line 982, in run
    self._target(*self._args, **self._kwargs)
  File "src/python/grpcio/grpc/_cython/_cygrpc/thread.pyx.pxi", line 53, in grpc._cython.cygrpc._run_with_context._run
  File "/root/miniforge3/envs/flwr/lib/python3.11/site-packages/grpc/_channel.py", line 1916, in _poll_connectivity
    event = channel.watch_connectivity_state(
            ^^^^^^^^^^^^^^^^^^^^^^^^^^^^^^^^^
  File "src/python/grpcio/grpc/_cython/_cygrpc/channel.pyx.pxi", line 561, in grpc._cython.cygrpc.Channel.watch_connectivity_state
  File "src/python/grpcio/grpc/_cython/_cygrpc/channel.pyx.pxi", line 427, in grpc._cython.cygrpc._watch_connectivity_state
  File "src/python/grpcio/grpc/_cython/_cygrpc/channel.pyx.pxi", line 435, in grpc._cython.cygrpc._watch_connectivity_state
ValueError: Cannot monitor channel state: Channel closed!
Exception in thread Thread-1400 (_run):
Traceback (most recent call last):
  File "/root/miniforge3/envs/flwr/lib/python3.11/threading.py", line 1045, in _bootstrap_inner
    self.run()
  File "/root/miniforge3/envs/flwr/lib/python3.11/threading.py", line 982, in run
    self._target(*self._args, **self._kwargs)
  File "src/python/grpcio/grpc/_cython/_cygrpc/thread.pyx.pxi", line 53, in grpc._cython.cygrpc._run_with_context._run
  File "/root/miniforge3/envs/flwr/lib/python3.11/site-packages/grpc/_channel.py", line 1916, in _poll_connectivity
    event = channel.watch_connectivity_state(
            ^^^^^^^^^^^^^^^^^^^^^^^^^^^^^^^^^
  File "src/python/grpcio/grpc/_cython/_cygrpc/channel.pyx.pxi", line 561, in grpc._cython.cygrpc.Channel.watch_connectivity_state
  File "src/python/grpcio/grpc/_cython/_cygrpc/channel.pyx.pxi", line 427, in grpc._cython.cygrpc._watch_connectivity_state
  File "src/python/grpcio/grpc/_cython/_cygrpc/channel.pyx.pxi", line 435, in grpc._cython.cygrpc._watch_connectivity_state
ValueError: Cannot monitor channel state: Channel closed!
Exception in thread Thread-1381 (_run):
Traceback (most recent call last):
  File "/root/miniforge3/envs/flwr/lib/python3.11/threading.py", line 1045, in _bootstrap_inner
    self.run()
  File "/root/miniforge3/envs/flwr/lib/python3.11/threading.py", line 982, in run
    self._target(*self._args, **self._kwargs)
  File "src/python/grpcio/grpc/_cython/_cygrpc/thread.pyx.pxi", line 53, in grpc._cython.cygrpc._run_with_context._run
  File "/root/miniforge3/envs/flwr/lib/python3.11/site-packages/grpc/_channel.py", line 1916, in _poll_connectivity
    event = channel.watch_connectivity_state(
            ^^^^^^^^^^^^^^^^^^^^^^^^^^^^^^^^^
  File "src/python/grpcio/grpc/_cython/_cygrpc/channel.pyx.pxi", line 561, in grpc._cython.cygrpc.Channel.watch_connectivity_state
  File "src/python/grpcio/grpc/_cython/_cygrpc/channel.pyx.pxi", line 427, in grpc._cython.cygrpc._watch_connectivity_state
  File "src/python/grpcio/grpc/_cython/_cygrpc/channel.pyx.pxi", line 435, in grpc._cython.cygrpc._watch_connectivity_state
ValueError: Cannot monitor channel state: Channel closed!
Exception in thread Thread-1418 (_run):
Traceback (most recent call last):
  File "/root/miniforge3/envs/flwr/lib/python3.11/threading.py", line 1045, in _bootstrap_inner
    self.run()
  File "/root/miniforge3/envs/flwr/lib/python3.11/threading.py", line 982, in run
    self._target(*self._args, **self._kwargs)
  File "src/python/grpcio/grpc/_cython/_cygrpc/thread.pyx.pxi", line 53, in grpc._cython.cygrpc._run_with_context._run
  File "/root/miniforge3/envs/flwr/lib/python3.11/site-packages/grpc/_channel.py", line 1916, in _poll_connectivity
    event = channel.watch_connectivity_state(
            ^^^^^^^^^^^^^^^^^^^^^^^^^^^^^^^^^
  File "src/python/grpcio/grpc/_cython/_cygrpc/channel.pyx.pxi", line 561, in grpc._cython.cygrpc.Channel.watch_connectivity_state
  File "src/python/grpcio/grpc/_cython/_cygrpc/channel.pyx.pxi", line 427, in grpc._cython.cygrpc._watch_connectivity_state
  File "src/python/grpcio/grpc/_cython/_cygrpc/channel.pyx.pxi", line 435, in grpc._cython.cygrpc._watch_connectivity_state
ValueError: Cannot monitor channel state: Channel closed!
Exception in thread Thread-1370 (_run):
Exception in thread Thread-1407 (_run):
Traceback (most recent call last):
Traceback (most recent call last):
  File "/root/miniforge3/envs/flwr/lib/python3.11/threading.py", line 1045, in _bootstrap_inner
  File "/root/miniforge3/envs/flwr/lib/python3.11/threading.py", line 1045, in _bootstrap_inner
    self.run()
    self.run()
  File "/root/miniforge3/envs/flwr/lib/python3.11/threading.py", line 982, in run
  File "/root/miniforge3/envs/flwr/lib/python3.11/threading.py", line 982, in run
    self._target(*self._args, **self._kwargs)
    self._target(*self._args, **self._kwargs)
  File "src/python/grpcio/grpc/_cython/_cygrpc/thread.pyx.pxi", line 53, in grpc._cython.cygrpc._run_with_context._run
  File "src/python/grpcio/grpc/_cython/_cygrpc/thread.pyx.pxi", line 53, in grpc._cython.cygrpc._run_with_context._run
  File "/root/miniforge3/envs/flwr/lib/python3.11/site-packages/grpc/_channel.py", line 1916, in _poll_connectivity
  File "/root/miniforge3/envs/flwr/lib/python3.11/site-packages/grpc/_channel.py", line 1916, in _poll_connectivity
    event = channel.watch_connectivity_state(
            ^^^^^^^^^^^^^^^^^^^^^^^^^^^^^^^^^
  File "src/python/grpcio/grpc/_cython/_cygrpc/channel.pyx.pxi", line 561, in grpc._cython.cygrpc.Channel.watch_connectivity_state
    event = channel.watch_connectivity_state(
            ^^^^^^^^^^^^^^^^^^^^^^^^^^^^^^^^^
  File "src/python/grpcio/grpc/_cython/_cygrpc/channel.pyx.pxi", line 561, in grpc._cython.cygrpc.Channel.watch_connectivity_state
  File "src/python/grpcio/grpc/_cython/_cygrpc/channel.pyx.pxi", line 427, in grpc._cython.cygrpc._watch_connectivity_state
  File "src/python/grpcio/grpc/_cython/_cygrpc/channel.pyx.pxi", line 435, in grpc._cython.cygrpc._watch_connectivity_state
  File "src/python/grpcio/grpc/_cython/_cygrpc/channel.pyx.pxi", line 427, in grpc._cython.cygrpc._watch_connectivity_state
ValueError: Cannot monitor channel state: Channel closed!
  File "src/python/grpcio/grpc/_cython/_cygrpc/channel.pyx.pxi", line 435, in grpc._cython.cygrpc._watch_connectivity_state
ValueError: Cannot monitor channel state: Channel closed!
Exception in thread Thread-1367 (_run):
Traceback (most recent call last):
  File "/root/miniforge3/envs/flwr/lib/python3.11/threading.py", line 1045, in _bootstrap_inner
    self.run()
  File "/root/miniforge3/envs/flwr/lib/python3.11/threading.py", line 982, in run
    self._target(*self._args, **self._kwargs)
  File "src/python/grpcio/grpc/_cython/_cygrpc/thread.pyx.pxi", line 53, in grpc._cython.cygrpc._run_with_context._run
  File "/root/miniforge3/envs/flwr/lib/python3.11/site-packages/grpc/_channel.py", line 1916, in _poll_connectivity
    event = channel.watch_connectivity_state(
            ^^^^^^^^^^^^^^^^^^^^^^^^^^^^^^^^^
  File "src/python/grpcio/grpc/_cython/_cygrpc/channel.pyx.pxi", line 561, in grpc._cython.cygrpc.Channel.watch_connectivity_state
  File "src/python/grpcio/grpc/_cython/_cygrpc/channel.pyx.pxi", line 427, in grpc._cython.cygrpc._watch_connectivity_state
  File "src/python/grpcio/grpc/_cython/_cygrpc/channel.pyx.pxi", line 435, in grpc._cython.cygrpc._watch_connectivity_state
ValueError: Cannot monitor channel state: Channel closed!
Exception in thread Thread-1391 (_run):
Traceback (most recent call last):
  File "/root/miniforge3/envs/flwr/lib/python3.11/threading.py", line 1045, in _bootstrap_inner
    self.run()
  File "/root/miniforge3/envs/flwr/lib/python3.11/threading.py", line 982, in run
    self._target(*self._args, **self._kwargs)
  File "src/python/grpcio/grpc/_cython/_cygrpc/thread.pyx.pxi", line 53, in grpc._cython.cygrpc._run_with_context._run
  File "/root/miniforge3/envs/flwr/lib/python3.11/site-packages/grpc/_channel.py", line 1916, in _poll_connectivity
    event = channel.watch_connectivity_state(
            ^^^^^^^^^^^^^^^^^^^^^^^^^^^^^^^^^
  File "src/python/grpcio/grpc/_cython/_cygrpc/channel.pyx.pxi", line 561, in grpc._cython.cygrpc.Channel.watch_connectivity_state
  File "src/python/grpcio/grpc/_cython/_cygrpc/channel.pyx.pxi", line 427, in grpc._cython.cygrpc._watch_connectivity_state
  File "src/python/grpcio/grpc/_cython/_cygrpc/channel.pyx.pxi", line 435, in grpc._cython.cygrpc._watch_connectivity_state
ValueError: Cannot monitor channel state: Channel closed!
Exception in thread Thread-1378 (_run):
Traceback (most recent call last):
  File "/root/miniforge3/envs/flwr/lib/python3.11/threading.py", line 1045, in _bootstrap_inner
    self.run()
  File "/root/miniforge3/envs/flwr/lib/python3.11/threading.py", line 982, in run
    self._target(*self._args, **self._kwargs)
  File "src/python/grpcio/grpc/_cython/_cygrpc/thread.pyx.pxi", line 53, in grpc._cython.cygrpc._run_with_context._run
  File "/root/miniforge3/envs/flwr/lib/python3.11/site-packages/grpc/_channel.py", line 1916, in _poll_connectivity
    event = channel.watch_connectivity_state(
            ^^^^^^^^^^^^^^^^^^^^^^^^^^^^^^^^^
  File "src/python/grpcio/grpc/_cython/_cygrpc/channel.pyx.pxi", line 561, in grpc._cython.cygrpc.Channel.watch_connectivity_state
  File "src/python/grpcio/grpc/_cython/_cygrpc/channel.pyx.pxi", line 427, in grpc._cython.cygrpc._watch_connectivity_state
  File "src/python/grpcio/grpc/_cython/_cygrpc/channel.pyx.pxi", line 435, in grpc._cython.cygrpc._watch_connectivity_state
ValueError: Cannot monitor channel state: Channel closed!
Exception in thread Thread-1394 (_run):
Traceback (most recent call last):
  File "/root/miniforge3/envs/flwr/lib/python3.11/threading.py", line 1045, in _bootstrap_inner
    self.run()
  File "/root/miniforge3/envs/flwr/lib/python3.11/threading.py", line 982, in run
    self._target(*self._args, **self._kwargs)
  File "src/python/grpcio/grpc/_cython/_cygrpc/thread.pyx.pxi", line 53, in grpc._cython.cygrpc._run_with_context._run
  File "/root/miniforge3/envs/flwr/lib/python3.11/site-packages/grpc/_channel.py", line 1916, in _poll_connectivity
    event = channel.watch_connectivity_state(
            ^^^^^^^^^^^^^^^^^^^^^^^^^^^^^^^^^
  File "src/python/grpcio/grpc/_cython/_cygrpc/channel.pyx.pxi", line 561, in grpc._cython.cygrpc.Channel.watch_connectivity_state
  File "src/python/grpcio/grpc/_cython/_cygrpc/channel.pyx.pxi", line 427, in grpc._cython.cygrpc._watch_connectivity_state
  File "src/python/grpcio/grpc/_cython/_cygrpc/channel.pyx.pxi", line 435, in grpc._cython.cygrpc._watch_connectivity_state
ValueError: Cannot monitor channel state: Channel closed!
Exception in thread Thread-1408 (_run):
Traceback (most recent call last):
  File "/root/miniforge3/envs/flwr/lib/python3.11/threading.py", line 1045, in _bootstrap_inner
Exception in thread Thread-1422 (_run):
Traceback (most recent call last):
  File "/root/miniforge3/envs/flwr/lib/python3.11/threading.py", line 1045, in _bootstrap_inner
    self.run()
  File "/root/miniforge3/envs/flwr/lib/python3.11/threading.py", line 982, in run
    self._target(*self._args, **self._kwargs)
  File "src/python/grpcio/grpc/_cython/_cygrpc/thread.pyx.pxi", line 53, in grpc._cython.cygrpc._run_with_context._run
  File "/root/miniforge3/envs/flwr/lib/python3.11/site-packages/grpc/_channel.py", line 1916, in _poll_connectivity
    event = channel.watch_connectivity_state(
            ^^^^^^^^^^^^^^^^^^^^^^^^^^^^^^^^^
  File "src/python/grpcio/grpc/_cython/_cygrpc/channel.pyx.pxi", line 561, in grpc._cython.cygrpc.Channel.watch_connectivity_state
  File "src/python/grpcio/grpc/_cython/_cygrpc/channel.pyx.pxi", line 427, in grpc._cython.cygrpc._watch_connectivity_state
  File "src/python/grpcio/grpc/_cython/_cygrpc/channel.pyx.pxi", line 435, in grpc._cython.cygrpc._watch_connectivity_state
ValueError: Cannot monitor channel state: Channel closed!
    self.run()
  File "/root/miniforge3/envs/flwr/lib/python3.11/threading.py", line 982, in run
    self._target(*self._args, **self._kwargs)
  File "src/python/grpcio/grpc/_cython/_cygrpc/thread.pyx.pxi", line 53, in grpc._cython.cygrpc._run_with_context._run
  File "/root/miniforge3/envs/flwr/lib/python3.11/site-packages/grpc/_channel.py", line 1916, in _poll_connectivity
    event = channel.watch_connectivity_state(
            ^^^^^^^^^^^^^^^^^^^^^^^^^^^^^^^^^
  File "src/python/grpcio/grpc/_cython/_cygrpc/channel.pyx.pxi", line 561, in grpc._cython.cygrpc.Channel.watch_connectivity_state
  File "src/python/grpcio/grpc/_cython/_cygrpc/channel.pyx.pxi", line 427, in grpc._cython.cygrpc._watch_connectivity_state
  File "src/python/grpcio/grpc/_cython/_cygrpc/channel.pyx.pxi", line 435, in grpc._cython.cygrpc._watch_connectivity_state
ValueError: Cannot monitor channel state: Channel closed!
Exception in thread Thread-1386 (_run):
Traceback (most recent call last):
  File "/root/miniforge3/envs/flwr/lib/python3.11/threading.py", line 1045, in _bootstrap_inner
    self.run()
  File "/root/miniforge3/envs/flwr/lib/python3.11/threading.py", line 982, in run
    self._target(*self._args, **self._kwargs)
  File "src/python/grpcio/grpc/_cython/_cygrpc/thread.pyx.pxi", line 53, in grpc._cython.cygrpc._run_with_context._run
  File "/root/miniforge3/envs/flwr/lib/python3.11/site-packages/grpc/_channel.py", line 1916, in _poll_connectivity
    event = channel.watch_connectivity_state(
            ^^^^^^^^^^^^^^^^^^^^^^^^^^^^^^^^^
  File "src/python/grpcio/grpc/_cython/_cygrpc/channel.pyx.pxi", line 561, in grpc._cython.cygrpc.Channel.watch_connectivity_state
  File "src/python/grpcio/grpc/_cython/_cygrpc/channel.pyx.pxi", line 427, in grpc._cython.cygrpc._watch_connectivity_state
  File "src/python/grpcio/grpc/_cython/_cygrpc/channel.pyx.pxi", line 435, in grpc._cython.cygrpc._watch_connectivity_state
ValueError: Cannot monitor channel state: Channel closed!
Exception in thread Thread-1449 (_run):
Traceback (most recent call last):
  File "/root/miniforge3/envs/flwr/lib/python3.11/threading.py", line 1045, in _bootstrap_inner
    self.run()
  File "/root/miniforge3/envs/flwr/lib/python3.11/threading.py", line 982, in run
    self._target(*self._args, **self._kwargs)
  File "src/python/grpcio/grpc/_cython/_cygrpc/thread.pyx.pxi", line 53, in grpc._cython.cygrpc._run_with_context._run
  File "/root/miniforge3/envs/flwr/lib/python3.11/site-packages/grpc/_channel.py", line 1916, in _poll_connectivity
    event = channel.watch_connectivity_state(
            ^^^^^^^^^^^^^^^^^^^^^^^^^^^^^^^^^
  File "src/python/grpcio/grpc/_cython/_cygrpc/channel.pyx.pxi", line 561, in grpc._cython.cygrpc.Channel.watch_connectivity_state
  File "src/python/grpcio/grpc/_cython/_cygrpc/channel.pyx.pxi", line 427, in grpc._cython.cygrpc._watch_connectivity_state
  File "src/python/grpcio/grpc/_cython/_cygrpc/channel.pyx.pxi", line 435, in grpc._cython.cygrpc._watch_connectivity_state
ValueError: Cannot monitor channel state: Channel closed!
Exception in thread Thread-1416 (_run):
Traceback (most recent call last):
  File "/root/miniforge3/envs/flwr/lib/python3.11/threading.py", line 1045, in _bootstrap_inner
    self.run()
  File "/root/miniforge3/envs/flwr/lib/python3.11/threading.py", line 982, in run
    self._target(*self._args, **self._kwargs)
  File "src/python/grpcio/grpc/_cython/_cygrpc/thread.pyx.pxi", line 53, in grpc._cython.cygrpc._run_with_context._run
  File "/root/miniforge3/envs/flwr/lib/python3.11/site-packages/grpc/_channel.py", line 1916, in _poll_connectivity
    event = channel.watch_connectivity_state(
            ^^^^^^^^^^^^^^^^^^^^^^^^^^^^^^^^^
  File "src/python/grpcio/grpc/_cython/_cygrpc/channel.pyx.pxi", line 561, in grpc._cython.cygrpc.Channel.watch_connectivity_state
  File "src/python/grpcio/grpc/_cython/_cygrpc/channel.pyx.pxi", line 427, in grpc._cython.cygrpc._watch_connectivity_state
  File "src/python/grpcio/grpc/_cython/_cygrpc/channel.pyx.pxi", line 435, in grpc._cython.cygrpc._watch_connectivity_state
ValueError: Cannot monitor channel state: Channel closed!
Exception in thread Thread-1490 (_run):
Traceback (most recent call last):
  File "/root/miniforge3/envs/flwr/lib/python3.11/threading.py", line 1045, in _bootstrap_inner
    self.run()
  File "/root/miniforge3/envs/flwr/lib/python3.11/threading.py", line 982, in run
    self._target(*self._args, **self._kwargs)
  File "src/python/grpcio/grpc/_cython/_cygrpc/thread.pyx.pxi", line 53, in grpc._cython.cygrpc._run_with_context._run
  File "/root/miniforge3/envs/flwr/lib/python3.11/site-packages/grpc/_channel.py", line 1916, in _poll_connectivity
    event = channel.watch_connectivity_state(
            ^^^^^^^^^^^^^^^^^^^^^^^^^^^^^^^^^
  File "src/python/grpcio/grpc/_cython/_cygrpc/channel.pyx.pxi", line 561, in grpc._cython.cygrpc.Channel.watch_connectivity_state
  File "src/python/grpcio/grpc/_cython/_cygrpc/channel.pyx.pxi", line 427, in grpc._cython.cygrpc._watch_connectivity_state
  File "src/python/grpcio/grpc/_cython/_cygrpc/channel.pyx.pxi", line 435, in grpc._cython.cygrpc._watch_connectivity_state
ValueError: Cannot monitor channel state: Channel closed!
Exception in thread Thread-1402 (_run):
Traceback (most recent call last):
  File "/root/miniforge3/envs/flwr/lib/python3.11/threading.py", line 1045, in _bootstrap_inner
    self.run()
  File "/root/miniforge3/envs/flwr/lib/python3.11/threading.py", line 982, in run
    self._target(*self._args, **self._kwargs)
  File "src/python/grpcio/grpc/_cython/_cygrpc/thread.pyx.pxi", line 53, in grpc._cython.cygrpc._run_with_context._run
  File "/root/miniforge3/envs/flwr/lib/python3.11/site-packages/grpc/_channel.py", line 1916, in _poll_connectivity
    event = channel.watch_connectivity_state(
            ^^^^^^^^^^^^^^^^^^^^^^^^^^^^^^^^^
  File "src/python/grpcio/grpc/_cython/_cygrpc/channel.pyx.pxi", line 561, in grpc._cython.cygrpc.Channel.watch_connectivity_state
  File "src/python/grpcio/grpc/_cython/_cygrpc/channel.pyx.pxi", line 427, in grpc._cython.cygrpc._watch_connectivity_state
  File "src/python/grpcio/grpc/_cython/_cygrpc/channel.pyx.pxi", line 435, in grpc._cython.cygrpc._watch_connectivity_state
ValueError: Cannot monitor channel state: Channel closed!
Exception in thread Thread-1438 (_run):
Traceback (most recent call last):
  File "/root/miniforge3/envs/flwr/lib/python3.11/threading.py", line 1045, in _bootstrap_inner
    self.run()
  File "/root/miniforge3/envs/flwr/lib/python3.11/threading.py", line 982, in run
    self._target(*self._args, **self._kwargs)
  File "src/python/grpcio/grpc/_cython/_cygrpc/thread.pyx.pxi", line 53, in grpc._cython.cygrpc._run_with_context._run
  File "/root/miniforge3/envs/flwr/lib/python3.11/site-packages/grpc/_channel.py", line 1916, in _poll_connectivity
    event = channel.watch_connectivity_state(
            ^^^^^^^^^^^^^^^^^^^^^^^^^^^^^^^^^
  File "src/python/grpcio/grpc/_cython/_cygrpc/channel.pyx.pxi", line 561, in grpc._cython.cygrpc.Channel.watch_connectivity_state
  File "src/python/grpcio/grpc/_cython/_cygrpc/channel.pyx.pxi", line 427, in grpc._cython.cygrpc._watch_connectivity_state
  File "src/python/grpcio/grpc/_cython/_cygrpc/channel.pyx.pxi", line 435, in grpc._cython.cygrpc._watch_connectivity_state
ValueError: Cannot monitor channel state: Channel closed!
Exception in thread Thread-1433 (_run):
Traceback (most recent call last):
  File "/root/miniforge3/envs/flwr/lib/python3.11/threading.py", line 1045, in _bootstrap_inner
    self.run()
  File "/root/miniforge3/envs/flwr/lib/python3.11/threading.py", line 982, in run
    self._target(*self._args, **self._kwargs)
  File "src/python/grpcio/grpc/_cython/_cygrpc/thread.pyx.pxi", line 53, in grpc._cython.cygrpc._run_with_context._run
  File "/root/miniforge3/envs/flwr/lib/python3.11/site-packages/grpc/_channel.py", line 1916, in _poll_connectivity
    event = channel.watch_connectivity_state(
            ^^^^^^^^^^^^^^^^^^^^^^^^^^^^^^^^^
  File "src/python/grpcio/grpc/_cython/_cygrpc/channel.pyx.pxi", line 561, in grpc._cython.cygrpc.Channel.watch_connectivity_state
  File "src/python/grpcio/grpc/_cython/_cygrpc/channel.pyx.pxi", line 427, in grpc._cython.cygrpc._watch_connectivity_state
  File "src/python/grpcio/grpc/_cython/_cygrpc/channel.pyx.pxi", line 435, in grpc._cython.cygrpc._watch_connectivity_state
ValueError: Cannot monitor channel state: Channel closed!
Exception in thread Thread-1487 (_run):
Traceback (most recent call last):
  File "/root/miniforge3/envs/flwr/lib/python3.11/threading.py", line 1045, in _bootstrap_inner
    self.run()
  File "/root/miniforge3/envs/flwr/lib/python3.11/threading.py", line 982, in run
    self._target(*self._args, **self._kwargs)
  File "src/python/grpcio/grpc/_cython/_cygrpc/thread.pyx.pxi", line 53, in grpc._cython.cygrpc._run_with_context._run
  File "/root/miniforge3/envs/flwr/lib/python3.11/site-packages/grpc/_channel.py", line 1916, in _poll_connectivity
    event = channel.watch_connectivity_state(
            ^^^^^^^^^^^^^^^^^^^^^^^^^^^^^^^^^
  File "src/python/grpcio/grpc/_cython/_cygrpc/channel.pyx.pxi", line 561, in grpc._cython.cygrpc.Channel.watch_connectivity_state
  File "src/python/grpcio/grpc/_cython/_cygrpc/channel.pyx.pxi", line 427, in grpc._cython.cygrpc._watch_connectivity_state
  File "src/python/grpcio/grpc/_cython/_cygrpc/channel.pyx.pxi", line 435, in grpc._cython.cygrpc._watch_connectivity_state
ValueError: Cannot monitor channel state: Channel closed!
Exception in thread Thread-1464 (_run):
Traceback (most recent call last):
  File "/root/miniforge3/envs/flwr/lib/python3.11/threading.py", line 1045, in _bootstrap_inner
    self.run()
  File "/root/miniforge3/envs/flwr/lib/python3.11/threading.py", line 982, in run
    self._target(*self._args, **self._kwargs)
  File "src/python/grpcio/grpc/_cython/_cygrpc/thread.pyx.pxi", line 53, in grpc._cython.cygrpc._run_with_context._run
  File "/root/miniforge3/envs/flwr/lib/python3.11/site-packages/grpc/_channel.py", line 1916, in _poll_connectivity
    event = channel.watch_connectivity_state(
            ^^^^^^^^^^^^^^^^^^^^^^^^^^^^^^^^^
  File "src/python/grpcio/grpc/_cython/_cygrpc/channel.pyx.pxi", line 561, in grpc._cython.cygrpc.Channel.watch_connectivity_state
  File "src/python/grpcio/grpc/_cython/_cygrpc/channel.pyx.pxi", line 427, in grpc._cython.cygrpc._watch_connectivity_state
  File "src/python/grpcio/grpc/_cython/_cygrpc/channel.pyx.pxi", line 435, in grpc._cython.cygrpc._watch_connectivity_state
ValueError: Cannot monitor channel state: Channel closed!
Exception in thread Thread-1424 (_run):
Traceback (most recent call last):
  File "/root/miniforge3/envs/flwr/lib/python3.11/threading.py", line 1045, in _bootstrap_inner
    self.run()
  File "/root/miniforge3/envs/flwr/lib/python3.11/threading.py", line 982, in run
    self._target(*self._args, **self._kwargs)
  File "src/python/grpcio/grpc/_cython/_cygrpc/thread.pyx.pxi", line 53, in grpc._cython.cygrpc._run_with_context._run
  File "/root/miniforge3/envs/flwr/lib/python3.11/site-packages/grpc/_channel.py", line 1916, in _poll_connectivity
    event = channel.watch_connectivity_state(
            ^^^^^^^^^^^^^^^^^^^^^^^^^^^^^^^^^
  File "src/python/grpcio/grpc/_cython/_cygrpc/channel.pyx.pxi", line 561, in grpc._cython.cygrpc.Channel.watch_connectivity_state
  File "src/python/grpcio/grpc/_cython/_cygrpc/channel.pyx.pxi", line 427, in grpc._cython.cygrpc._watch_connectivity_state
  File "src/python/grpcio/grpc/_cython/_cygrpc/channel.pyx.pxi", line 435, in grpc._cython.cygrpc._watch_connectivity_state
ValueError: Cannot monitor channel state: Channel closed!
Exception in thread Thread-1487 (_run):
Traceback (most recent call last):
  File "/root/miniforge3/envs/flwr/lib/python3.11/threading.py", line 1045, in _bootstrap_inner
    self.run()
  File "/root/miniforge3/envs/flwr/lib/python3.11/threading.py", line 982, in run
    self._target(*self._args, **self._kwargs)
  File "src/python/grpcio/grpc/_cython/_cygrpc/thread.pyx.pxi", line 53, in grpc._cython.cygrpc._run_with_context._run
  File "/root/miniforge3/envs/flwr/lib/python3.11/site-packages/grpc/_channel.py", line 1916, in _poll_connectivity
    event = channel.watch_connectivity_state(
            ^^^^^^^^^^^^^^^^^^^^^^^^^^^^^^^^^
  File "src/python/grpcio/grpc/_cython/_cygrpc/channel.pyx.pxi", line 561, in grpc._cython.cygrpc.Channel.watch_connectivity_state
  File "src/python/grpcio/grpc/_cython/_cygrpc/channel.pyx.pxi", line 427, in grpc._cython.cygrpc._watch_connectivity_state
  File "src/python/grpcio/grpc/_cython/_cygrpc/channel.pyx.pxi", line 435, in grpc._cython.cygrpc._watch_connectivity_state
ValueError: Cannot monitor channel state: Channel closed!
Exception in thread Thread-1472 (_run):
Traceback (most recent call last):
  File "/root/miniforge3/envs/flwr/lib/python3.11/threading.py", line 1045, in _bootstrap_inner
    self.run()
  File "/root/miniforge3/envs/flwr/lib/python3.11/threading.py", line 982, in run
    self._target(*self._args, **self._kwargs)
  File "src/python/grpcio/grpc/_cython/_cygrpc/thread.pyx.pxi", line 53, in grpc._cython.cygrpc._run_with_context._run
  File "/root/miniforge3/envs/flwr/lib/python3.11/site-packages/grpc/_channel.py", line 1916, in _poll_connectivity
    event = channel.watch_connectivity_state(
            ^^^^^^^^^^^^^^^^^^^^^^^^^^^^^^^^^
  File "src/python/grpcio/grpc/_cython/_cygrpc/channel.pyx.pxi", line 561, in grpc._cython.cygrpc.Channel.watch_connectivity_state
  File "src/python/grpcio/grpc/_cython/_cygrpc/channel.pyx.pxi", line 427, in grpc._cython.cygrpc._watch_connectivity_state
  File "src/python/grpcio/grpc/_cython/_cygrpc/channel.pyx.pxi", line 435, in grpc._cython.cygrpc._watch_connectivity_state
ValueError: Cannot monitor channel state: Channel closed!
Using the latest cached version of the dataset since fashion_mnist couldn't be found on the Hugging Face Hub
Found the latest cached dataset configuration 'fashion_mnist' at /root/.cache/huggingface/datasets/fashion_mnist/fashion_mnist/0.0.0/531be5e2ccc9dba0c201ad3ae567a4f3d16ecdd2 (last modified on Tue Feb 24 13:59:21 2026).
Using the latest cached version of the dataset since fashion_mnist couldn't be found on the Hugging Face Hub
Found the latest cached dataset configuration 'fashion_mnist' at /root/.cache/huggingface/datasets/fashion_mnist/fashion_mnist/0.0.0/531be5e2ccc9dba0c201ad3ae567a4f3d16ecdd2 (last modified on Tue Feb 24 13:59:21 2026).
Exception in thread Thread-1435 (_run):
Exception in thread Thread-1401 (_run):
Traceback (most recent call last):
  File "/root/miniforge3/envs/flwr/lib/python3.11/threading.py", line 1045, in _bootstrap_inner
    self.run()
  File "/root/miniforge3/envs/flwr/lib/python3.11/threading.py", line 982, in run
Traceback (most recent call last):
  File "/root/miniforge3/envs/flwr/lib/python3.11/threading.py", line 1045, in _bootstrap_inner
    self.run()
  File "/root/miniforge3/envs/flwr/lib/python3.11/threading.py", line 982, in run
    self._target(*self._args, **self._kwargs)
  File "src/python/grpcio/grpc/_cython/_cygrpc/thread.pyx.pxi", line 53, in grpc._cython.cygrpc._run_with_context._run
  File "/root/miniforge3/envs/flwr/lib/python3.11/site-packages/grpc/_channel.py", line 1916, in _poll_connectivity
    event = channel.watch_connectivity_state(
            ^^^^^^^^^^^^^^^^^^^^^^^^^^^^^^^^^
  File "src/python/grpcio/grpc/_cython/_cygrpc/channel.pyx.pxi", line 561, in grpc._cython.cygrpc.Channel.watch_connectivity_state
  File "src/python/grpcio/grpc/_cython/_cygrpc/channel.pyx.pxi", line 427, in grpc._cython.cygrpc._watch_connectivity_state
  File "src/python/grpcio/grpc/_cython/_cygrpc/channel.pyx.pxi", line 435, in grpc._cython.cygrpc._watch_connectivity_state
ValueError: Cannot monitor channel state: Channel closed!
    self._target(*self._args, **self._kwargs)
  File "src/python/grpcio/grpc/_cython/_cygrpc/thread.pyx.pxi", line 53, in grpc._cython.cygrpc._run_with_context._run
  File "/root/miniforge3/envs/flwr/lib/python3.11/site-packages/grpc/_channel.py", line 1916, in _poll_connectivity
    event = channel.watch_connectivity_state(
            ^^^^^^^^^^^^^^^^^^^^^^^^^^^^^^^^^
  File "src/python/grpcio/grpc/_cython/_cygrpc/channel.pyx.pxi", line 561, in grpc._cython.cygrpc.Channel.watch_connectivity_state
  File "src/python/grpcio/grpc/_cython/_cygrpc/channel.pyx.pxi", line 427, in grpc._cython.cygrpc._watch_connectivity_state
  File "src/python/grpcio/grpc/_cython/_cygrpc/channel.pyx.pxi", line 435, in grpc._cython.cygrpc._watch_connectivity_state
ValueError: Cannot monitor channel state: Channel closed!
Exception in thread Thread-1489 (_run):
Traceback (most recent call last):
  File "/root/miniforge3/envs/flwr/lib/python3.11/threading.py", line 1045, in _bootstrap_inner
    self.run()
  File "/root/miniforge3/envs/flwr/lib/python3.11/threading.py", line 982, in run
    self._target(*self._args, **self._kwargs)
  File "src/python/grpcio/grpc/_cython/_cygrpc/thread.pyx.pxi", line 53, in grpc._cython.cygrpc._run_with_context._run
  File "/root/miniforge3/envs/flwr/lib/python3.11/site-packages/grpc/_channel.py", line 1916, in _poll_connectivity
    event = channel.watch_connectivity_state(
            ^^^^^^^^^^^^^^^^^^^^^^^^^^^^^^^^^
  File "src/python/grpcio/grpc/_cython/_cygrpc/channel.pyx.pxi", line 561, in grpc._cython.cygrpc.Channel.watch_connectivity_state
  File "src/python/grpcio/grpc/_cython/_cygrpc/channel.pyx.pxi", line 427, in grpc._cython.cygrpc._watch_connectivity_state
  File "src/python/grpcio/grpc/_cython/_cygrpc/channel.pyx.pxi", line 435, in grpc._cython.cygrpc._watch_connectivity_state
ValueError: Cannot monitor channel state: Channel closed!
Exception in thread Thread-1430 (_run):
Traceback (most recent call last):
  File "/root/miniforge3/envs/flwr/lib/python3.11/threading.py", line 1045, in _bootstrap_inner
    self.run()
  File "/root/miniforge3/envs/flwr/lib/python3.11/threading.py", line 982, in run
    self._target(*self._args, **self._kwargs)
  File "src/python/grpcio/grpc/_cython/_cygrpc/thread.pyx.pxi", line 53, in grpc._cython.cygrpc._run_with_context._run
  File "/root/miniforge3/envs/flwr/lib/python3.11/site-packages/grpc/_channel.py", line 1916, in _poll_connectivity
    event = channel.watch_connectivity_state(
            ^^^^^^^^^^^^^^^^^^^^^^^^^^^^^^^^^
  File "src/python/grpcio/grpc/_cython/_cygrpc/channel.pyx.pxi", line 561, in grpc._cython.cygrpc.Channel.watch_connectivity_state
  File "src/python/grpcio/grpc/_cython/_cygrpc/channel.pyx.pxi", line 427, in grpc._cython.cygrpc._watch_connectivity_state
  File "src/python/grpcio/grpc/_cython/_cygrpc/channel.pyx.pxi", line 435, in grpc._cython.cygrpc._watch_connectivity_state
ValueError: Cannot monitor channel state: Channel closed!
Exception in thread Thread-1492 (_run):
Traceback (most recent call last):
  File "/root/miniforge3/envs/flwr/lib/python3.11/threading.py", line 1045, in _bootstrap_inner
    self.run()
  File "/root/miniforge3/envs/flwr/lib/python3.11/threading.py", line 982, in run
    self._target(*self._args, **self._kwargs)
  File "src/python/grpcio/grpc/_cython/_cygrpc/thread.pyx.pxi", line 53, in grpc._cython.cygrpc._run_with_context._run
  File "/root/miniforge3/envs/flwr/lib/python3.11/site-packages/grpc/_channel.py", line 1916, in _poll_connectivity
    event = channel.watch_connectivity_state(
            ^^^^^^^^^^^^^^^^^^^^^^^^^^^^^^^^^
  File "src/python/grpcio/grpc/_cython/_cygrpc/channel.pyx.pxi", line 561, in grpc._cython.cygrpc.Channel.watch_connectivity_state
  File "src/python/grpcio/grpc/_cython/_cygrpc/channel.pyx.pxi", line 427, in grpc._cython.cygrpc._watch_connectivity_state
  File "src/python/grpcio/grpc/_cython/_cygrpc/channel.pyx.pxi", line 435, in grpc._cython.cygrpc._watch_connectivity_state
ValueError: Cannot monitor channel state: Channel closed!
Exception in thread Thread-1402 (_run):
Traceback (most recent call last):
  File "/root/miniforge3/envs/flwr/lib/python3.11/threading.py", line 1045, in _bootstrap_inner
    self.run()
  File "/root/miniforge3/envs/flwr/lib/python3.11/threading.py", line 982, in run
    self._target(*self._args, **self._kwargs)
  File "src/python/grpcio/grpc/_cython/_cygrpc/thread.pyx.pxi", line 53, in grpc._cython.cygrpc._run_with_context._run
  File "/root/miniforge3/envs/flwr/lib/python3.11/site-packages/grpc/_channel.py", line 1916, in _poll_connectivity
    event = channel.watch_connectivity_state(
            ^^^^^^^^^^^^^^^^^^^^^^^^^^^^^^^^^
  File "src/python/grpcio/grpc/_cython/_cygrpc/channel.pyx.pxi", line 561, in grpc._cython.cygrpc.Channel.watch_connectivity_state
  File "src/python/grpcio/grpc/_cython/_cygrpc/channel.pyx.pxi", line 427, in grpc._cython.cygrpc._watch_connectivity_state
  File "src/python/grpcio/grpc/_cython/_cygrpc/channel.pyx.pxi", line 435, in grpc._cython.cygrpc._watch_connectivity_state
ValueError: Cannot monitor channel state: Channel closed!
Exception in thread Thread-1504 (_run):
Traceback (most recent call last):
  File "/root/miniforge3/envs/flwr/lib/python3.11/threading.py", line 1045, in _bootstrap_inner
    self.run()
  File "/root/miniforge3/envs/flwr/lib/python3.11/threading.py", line 982, in run
    self._target(*self._args, **self._kwargs)
  File "src/python/grpcio/grpc/_cython/_cygrpc/thread.pyx.pxi", line 53, in grpc._cython.cygrpc._run_with_context._run
  File "/root/miniforge3/envs/flwr/lib/python3.11/site-packages/grpc/_channel.py", line 1916, in _poll_connectivity
    event = channel.watch_connectivity_state(
            ^^^^^^^^^^^^^^^^^^^^^^^^^^^^^^^^^
  File "src/python/grpcio/grpc/_cython/_cygrpc/channel.pyx.pxi", line 561, in grpc._cython.cygrpc.Channel.watch_connectivity_state
  File "src/python/grpcio/grpc/_cython/_cygrpc/channel.pyx.pxi", line 427, in grpc._cython.cygrpc._watch_connectivity_state
  File "src/python/grpcio/grpc/_cython/_cygrpc/channel.pyx.pxi", line 435, in grpc._cython.cygrpc._watch_connectivity_state
ValueError: Cannot monitor channel state: Channel closed!
Exception in thread Thread-1481 (_run):
Traceback (most recent call last):
  File "/root/miniforge3/envs/flwr/lib/python3.11/threading.py", line 1045, in _bootstrap_inner
Exception in thread Thread-1499 (_run):
Traceback (most recent call last):
  File "/root/miniforge3/envs/flwr/lib/python3.11/threading.py", line 1045, in _bootstrap_inner
    self.run()
  File "/root/miniforge3/envs/flwr/lib/python3.11/threading.py", line 982, in run
    self.run()
  File "/root/miniforge3/envs/flwr/lib/python3.11/threading.py", line 982, in run
    self._target(*self._args, **self._kwargs)
  File "src/python/grpcio/grpc/_cython/_cygrpc/thread.pyx.pxi", line 53, in grpc._cython.cygrpc._run_with_context._run
    self._target(*self._args, **self._kwargs)
  File "src/python/grpcio/grpc/_cython/_cygrpc/thread.pyx.pxi", line 53, in grpc._cython.cygrpc._run_with_context._run
  File "/root/miniforge3/envs/flwr/lib/python3.11/site-packages/grpc/_channel.py", line 1916, in _poll_connectivity
  File "/root/miniforge3/envs/flwr/lib/python3.11/site-packages/grpc/_channel.py", line 1916, in _poll_connectivity
    event = channel.watch_connectivity_state(
            ^^^^^^^^^^^^^^^^^^^^^^^^^^^^^^^^^
  File "src/python/grpcio/grpc/_cython/_cygrpc/channel.pyx.pxi", line 561, in grpc._cython.cygrpc.Channel.watch_connectivity_state
    event = channel.watch_connectivity_state(
            ^^^^^^^^^^^^^^^^^^^^^^^^^^^^^^^^^
  File "src/python/grpcio/grpc/_cython/_cygrpc/channel.pyx.pxi", line 561, in grpc._cython.cygrpc.Channel.watch_connectivity_state
  File "src/python/grpcio/grpc/_cython/_cygrpc/channel.pyx.pxi", line 427, in grpc._cython.cygrpc._watch_connectivity_state
  File "src/python/grpcio/grpc/_cython/_cygrpc/channel.pyx.pxi", line 427, in grpc._cython.cygrpc._watch_connectivity_state
  File "src/python/grpcio/grpc/_cython/_cygrpc/channel.pyx.pxi", line 435, in grpc._cython.cygrpc._watch_connectivity_state
  File "src/python/grpcio/grpc/_cython/_cygrpc/channel.pyx.pxi", line 435, in grpc._cython.cygrpc._watch_connectivity_state
ValueError: Cannot monitor channel state: Channel closed!
ValueError: Cannot monitor channel state: Channel closed!
Exception in thread Thread-1511 (_run):
Traceback (most recent call last):
  File "/root/miniforge3/envs/flwr/lib/python3.11/threading.py", line 1045, in _bootstrap_inner
    self.run()
  File "/root/miniforge3/envs/flwr/lib/python3.11/threading.py", line 982, in run
    self._target(*self._args, **self._kwargs)
  File "src/python/grpcio/grpc/_cython/_cygrpc/thread.pyx.pxi", line 53, in grpc._cython.cygrpc._run_with_context._run
  File "/root/miniforge3/envs/flwr/lib/python3.11/site-packages/grpc/_channel.py", line 1916, in _poll_connectivity
    event = channel.watch_connectivity_state(
            ^^^^^^^^^^^^^^^^^^^^^^^^^^^^^^^^^
  File "src/python/grpcio/grpc/_cython/_cygrpc/channel.pyx.pxi", line 561, in grpc._cython.cygrpc.Channel.watch_connectivity_state
  File "src/python/grpcio/grpc/_cython/_cygrpc/channel.pyx.pxi", line 427, in grpc._cython.cygrpc._watch_connectivity_state
  File "src/python/grpcio/grpc/_cython/_cygrpc/channel.pyx.pxi", line 435, in grpc._cython.cygrpc._watch_connectivity_state
ValueError: Cannot monitor channel state: Channel closed!
Exception in thread Thread-1528 (_run):
Traceback (most recent call last):
  File "/root/miniforge3/envs/flwr/lib/python3.11/threading.py", line 1045, in _bootstrap_inner
    self.run()
  File "/root/miniforge3/envs/flwr/lib/python3.11/threading.py", line 982, in run
    self._target(*self._args, **self._kwargs)
  File "src/python/grpcio/grpc/_cython/_cygrpc/thread.pyx.pxi", line 53, in grpc._cython.cygrpc._run_with_context._run
  File "/root/miniforge3/envs/flwr/lib/python3.11/site-packages/grpc/_channel.py", line 1916, in _poll_connectivity
    event = channel.watch_connectivity_state(
            ^^^^^^^^^^^^^^^^^^^^^^^^^^^^^^^^^
  File "src/python/grpcio/grpc/_cython/_cygrpc/channel.pyx.pxi", line 561, in grpc._cython.cygrpc.Channel.watch_connectivity_state
  File "src/python/grpcio/grpc/_cython/_cygrpc/channel.pyx.pxi", line 427, in grpc._cython.cygrpc._watch_connectivity_state
  File "src/python/grpcio/grpc/_cython/_cygrpc/channel.pyx.pxi", line 435, in grpc._cython.cygrpc._watch_connectivity_state
ValueError: Cannot monitor channel state: Channel closed!
Exception in thread Thread-1495 (_run):
Traceback (most recent call last):
  File "/root/miniforge3/envs/flwr/lib/python3.11/threading.py", line 1045, in _bootstrap_inner
    self.run()
  File "/root/miniforge3/envs/flwr/lib/python3.11/threading.py", line 982, in run
    self._target(*self._args, **self._kwargs)
  File "src/python/grpcio/grpc/_cython/_cygrpc/thread.pyx.pxi", line 53, in grpc._cython.cygrpc._run_with_context._run
  File "/root/miniforge3/envs/flwr/lib/python3.11/site-packages/grpc/_channel.py", line 1916, in _poll_connectivity
    event = channel.watch_connectivity_state(
            ^^^^^^^^^^^^^^^^^^^^^^^^^^^^^^^^^
  File "src/python/grpcio/grpc/_cython/_cygrpc/channel.pyx.pxi", line 561, in grpc._cython.cygrpc.Channel.watch_connectivity_state
  File "src/python/grpcio/grpc/_cython/_cygrpc/channel.pyx.pxi", line 427, in grpc._cython.cygrpc._watch_connectivity_state
  File "src/python/grpcio/grpc/_cython/_cygrpc/channel.pyx.pxi", line 435, in grpc._cython.cygrpc._watch_connectivity_state
ValueError: Cannot monitor channel state: Channel closed!
Exception in thread Thread-1488 (_run):
Traceback (most recent call last):
  File "/root/miniforge3/envs/flwr/lib/python3.11/threading.py", line 1045, in _bootstrap_inner
    self.run()
  File "/root/miniforge3/envs/flwr/lib/python3.11/threading.py", line 982, in run
    self._target(*self._args, **self._kwargs)
  File "src/python/grpcio/grpc/_cython/_cygrpc/thread.pyx.pxi", line 53, in grpc._cython.cygrpc._run_with_context._run
  File "/root/miniforge3/envs/flwr/lib/python3.11/site-packages/grpc/_channel.py", line 1916, in _poll_connectivity
    event = channel.watch_connectivity_state(
            ^^^^^^^^^^^^^^^^^^^^^^^^^^^^^^^^^
  File "src/python/grpcio/grpc/_cython/_cygrpc/channel.pyx.pxi", line 561, in grpc._cython.cygrpc.Channel.watch_connectivity_state
  File "src/python/grpcio/grpc/_cython/_cygrpc/channel.pyx.pxi", line 427, in grpc._cython.cygrpc._watch_connectivity_state
  File "src/python/grpcio/grpc/_cython/_cygrpc/channel.pyx.pxi", line 435, in grpc._cython.cygrpc._watch_connectivity_state
ValueError: Cannot monitor channel state: Channel closed!
Exception in thread Thread-1457 (_run):
Traceback (most recent call last):
  File "/root/miniforge3/envs/flwr/lib/python3.11/threading.py", line 1045, in _bootstrap_inner
    self.run()
  File "/root/miniforge3/envs/flwr/lib/python3.11/threading.py", line 982, in run
    self._target(*self._args, **self._kwargs)
  File "src/python/grpcio/grpc/_cython/_cygrpc/thread.pyx.pxi", line 53, in grpc._cython.cygrpc._run_with_context._run
  File "/root/miniforge3/envs/flwr/lib/python3.11/site-packages/grpc/_channel.py", line 1916, in _poll_connectivity
    event = channel.watch_connectivity_state(
            ^^^^^^^^^^^^^^^^^^^^^^^^^^^^^^^^^
  File "src/python/grpcio/grpc/_cython/_cygrpc/channel.pyx.pxi", line 561, in grpc._cython.cygrpc.Channel.watch_connectivity_state
  File "src/python/grpcio/grpc/_cython/_cygrpc/channel.pyx.pxi", line 427, in grpc._cython.cygrpc._watch_connectivity_state
  File "src/python/grpcio/grpc/_cython/_cygrpc/channel.pyx.pxi", line 435, in grpc._cython.cygrpc._watch_connectivity_state
ValueError: Cannot monitor channel state: Channel closed!
Exception in thread Thread-1438 (_run):
Traceback (most recent call last):
  File "/root/miniforge3/envs/flwr/lib/python3.11/threading.py", line 1045, in _bootstrap_inner
    self.run()
  File "/root/miniforge3/envs/flwr/lib/python3.11/threading.py", line 982, in run
    self._target(*self._args, **self._kwargs)
  File "src/python/grpcio/grpc/_cython/_cygrpc/thread.pyx.pxi", line 53, in grpc._cython.cygrpc._run_with_context._run
  File "/root/miniforge3/envs/flwr/lib/python3.11/site-packages/grpc/_channel.py", line 1916, in _poll_connectivity
    event = channel.watch_connectivity_state(
            ^^^^^^^^^^^^^^^^^^^^^^^^^^^^^^^^^
  File "src/python/grpcio/grpc/_cython/_cygrpc/channel.pyx.pxi", line 561, in grpc._cython.cygrpc.Channel.watch_connectivity_state
  File "src/python/grpcio/grpc/_cython/_cygrpc/channel.pyx.pxi", line 427, in grpc._cython.cygrpc._watch_connectivity_state
  File "src/python/grpcio/grpc/_cython/_cygrpc/channel.pyx.pxi", line 435, in grpc._cython.cygrpc._watch_connectivity_state
ValueError: Cannot monitor channel state: Channel closed!
Exception in thread Thread-1525 (_run):
Traceback (most recent call last):
  File "/root/miniforge3/envs/flwr/lib/python3.11/threading.py", line 1045, in _bootstrap_inner
    self.run()
  File "/root/miniforge3/envs/flwr/lib/python3.11/threading.py", line 982, in run
    self._target(*self._args, **self._kwargs)
  File "src/python/grpcio/grpc/_cython/_cygrpc/thread.pyx.pxi", line 53, in grpc._cython.cygrpc._run_with_context._run
  File "/root/miniforge3/envs/flwr/lib/python3.11/site-packages/grpc/_channel.py", line 1916, in _poll_connectivity
    event = channel.watch_connectivity_state(
            ^^^^^^^^^^^^^^^^^^^^^^^^^^^^^^^^^
  File "src/python/grpcio/grpc/_cython/_cygrpc/channel.pyx.pxi", line 561, in grpc._cython.cygrpc.Channel.watch_connectivity_state
  File "src/python/grpcio/grpc/_cython/_cygrpc/channel.pyx.pxi", line 427, in grpc._cython.cygrpc._watch_connectivity_state
  File "src/python/grpcio/grpc/_cython/_cygrpc/channel.pyx.pxi", line 435, in grpc._cython.cygrpc._watch_connectivity_state
ValueError: Cannot monitor channel state: Channel closed!
Exception in thread Thread-1517 (_run):
Traceback (most recent call last):
  File "/root/miniforge3/envs/flwr/lib/python3.11/threading.py", line 1045, in _bootstrap_inner
    self.run()
  File "/root/miniforge3/envs/flwr/lib/python3.11/threading.py", line 982, in run
    self._target(*self._args, **self._kwargs)
  File "src/python/grpcio/grpc/_cython/_cygrpc/thread.pyx.pxi", line 53, in grpc._cython.cygrpc._run_with_context._run
  File "/root/miniforge3/envs/flwr/lib/python3.11/site-packages/grpc/_channel.py", line 1916, in _poll_connectivity
    event = channel.watch_connectivity_state(
            ^^^^^^^^^^^^^^^^^^^^^^^^^^^^^^^^^
  File "src/python/grpcio/grpc/_cython/_cygrpc/channel.pyx.pxi", line 561, in grpc._cython.cygrpc.Channel.watch_connectivity_state
  File "src/python/grpcio/grpc/_cython/_cygrpc/channel.pyx.pxi", line 427, in grpc._cython.cygrpc._watch_connectivity_state
  File "src/python/grpcio/grpc/_cython/_cygrpc/channel.pyx.pxi", line 435, in grpc._cython.cygrpc._watch_connectivity_state
ValueError: Cannot monitor channel state: Channel closed!
Exception in thread Thread-1519 (_run):
Traceback (most recent call last):
  File "/root/miniforge3/envs/flwr/lib/python3.11/threading.py", line 1045, in _bootstrap_inner
    self.run()
  File "/root/miniforge3/envs/flwr/lib/python3.11/threading.py", line 982, in run
    self._target(*self._args, **self._kwargs)
  File "src/python/grpcio/grpc/_cython/_cygrpc/thread.pyx.pxi", line 53, in grpc._cython.cygrpc._run_with_context._run
  File "/root/miniforge3/envs/flwr/lib/python3.11/site-packages/grpc/_channel.py", line 1916, in _poll_connectivity
    event = channel.watch_connectivity_state(
            ^^^^^^^^^^^^^^^^^^^^^^^^^^^^^^^^^
  File "src/python/grpcio/grpc/_cython/_cygrpc/channel.pyx.pxi", line 561, in grpc._cython.cygrpc.Channel.watch_connectivity_state
  File "src/python/grpcio/grpc/_cython/_cygrpc/channel.pyx.pxi", line 427, in grpc._cython.cygrpc._watch_connectivity_state
  File "src/python/grpcio/grpc/_cython/_cygrpc/channel.pyx.pxi", line 435, in grpc._cython.cygrpc._watch_connectivity_state
ValueError: Cannot monitor channel state: Channel closed!
Exception in thread Thread-1514 (_run):
Traceback (most recent call last):
  File "/root/miniforge3/envs/flwr/lib/python3.11/threading.py", line 1045, in _bootstrap_inner
Exception in thread Thread-1466 (_run):
    self.run()
Traceback (most recent call last):
  File "/root/miniforge3/envs/flwr/lib/python3.11/threading.py", line 982, in run
  File "/root/miniforge3/envs/flwr/lib/python3.11/threading.py", line 1045, in _bootstrap_inner
    self._target(*self._args, **self._kwargs)
  File "src/python/grpcio/grpc/_cython/_cygrpc/thread.pyx.pxi", line 53, in grpc._cython.cygrpc._run_with_context._run
    self.run()
  File "/root/miniforge3/envs/flwr/lib/python3.11/site-packages/grpc/_channel.py", line 1916, in _poll_connectivity
  File "/root/miniforge3/envs/flwr/lib/python3.11/threading.py", line 982, in run
    event = channel.watch_connectivity_state(
            ^^^^^^^^^^^^^^^^^^^^^^^^^^^^^^^^^
  File "src/python/grpcio/grpc/_cython/_cygrpc/channel.pyx.pxi", line 561, in grpc._cython.cygrpc.Channel.watch_connectivity_state
  File "src/python/grpcio/grpc/_cython/_cygrpc/channel.pyx.pxi", line 427, in grpc._cython.cygrpc._watch_connectivity_state
  File "src/python/grpcio/grpc/_cython/_cygrpc/channel.pyx.pxi", line 435, in grpc._cython.cygrpc._watch_connectivity_state
    self._target(*self._args, **self._kwargs)
  File "src/python/grpcio/grpc/_cython/_cygrpc/thread.pyx.pxi", line 53, in grpc._cython.cygrpc._run_with_context._run
ValueError: Cannot monitor channel state: Channel closed!
  File "/root/miniforge3/envs/flwr/lib/python3.11/site-packages/grpc/_channel.py", line 1916, in _poll_connectivity
    event = channel.watch_connectivity_state(
            ^^^^^^^^^^^^^^^^^^^^^^^^^^^^^^^^^
  File "src/python/grpcio/grpc/_cython/_cygrpc/channel.pyx.pxi", line 561, in grpc._cython.cygrpc.Channel.watch_connectivity_state
  File "src/python/grpcio/grpc/_cython/_cygrpc/channel.pyx.pxi", line 427, in grpc._cython.cygrpc._watch_connectivity_state
  File "src/python/grpcio/grpc/_cython/_cygrpc/channel.pyx.pxi", line 435, in grpc._cython.cygrpc._watch_connectivity_state
ValueError: Cannot monitor channel state: Channel closed!
Exception in thread Thread-1422 (_run):
Traceback (most recent call last):
  File "/root/miniforge3/envs/flwr/lib/python3.11/threading.py", line 1045, in _bootstrap_inner
    self.run()
  File "/root/miniforge3/envs/flwr/lib/python3.11/threading.py", line 982, in run
    self._target(*self._args, **self._kwargs)
  File "src/python/grpcio/grpc/_cython/_cygrpc/thread.pyx.pxi", line 53, in grpc._cython.cygrpc._run_with_context._run
  File "/root/miniforge3/envs/flwr/lib/python3.11/site-packages/grpc/_channel.py", line 1916, in _poll_connectivity
    event = channel.watch_connectivity_state(
            ^^^^^^^^^^^^^^^^^^^^^^^^^^^^^^^^^
  File "src/python/grpcio/grpc/_cython/_cygrpc/channel.pyx.pxi", line 561, in grpc._cython.cygrpc.Channel.watch_connectivity_state
  File "src/python/grpcio/grpc/_cython/_cygrpc/channel.pyx.pxi", line 427, in grpc._cython.cygrpc._watch_connectivity_state
  File "src/python/grpcio/grpc/_cython/_cygrpc/channel.pyx.pxi", line 435, in grpc._cython.cygrpc._watch_connectivity_state
ValueError: Cannot monitor channel state: Channel closed!
Exception in thread Thread-1468 (_run):
Traceback (most recent call last):
  File "/root/miniforge3/envs/flwr/lib/python3.11/threading.py", line 1045, in _bootstrap_inner
    self.run()
  File "/root/miniforge3/envs/flwr/lib/python3.11/threading.py", line 982, in run
    self._target(*self._args, **self._kwargs)
  File "src/python/grpcio/grpc/_cython/_cygrpc/thread.pyx.pxi", line 53, in grpc._cython.cygrpc._run_with_context._run
  File "/root/miniforge3/envs/flwr/lib/python3.11/site-packages/grpc/_channel.py", line 1916, in _poll_connectivity
    event = channel.watch_connectivity_state(
            ^^^^^^^^^^^^^^^^^^^^^^^^^^^^^^^^^
  File "src/python/grpcio/grpc/_cython/_cygrpc/channel.pyx.pxi", line 561, in grpc._cython.cygrpc.Channel.watch_connectivity_state
  File "src/python/grpcio/grpc/_cython/_cygrpc/channel.pyx.pxi", line 427, in grpc._cython.cygrpc._watch_connectivity_state
  File "src/python/grpcio/grpc/_cython/_cygrpc/channel.pyx.pxi", line 435, in grpc._cython.cygrpc._watch_connectivity_state
ValueError: Cannot monitor channel state: Channel closed!
Using the latest cached version of the dataset since fashion_mnist couldn't be found on the Hugging Face Hub
Found the latest cached dataset configuration 'fashion_mnist' at /root/.cache/huggingface/datasets/fashion_mnist/fashion_mnist/0.0.0/531be5e2ccc9dba0c201ad3ae567a4f3d16ecdd2 (last modified on Tue Feb 24 13:59:21 2026).
Using the latest cached version of the dataset since fashion_mnist couldn't be found on the Hugging Face Hub
Found the latest cached dataset configuration 'fashion_mnist' at /root/.cache/huggingface/datasets/fashion_mnist/fashion_mnist/0.0.0/531be5e2ccc9dba0c201ad3ae567a4f3d16ecdd2 (last modified on Tue Feb 24 13:59:21 2026).
Using the latest cached version of the dataset since fashion_mnist couldn't be found on the Hugging Face Hub
Using the latest cached version of the dataset since fashion_mnist couldn't be found on the Hugging Face Hub
Found the latest cached dataset configuration 'fashion_mnist' at /root/.cache/huggingface/datasets/fashion_mnist/fashion_mnist/0.0.0/531be5e2ccc9dba0c201ad3ae567a4f3d16ecdd2 (last modified on Tue Feb 24 13:59:21 2026).
Found the latest cached dataset configuration 'fashion_mnist' at /root/.cache/huggingface/datasets/fashion_mnist/fashion_mnist/0.0.0/531be5e2ccc9dba0c201ad3ae567a4f3d16ecdd2 (last modified on Tue Feb 24 13:59:21 2026).
Using the latest cached version of the dataset since fashion_mnist couldn't be found on the Hugging Face Hub
Found the latest cached dataset configuration 'fashion_mnist' at /root/.cache/huggingface/datasets/fashion_mnist/fashion_mnist/0.0.0/531be5e2ccc9dba0c201ad3ae567a4f3d16ecdd2 (last modified on Tue Feb 24 13:59:21 2026).
Using the latest cached version of the dataset since fashion_mnist couldn't be found on the Hugging Face Hub
Found the latest cached dataset configuration 'fashion_mnist' at /root/.cache/huggingface/datasets/fashion_mnist/fashion_mnist/0.0.0/531be5e2ccc9dba0c201ad3ae567a4f3d16ecdd2 (last modified on Tue Feb 24 13:59:21 2026).
Using the latest cached version of the dataset since fashion_mnist couldn't be found on the Hugging Face Hub
Found the latest cached dataset configuration 'fashion_mnist' at /root/.cache/huggingface/datasets/fashion_mnist/fashion_mnist/0.0.0/531be5e2ccc9dba0c201ad3ae567a4f3d16ecdd2 (last modified on Tue Feb 24 13:59:21 2026).
Exception in thread Thread-1536 (_run):
Traceback (most recent call last):
  File "/root/miniforge3/envs/flwr/lib/python3.11/threading.py", line 1045, in _bootstrap_inner
    self.run()
  File "/root/miniforge3/envs/flwr/lib/python3.11/threading.py", line 982, in run
    self._target(*self._args, **self._kwargs)
  File "src/python/grpcio/grpc/_cython/_cygrpc/thread.pyx.pxi", line 53, in grpc._cython.cygrpc._run_with_context._run
  File "/root/miniforge3/envs/flwr/lib/python3.11/site-packages/grpc/_channel.py", line 1916, in _poll_connectivity
    event = channel.watch_connectivity_state(
            ^^^^^^^^^^^^^^^^^^^^^^^^^^^^^^^^^
  File "src/python/grpcio/grpc/_cython/_cygrpc/channel.pyx.pxi", line 561, in grpc._cython.cygrpc.Channel.watch_connectivity_state
  File "src/python/grpcio/grpc/_cython/_cygrpc/channel.pyx.pxi", line 427, in grpc._cython.cygrpc._watch_connectivity_state
  File "src/python/grpcio/grpc/_cython/_cygrpc/channel.pyx.pxi", line 435, in grpc._cython.cygrpc._watch_connectivity_state
ValueError: Cannot monitor channel state: Channel closed!
Exception in thread Thread-1459 (_run):
Traceback (most recent call last):
  File "/root/miniforge3/envs/flwr/lib/python3.11/threading.py", line 1045, in _bootstrap_inner
    self.run()
  File "/root/miniforge3/envs/flwr/lib/python3.11/threading.py", line 982, in run
    self._target(*self._args, **self._kwargs)
  File "src/python/grpcio/grpc/_cython/_cygrpc/thread.pyx.pxi", line 53, in grpc._cython.cygrpc._run_with_context._run
  File "/root/miniforge3/envs/flwr/lib/python3.11/site-packages/grpc/_channel.py", line 1916, in _poll_connectivity
    event = channel.watch_connectivity_state(
            ^^^^^^^^^^^^^^^^^^^^^^^^^^^^^^^^^
  File "src/python/grpcio/grpc/_cython/_cygrpc/channel.pyx.pxi", line 561, in grpc._cython.cygrpc.Channel.watch_connectivity_state
  File "src/python/grpcio/grpc/_cython/_cygrpc/channel.pyx.pxi", line 427, in grpc._cython.cygrpc._watch_connectivity_state
  File "src/python/grpcio/grpc/_cython/_cygrpc/channel.pyx.pxi", line 435, in grpc._cython.cygrpc._watch_connectivity_state
ValueError: Cannot monitor channel state: Channel closed!
Using the latest cached version of the dataset since fashion_mnist couldn't be found on the Hugging Face Hub
Found the latest cached dataset configuration 'fashion_mnist' at /root/.cache/huggingface/datasets/fashion_mnist/fashion_mnist/0.0.0/531be5e2ccc9dba0c201ad3ae567a4f3d16ecdd2 (last modified on Tue Feb 24 13:59:21 2026).
Using the latest cached version of the dataset since fashion_mnist couldn't be found on the Hugging Face Hub
Found the latest cached dataset configuration 'fashion_mnist' at /root/.cache/huggingface/datasets/fashion_mnist/fashion_mnist/0.0.0/531be5e2ccc9dba0c201ad3ae567a4f3d16ecdd2 (last modified on Tue Feb 24 13:59:21 2026).
Using the latest cached version of the dataset since fashion_mnist couldn't be found on the Hugging Face Hub
Found the latest cached dataset configuration 'fashion_mnist' at /root/.cache/huggingface/datasets/fashion_mnist/fashion_mnist/0.0.0/531be5e2ccc9dba0c201ad3ae567a4f3d16ecdd2 (last modified on Tue Feb 24 13:59:21 2026).
Using the latest cached version of the dataset since fashion_mnist couldn't be found on the Hugging Face Hub
Found the latest cached dataset configuration 'fashion_mnist' at /root/.cache/huggingface/datasets/fashion_mnist/fashion_mnist/0.0.0/531be5e2ccc9dba0c201ad3ae567a4f3d16ecdd2 (last modified on Tue Feb 24 13:59:21 2026).
Using the latest cached version of the dataset since fashion_mnist couldn't be found on the Hugging Face Hub
Found the latest cached dataset configuration 'fashion_mnist' at /root/.cache/huggingface/datasets/fashion_mnist/fashion_mnist/0.0.0/531be5e2ccc9dba0c201ad3ae567a4f3d16ecdd2 (last modified on Tue Feb 24 13:59:21 2026).
Using the latest cached version of the dataset since fashion_mnist couldn't be found on the Hugging Face Hub
Found the latest cached dataset configuration 'fashion_mnist' at /root/.cache/huggingface/datasets/fashion_mnist/fashion_mnist/0.0.0/531be5e2ccc9dba0c201ad3ae567a4f3d16ecdd2 (last modified on Tue Feb 24 13:59:21 2026).
Using the latest cached version of the dataset since fashion_mnist couldn't be found on the Hugging Face Hub
Found the latest cached dataset configuration 'fashion_mnist' at /root/.cache/huggingface/datasets/fashion_mnist/fashion_mnist/0.0.0/531be5e2ccc9dba0c201ad3ae567a4f3d16ecdd2 (last modified on Tue Feb 24 13:59:21 2026).
Using the latest cached version of the dataset since fashion_mnist couldn't be found on the Hugging Face Hub
Found the latest cached dataset configuration 'fashion_mnist' at /root/.cache/huggingface/datasets/fashion_mnist/fashion_mnist/0.0.0/531be5e2ccc9dba0c201ad3ae567a4f3d16ecdd2 (last modified on Tue Feb 24 13:59:21 2026).
Using the latest cached version of the dataset since fashion_mnist couldn't be found on the Hugging Face Hub
Found the latest cached dataset configuration 'fashion_mnist' at /root/.cache/huggingface/datasets/fashion_mnist/fashion_mnist/0.0.0/531be5e2ccc9dba0c201ad3ae567a4f3d16ecdd2 (last modified on Tue Feb 24 13:59:21 2026).
Using the latest cached version of the dataset since fashion_mnist couldn't be found on the Hugging Face Hub
Found the latest cached dataset configuration 'fashion_mnist' at /root/.cache/huggingface/datasets/fashion_mnist/fashion_mnist/0.0.0/531be5e2ccc9dba0c201ad3ae567a4f3d16ecdd2 (last modified on Tue Feb 24 13:59:21 2026).
Exception in thread Thread-1539 (_run):
Traceback (most recent call last):
  File "/root/miniforge3/envs/flwr/lib/python3.11/threading.py", line 1045, in _bootstrap_inner
    self.run()
  File "/root/miniforge3/envs/flwr/lib/python3.11/threading.py", line 982, in run
    self._target(*self._args, **self._kwargs)
  File "src/python/grpcio/grpc/_cython/_cygrpc/thread.pyx.pxi", line 53, in grpc._cython.cygrpc._run_with_context._run
  File "/root/miniforge3/envs/flwr/lib/python3.11/site-packages/grpc/_channel.py", line 1916, in _poll_connectivity
    event = channel.watch_connectivity_state(
            ^^^^^^^^^^^^^^^^^^^^^^^^^^^^^^^^^
  File "src/python/grpcio/grpc/_cython/_cygrpc/channel.pyx.pxi", line 561, in grpc._cython.cygrpc.Channel.watch_connectivity_state
  File "src/python/grpcio/grpc/_cython/_cygrpc/channel.pyx.pxi", line 427, in grpc._cython.cygrpc._watch_connectivity_state
  File "src/python/grpcio/grpc/_cython/_cygrpc/channel.pyx.pxi", line 435, in grpc._cython.cygrpc._watch_connectivity_state
ValueError: Cannot monitor channel state: Channel closed!
Exception in thread Thread-1487 (_run):
Traceback (most recent call last):
  File "/root/miniforge3/envs/flwr/lib/python3.11/threading.py", line 1045, in _bootstrap_inner
    self.run()
  File "/root/miniforge3/envs/flwr/lib/python3.11/threading.py", line 982, in run
    self._target(*self._args, **self._kwargs)
  File "src/python/grpcio/grpc/_cython/_cygrpc/thread.pyx.pxi", line 53, in grpc._cython.cygrpc._run_with_context._run
  File "/root/miniforge3/envs/flwr/lib/python3.11/site-packages/grpc/_channel.py", line 1916, in _poll_connectivity
    event = channel.watch_connectivity_state(
            ^^^^^^^^^^^^^^^^^^^^^^^^^^^^^^^^^
  File "src/python/grpcio/grpc/_cython/_cygrpc/channel.pyx.pxi", line 561, in grpc._cython.cygrpc.Channel.watch_connectivity_state
  File "src/python/grpcio/grpc/_cython/_cygrpc/channel.pyx.pxi", line 427, in grpc._cython.cygrpc._watch_connectivity_state
  File "src/python/grpcio/grpc/_cython/_cygrpc/channel.pyx.pxi", line 435, in grpc._cython.cygrpc._watch_connectivity_state
ValueError: Cannot monitor channel state: Channel closed!
Exception in thread Thread-1574 (_run):
Traceback (most recent call last):
  File "/root/miniforge3/envs/flwr/lib/python3.11/threading.py", line 1045, in _bootstrap_inner
    self.run()
  File "/root/miniforge3/envs/flwr/lib/python3.11/threading.py", line 982, in run
    self._target(*self._args, **self._kwargs)
  File "src/python/grpcio/grpc/_cython/_cygrpc/thread.pyx.pxi", line 53, in grpc._cython.cygrpc._run_with_context._run
  File "/root/miniforge3/envs/flwr/lib/python3.11/site-packages/grpc/_channel.py", line 1916, in _poll_connectivity
    event = channel.watch_connectivity_state(
            ^^^^^^^^^^^^^^^^^^^^^^^^^^^^^^^^^
  File "src/python/grpcio/grpc/_cython/_cygrpc/channel.pyx.pxi", line 561, in grpc._cython.cygrpc.Channel.watch_connectivity_state
  File "src/python/grpcio/grpc/_cython/_cygrpc/channel.pyx.pxi", line 427, in grpc._cython.cygrpc._watch_connectivity_state
  File "src/python/grpcio/grpc/_cython/_cygrpc/channel.pyx.pxi", line 435, in grpc._cython.cygrpc._watch_connectivity_state
ValueError: Cannot monitor channel state: Channel closed!
Exception in thread Thread-1518 (_run):
Traceback (most recent call last):
  File "/root/miniforge3/envs/flwr/lib/python3.11/threading.py", line 1045, in _bootstrap_inner
    self.run()
  File "/root/miniforge3/envs/flwr/lib/python3.11/threading.py", line 982, in run
    self._target(*self._args, **self._kwargs)
  File "src/python/grpcio/grpc/_cython/_cygrpc/thread.pyx.pxi", line 53, in grpc._cython.cygrpc._run_with_context._run
  File "/root/miniforge3/envs/flwr/lib/python3.11/site-packages/grpc/_channel.py", line 1916, in _poll_connectivity
    event = channel.watch_connectivity_state(
            ^^^^^^^^^^^^^^^^^^^^^^^^^^^^^^^^^
  File "src/python/grpcio/grpc/_cython/_cygrpc/channel.pyx.pxi", line 561, in grpc._cython.cygrpc.Channel.watch_connectivity_state
  File "src/python/grpcio/grpc/_cython/_cygrpc/channel.pyx.pxi", line 427, in grpc._cython.cygrpc._watch_connectivity_state
  File "src/python/grpcio/grpc/_cython/_cygrpc/channel.pyx.pxi", line 435, in grpc._cython.cygrpc._watch_connectivity_state
ValueError: Cannot monitor channel state: Channel closed!
Exception in thread Thread-1541 (_run):
Traceback (most recent call last):
  File "/root/miniforge3/envs/flwr/lib/python3.11/threading.py", line 1045, in _bootstrap_inner
    self.run()
  File "/root/miniforge3/envs/flwr/lib/python3.11/threading.py", line 982, in run
    self._target(*self._args, **self._kwargs)
  File "src/python/grpcio/grpc/_cython/_cygrpc/thread.pyx.pxi", line 53, in grpc._cython.cygrpc._run_with_context._run
  File "/root/miniforge3/envs/flwr/lib/python3.11/site-packages/grpc/_channel.py", line 1916, in _poll_connectivity
    event = channel.watch_connectivity_state(
            ^^^^^^^^^^^^^^^^^^^^^^^^^^^^^^^^^
  File "src/python/grpcio/grpc/_cython/_cygrpc/channel.pyx.pxi", line 561, in grpc._cython.cygrpc.Channel.watch_connectivity_state
  File "src/python/grpcio/grpc/_cython/_cygrpc/channel.pyx.pxi", line 427, in grpc._cython.cygrpc._watch_connectivity_state
  File "src/python/grpcio/grpc/_cython/_cygrpc/channel.pyx.pxi", line 435, in grpc._cython.cygrpc._watch_connectivity_state
ValueError: Cannot monitor channel state: Channel closed!
Exception in thread Thread-1497 (_run):
Traceback (most recent call last):
  File "/root/miniforge3/envs/flwr/lib/python3.11/threading.py", line 1045, in _bootstrap_inner
    self.run()
  File "/root/miniforge3/envs/flwr/lib/python3.11/threading.py", line 982, in run
    self._target(*self._args, **self._kwargs)
  File "src/python/grpcio/grpc/_cython/_cygrpc/thread.pyx.pxi", line 53, in grpc._cython.cygrpc._run_with_context._run
  File "/root/miniforge3/envs/flwr/lib/python3.11/site-packages/grpc/_channel.py", line 1916, in _poll_connectivity
    event = channel.watch_connectivity_state(
            ^^^^^^^^^^^^^^^^^^^^^^^^^^^^^^^^^
  File "src/python/grpcio/grpc/_cython/_cygrpc/channel.pyx.pxi", line 561, in grpc._cython.cygrpc.Channel.watch_connectivity_state
  File "src/python/grpcio/grpc/_cython/_cygrpc/channel.pyx.pxi", line 427, in grpc._cython.cygrpc._watch_connectivity_state
  File "src/python/grpcio/grpc/_cython/_cygrpc/channel.pyx.pxi", line 435, in grpc._cython.cygrpc._watch_connectivity_state
ValueError: Cannot monitor channel state: Channel closed!
Exception in thread Thread-1520 (_run):
Traceback (most recent call last):
  File "/root/miniforge3/envs/flwr/lib/python3.11/threading.py", line 1045, in _bootstrap_inner
    self.run()
  File "/root/miniforge3/envs/flwr/lib/python3.11/threading.py", line 982, in run
    self._target(*self._args, **self._kwargs)
  File "src/python/grpcio/grpc/_cython/_cygrpc/thread.pyx.pxi", line 53, in grpc._cython.cygrpc._run_with_context._run
  File "/root/miniforge3/envs/flwr/lib/python3.11/site-packages/grpc/_channel.py", line 1916, in _poll_connectivity
    event = channel.watch_connectivity_state(
            ^^^^^^^^^^^^^^^^^^^^^^^^^^^^^^^^^
  File "src/python/grpcio/grpc/_cython/_cygrpc/channel.pyx.pxi", line 561, in grpc._cython.cygrpc.Channel.watch_connectivity_state
  File "src/python/grpcio/grpc/_cython/_cygrpc/channel.pyx.pxi", line 427, in grpc._cython.cygrpc._watch_connectivity_state
  File "src/python/grpcio/grpc/_cython/_cygrpc/channel.pyx.pxi", line 435, in grpc._cython.cygrpc._watch_connectivity_state
ValueError: Cannot monitor channel state: Channel closed!
Exception in thread Thread-1464 (_run):
Traceback (most recent call last):
  File "/root/miniforge3/envs/flwr/lib/python3.11/threading.py", line 1045, in _bootstrap_inner
    self.run()
  File "/root/miniforge3/envs/flwr/lib/python3.11/threading.py", line 982, in run
    self._target(*self._args, **self._kwargs)
  File "src/python/grpcio/grpc/_cython/_cygrpc/thread.pyx.pxi", line 53, in grpc._cython.cygrpc._run_with_context._run
  File "/root/miniforge3/envs/flwr/lib/python3.11/site-packages/grpc/_channel.py", line 1916, in _poll_connectivity
    event = channel.watch_connectivity_state(
            ^^^^^^^^^^^^^^^^^^^^^^^^^^^^^^^^^
  File "src/python/grpcio/grpc/_cython/_cygrpc/channel.pyx.pxi", line 561, in grpc._cython.cygrpc.Channel.watch_connectivity_state
  File "src/python/grpcio/grpc/_cython/_cygrpc/channel.pyx.pxi", line 427, in grpc._cython.cygrpc._watch_connectivity_state
  File "src/python/grpcio/grpc/_cython/_cygrpc/channel.pyx.pxi", line 435, in grpc._cython.cygrpc._watch_connectivity_state
ValueError: Cannot monitor channel state: Channel closed!
Exception in thread Thread-1551 (_run):
Traceback (most recent call last):
  File "/root/miniforge3/envs/flwr/lib/python3.11/threading.py", line 1045, in _bootstrap_inner
    self.run()
  File "/root/miniforge3/envs/flwr/lib/python3.11/threading.py", line 982, in run
    self._target(*self._args, **self._kwargs)
  File "src/python/grpcio/grpc/_cython/_cygrpc/thread.pyx.pxi", line 53, in grpc._cython.cygrpc._run_with_context._run
  File "/root/miniforge3/envs/flwr/lib/python3.11/site-packages/grpc/_channel.py", line 1916, in _poll_connectivity
    event = channel.watch_connectivity_state(
            ^^^^^^^^^^^^^^^^^^^^^^^^^^^^^^^^^
  File "src/python/grpcio/grpc/_cython/_cygrpc/channel.pyx.pxi", line 561, in grpc._cython.cygrpc.Channel.watch_connectivity_state
  File "src/python/grpcio/grpc/_cython/_cygrpc/channel.pyx.pxi", line 427, in grpc._cython.cygrpc._watch_connectivity_state
  File "src/python/grpcio/grpc/_cython/_cygrpc/channel.pyx.pxi", line 435, in grpc._cython.cygrpc._watch_connectivity_state
ValueError: Cannot monitor channel state: Channel closed!
Exception in thread Thread-1589 (_run):
Traceback (most recent call last):
  File "/root/miniforge3/envs/flwr/lib/python3.11/threading.py", line 1045, in _bootstrap_inner
    self.run()
  File "/root/miniforge3/envs/flwr/lib/python3.11/threading.py", line 982, in run
    self._target(*self._args, **self._kwargs)
  File "src/python/grpcio/grpc/_cython/_cygrpc/thread.pyx.pxi", line 53, in grpc._cython.cygrpc._run_with_context._run
  File "/root/miniforge3/envs/flwr/lib/python3.11/site-packages/grpc/_channel.py", line 1931, in _poll_connectivity
    connectivity = channel.check_connectivity_state(try_to_connect)
                   ^^^^^^^^^^^^^^^^^^^^^^^^^^^^^^^^^^^^^^^^^^^^^^^^
  File "src/python/grpcio/grpc/_cython/_cygrpc/channel.pyx.pxi", line 552, in grpc._cython.cygrpc.Channel.check_connectivity_state
  File "src/python/grpcio/grpc/_cython/_cygrpc/channel.pyx.pxi", line 557, in grpc._cython.cygrpc.Channel.check_connectivity_state
ValueError: Cannot invoke RPC: Channel closed!
Exception in thread Thread-1579 (_run):
Traceback (most recent call last):
  File "/root/miniforge3/envs/flwr/lib/python3.11/threading.py", line 1045, in _bootstrap_inner
    self.run()
  File "/root/miniforge3/envs/flwr/lib/python3.11/threading.py", line 982, in run
    self._target(*self._args, **self._kwargs)
  File "src/python/grpcio/grpc/_cython/_cygrpc/thread.pyx.pxi", line 53, in grpc._cython.cygrpc._run_with_context._run
  File "/root/miniforge3/envs/flwr/lib/python3.11/site-packages/grpc/_channel.py", line 1916, in _poll_connectivity
    event = channel.watch_connectivity_state(
            ^^^^^^^^^^^^^^^^^^^^^^^^^^^^^^^^^
  File "src/python/grpcio/grpc/_cython/_cygrpc/channel.pyx.pxi", line 561, in grpc._cython.cygrpc.Channel.watch_connectivity_state
  File "src/python/grpcio/grpc/_cython/_cygrpc/channel.pyx.pxi", line 427, in grpc._cython.cygrpc._watch_connectivity_state
  File "src/python/grpcio/grpc/_cython/_cygrpc/channel.pyx.pxi", line 435, in grpc._cython.cygrpc._watch_connectivity_state
ValueError: Cannot monitor channel state: Channel closed!
Exception in thread Thread-1529 (_run):
Traceback (most recent call last):
  File "/root/miniforge3/envs/flwr/lib/python3.11/threading.py", line 1045, in _bootstrap_inner
    self.run()
  File "/root/miniforge3/envs/flwr/lib/python3.11/threading.py", line 982, in run
    self._target(*self._args, **self._kwargs)
  File "src/python/grpcio/grpc/_cython/_cygrpc/thread.pyx.pxi", line 53, in grpc._cython.cygrpc._run_with_context._run
  File "/root/miniforge3/envs/flwr/lib/python3.11/site-packages/grpc/_channel.py", line 1916, in _poll_connectivity
    event = channel.watch_connectivity_state(
            ^^^^^^^^^^^^^^^^^^^^^^^^^^^^^^^^^
  File "src/python/grpcio/grpc/_cython/_cygrpc/channel.pyx.pxi", line 561, in grpc._cython.cygrpc.Channel.watch_connectivity_state
  File "src/python/grpcio/grpc/_cython/_cygrpc/channel.pyx.pxi", line 427, in grpc._cython.cygrpc._watch_connectivity_state
  File "src/python/grpcio/grpc/_cython/_cygrpc/channel.pyx.pxi", line 435, in grpc._cython.cygrpc._watch_connectivity_state
ValueError: Cannot monitor channel state: Channel closed!
Exception in thread Thread-1529 (_run):
Traceback (most recent call last):
  File "/root/miniforge3/envs/flwr/lib/python3.11/threading.py", line 1045, in _bootstrap_inner
    self.run()
  File "/root/miniforge3/envs/flwr/lib/python3.11/threading.py", line 982, in run
    self._target(*self._args, **self._kwargs)
  File "src/python/grpcio/grpc/_cython/_cygrpc/thread.pyx.pxi", line 53, in grpc._cython.cygrpc._run_with_context._run
  File "/root/miniforge3/envs/flwr/lib/python3.11/site-packages/grpc/_channel.py", line 1916, in _poll_connectivity
    event = channel.watch_connectivity_state(
            ^^^^^^^^^^^^^^^^^^^^^^^^^^^^^^^^^
  File "src/python/grpcio/grpc/_cython/_cygrpc/channel.pyx.pxi", line 561, in grpc._cython.cygrpc.Channel.watch_connectivity_state
  File "src/python/grpcio/grpc/_cython/_cygrpc/channel.pyx.pxi", line 427, in grpc._cython.cygrpc._watch_connectivity_state
  File "src/python/grpcio/grpc/_cython/_cygrpc/channel.pyx.pxi", line 435, in grpc._cython.cygrpc._watch_connectivity_state
ValueError: Cannot monitor channel state: Channel closed!
Exception in thread Thread-1517 (_run):
Traceback (most recent call last):
  File "/root/miniforge3/envs/flwr/lib/python3.11/threading.py", line 1045, in _bootstrap_inner
    self.run()
  File "/root/miniforge3/envs/flwr/lib/python3.11/threading.py", line 982, in run
    self._target(*self._args, **self._kwargs)
  File "src/python/grpcio/grpc/_cython/_cygrpc/thread.pyx.pxi", line 53, in grpc._cython.cygrpc._run_with_context._run
  File "/root/miniforge3/envs/flwr/lib/python3.11/site-packages/grpc/_channel.py", line 1916, in _poll_connectivity
    event = channel.watch_connectivity_state(
            ^^^^^^^^^^^^^^^^^^^^^^^^^^^^^^^^^
  File "src/python/grpcio/grpc/_cython/_cygrpc/channel.pyx.pxi", line 561, in grpc._cython.cygrpc.Channel.watch_connectivity_state
  File "src/python/grpcio/grpc/_cython/_cygrpc/channel.pyx.pxi", line 427, in grpc._cython.cygrpc._watch_connectivity_state
  File "src/python/grpcio/grpc/_cython/_cygrpc/channel.pyx.pxi", line 435, in grpc._cython.cygrpc._watch_connectivity_state
ValueError: Cannot monitor channel state: Channel closed!
Exception in thread Thread-1596 (_run):
Traceback (most recent call last):
  File "/root/miniforge3/envs/flwr/lib/python3.11/threading.py", line 1045, in _bootstrap_inner
    self.run()
  File "/root/miniforge3/envs/flwr/lib/python3.11/threading.py", line 982, in run
    self._target(*self._args, **self._kwargs)
  File "src/python/grpcio/grpc/_cython/_cygrpc/thread.pyx.pxi", line 53, in grpc._cython.cygrpc._run_with_context._run
  File "/root/miniforge3/envs/flwr/lib/python3.11/site-packages/grpc/_channel.py", line 1916, in _poll_connectivity
    event = channel.watch_connectivity_state(
            ^^^^^^^^^^^^^^^^^^^^^^^^^^^^^^^^^
  File "src/python/grpcio/grpc/_cython/_cygrpc/channel.pyx.pxi", line 561, in grpc._cython.cygrpc.Channel.watch_connectivity_state
  File "src/python/grpcio/grpc/_cython/_cygrpc/channel.pyx.pxi", line 427, in grpc._cython.cygrpc._watch_connectivity_state
  File "src/python/grpcio/grpc/_cython/_cygrpc/channel.pyx.pxi", line 435, in grpc._cython.cygrpc._watch_connectivity_state
ValueError: Cannot monitor channel state: Channel closed!
Exception in thread Thread-1629 (_run):
Traceback (most recent call last):
  File "/root/miniforge3/envs/flwr/lib/python3.11/threading.py", line 1045, in _bootstrap_inner
    self.run()
  File "/root/miniforge3/envs/flwr/lib/python3.11/threading.py", line 982, in run
    self._target(*self._args, **self._kwargs)
  File "src/python/grpcio/grpc/_cython/_cygrpc/thread.pyx.pxi", line 53, in grpc._cython.cygrpc._run_with_context._run
  File "/root/miniforge3/envs/flwr/lib/python3.11/site-packages/grpc/_channel.py", line 1916, in _poll_connectivity
    event = channel.watch_connectivity_state(
            ^^^^^^^^^^^^^^^^^^^^^^^^^^^^^^^^^
  File "src/python/grpcio/grpc/_cython/_cygrpc/channel.pyx.pxi", line 561, in grpc._cython.cygrpc.Channel.watch_connectivity_state
  File "src/python/grpcio/grpc/_cython/_cygrpc/channel.pyx.pxi", line 427, in grpc._cython.cygrpc._watch_connectivity_state
  File "src/python/grpcio/grpc/_cython/_cygrpc/channel.pyx.pxi", line 435, in grpc._cython.cygrpc._watch_connectivity_state
ValueError: Cannot monitor channel state: Channel closed!
Exception in thread Thread-1542 (_run):
Traceback (most recent call last):
  File "/root/miniforge3/envs/flwr/lib/python3.11/threading.py", line 1045, in _bootstrap_inner
    self.run()
  File "/root/miniforge3/envs/flwr/lib/python3.11/threading.py", line 982, in run
    self._target(*self._args, **self._kwargs)
  File "src/python/grpcio/grpc/_cython/_cygrpc/thread.pyx.pxi", line 53, in grpc._cython.cygrpc._run_with_context._run
  File "/root/miniforge3/envs/flwr/lib/python3.11/site-packages/grpc/_channel.py", line 1916, in _poll_connectivity
    event = channel.watch_connectivity_state(
            ^^^^^^^^^^^^^^^^^^^^^^^^^^^^^^^^^
  File "src/python/grpcio/grpc/_cython/_cygrpc/channel.pyx.pxi", line 561, in grpc._cython.cygrpc.Channel.watch_connectivity_state
  File "src/python/grpcio/grpc/_cython/_cygrpc/channel.pyx.pxi", line 427, in grpc._cython.cygrpc._watch_connectivity_state
  File "src/python/grpcio/grpc/_cython/_cygrpc/channel.pyx.pxi", line 435, in grpc._cython.cygrpc._watch_connectivity_state
ValueError: Cannot monitor channel state: Channel closed!
Exception in thread Thread-1557 (_run):
Traceback (most recent call last):
  File "/root/miniforge3/envs/flwr/lib/python3.11/threading.py", line 1045, in _bootstrap_inner
    self.run()
  File "/root/miniforge3/envs/flwr/lib/python3.11/threading.py", line 982, in run
    self._target(*self._args, **self._kwargs)
  File "src/python/grpcio/grpc/_cython/_cygrpc/thread.pyx.pxi", line 53, in grpc._cython.cygrpc._run_with_context._run
  File "/root/miniforge3/envs/flwr/lib/python3.11/site-packages/grpc/_channel.py", line 1916, in _poll_connectivity
    event = channel.watch_connectivity_state(
            ^^^^^^^^^^^^^^^^^^^^^^^^^^^^^^^^^
  File "src/python/grpcio/grpc/_cython/_cygrpc/channel.pyx.pxi", line 561, in grpc._cython.cygrpc.Channel.watch_connectivity_state
  File "src/python/grpcio/grpc/_cython/_cygrpc/channel.pyx.pxi", line 427, in grpc._cython.cygrpc._watch_connectivity_state
  File "src/python/grpcio/grpc/_cython/_cygrpc/channel.pyx.pxi", line 435, in grpc._cython.cygrpc._watch_connectivity_state
ValueError: Cannot monitor channel state: Channel closed!
Exception in thread Thread-1532 (_run):
Traceback (most recent call last):
  File "/root/miniforge3/envs/flwr/lib/python3.11/threading.py", line 1045, in _bootstrap_inner
    self.run()
  File "/root/miniforge3/envs/flwr/lib/python3.11/threading.py", line 982, in run
    self._target(*self._args, **self._kwargs)
  File "src/python/grpcio/grpc/_cython/_cygrpc/thread.pyx.pxi", line 53, in grpc._cython.cygrpc._run_with_context._run
  File "/root/miniforge3/envs/flwr/lib/python3.11/site-packages/grpc/_channel.py", line 1916, in _poll_connectivity
    event = channel.watch_connectivity_state(
            ^^^^^^^^^^^^^^^^^^^^^^^^^^^^^^^^^
  File "src/python/grpcio/grpc/_cython/_cygrpc/channel.pyx.pxi", line 561, in grpc._cython.cygrpc.Channel.watch_connectivity_state
  File "src/python/grpcio/grpc/_cython/_cygrpc/channel.pyx.pxi", line 427, in grpc._cython.cygrpc._watch_connectivity_state
  File "src/python/grpcio/grpc/_cython/_cygrpc/channel.pyx.pxi", line 435, in grpc._cython.cygrpc._watch_connectivity_state
ValueError: Cannot monitor channel state: Channel closed!
Exception in thread Thread-1620 (_run):
Traceback (most recent call last):
  File "/root/miniforge3/envs/flwr/lib/python3.11/threading.py", line 1045, in _bootstrap_inner
    self.run()
  File "/root/miniforge3/envs/flwr/lib/python3.11/threading.py", line 982, in run
    self._target(*self._args, **self._kwargs)
  File "src/python/grpcio/grpc/_cython/_cygrpc/thread.pyx.pxi", line 53, in grpc._cython.cygrpc._run_with_context._run
  File "/root/miniforge3/envs/flwr/lib/python3.11/site-packages/grpc/_channel.py", line 1916, in _poll_connectivity
    event = channel.watch_connectivity_state(
            ^^^^^^^^^^^^^^^^^^^^^^^^^^^^^^^^^
  File "src/python/grpcio/grpc/_cython/_cygrpc/channel.pyx.pxi", line 561, in grpc._cython.cygrpc.Channel.watch_connectivity_state
  File "src/python/grpcio/grpc/_cython/_cygrpc/channel.pyx.pxi", line 427, in grpc._cython.cygrpc._watch_connectivity_state
  File "src/python/grpcio/grpc/_cython/_cygrpc/channel.pyx.pxi", line 435, in grpc._cython.cygrpc._watch_connectivity_state
ValueError: Cannot monitor channel state: Channel closed!
Exception in thread Thread-1586 (_run):
Traceback (most recent call last):
  File "/root/miniforge3/envs/flwr/lib/python3.11/threading.py", line 1045, in _bootstrap_inner
    self.run()
  File "/root/miniforge3/envs/flwr/lib/python3.11/threading.py", line 982, in run
    self._target(*self._args, **self._kwargs)
  File "src/python/grpcio/grpc/_cython/_cygrpc/thread.pyx.pxi", line 53, in grpc._cython.cygrpc._run_with_context._run
  File "/root/miniforge3/envs/flwr/lib/python3.11/site-packages/grpc/_channel.py", line 1916, in _poll_connectivity
    event = channel.watch_connectivity_state(
            ^^^^^^^^^^^^^^^^^^^^^^^^^^^^^^^^^
  File "src/python/grpcio/grpc/_cython/_cygrpc/channel.pyx.pxi", line 561, in grpc._cython.cygrpc.Channel.watch_connectivity_state
  File "src/python/grpcio/grpc/_cython/_cygrpc/channel.pyx.pxi", line 427, in grpc._cython.cygrpc._watch_connectivity_state
  File "src/python/grpcio/grpc/_cython/_cygrpc/channel.pyx.pxi", line 435, in grpc._cython.cygrpc._watch_connectivity_state
ValueError: Cannot monitor channel state: Channel closed!
Exception in thread Thread-1638 (_run):
Traceback (most recent call last):
  File "/root/miniforge3/envs/flwr/lib/python3.11/threading.py", line 1045, in _bootstrap_inner
    self.run()
  File "/root/miniforge3/envs/flwr/lib/python3.11/threading.py", line 982, in run
    self._target(*self._args, **self._kwargs)
  File "src/python/grpcio/grpc/_cython/_cygrpc/thread.pyx.pxi", line 53, in grpc._cython.cygrpc._run_with_context._run
  File "/root/miniforge3/envs/flwr/lib/python3.11/site-packages/grpc/_channel.py", line 1916, in _poll_connectivity
    event = channel.watch_connectivity_state(
            ^^^^^^^^^^^^^^^^^^^^^^^^^^^^^^^^^
  File "src/python/grpcio/grpc/_cython/_cygrpc/channel.pyx.pxi", line 561, in grpc._cython.cygrpc.Channel.watch_connectivity_state
  File "src/python/grpcio/grpc/_cython/_cygrpc/channel.pyx.pxi", line 427, in grpc._cython.cygrpc._watch_connectivity_state
  File "src/python/grpcio/grpc/_cython/_cygrpc/channel.pyx.pxi", line 435, in grpc._cython.cygrpc._watch_connectivity_state
ValueError: Cannot monitor channel state: Channel closed!
Exception in thread Thread-1562 (_run):
Traceback (most recent call last):
  File "/root/miniforge3/envs/flwr/lib/python3.11/threading.py", line 1045, in _bootstrap_inner
    self.run()
  File "/root/miniforge3/envs/flwr/lib/python3.11/threading.py", line 982, in run
    self._target(*self._args, **self._kwargs)
  File "src/python/grpcio/grpc/_cython/_cygrpc/thread.pyx.pxi", line 53, in grpc._cython.cygrpc._run_with_context._run
  File "/root/miniforge3/envs/flwr/lib/python3.11/site-packages/grpc/_channel.py", line 1916, in _poll_connectivity
    event = channel.watch_connectivity_state(
            ^^^^^^^^^^^^^^^^^^^^^^^^^^^^^^^^^
  File "src/python/grpcio/grpc/_cython/_cygrpc/channel.pyx.pxi", line 561, in grpc._cython.cygrpc.Channel.watch_connectivity_state
  File "src/python/grpcio/grpc/_cython/_cygrpc/channel.pyx.pxi", line 427, in grpc._cython.cygrpc._watch_connectivity_state
  File "src/python/grpcio/grpc/_cython/_cygrpc/channel.pyx.pxi", line 435, in grpc._cython.cygrpc._watch_connectivity_state
ValueError: Cannot monitor channel state: Channel closed!
Exception in thread Thread-1630 (_run):
Traceback (most recent call last):
  File "/root/miniforge3/envs/flwr/lib/python3.11/threading.py", line 1045, in _bootstrap_inner
    self.run()
  File "/root/miniforge3/envs/flwr/lib/python3.11/threading.py", line 982, in run
    self._target(*self._args, **self._kwargs)
  File "src/python/grpcio/grpc/_cython/_cygrpc/thread.pyx.pxi", line 53, in grpc._cython.cygrpc._run_with_context._run
  File "/root/miniforge3/envs/flwr/lib/python3.11/site-packages/grpc/_channel.py", line 1916, in _poll_connectivity
    event = channel.watch_connectivity_state(
            ^^^^^^^^^^^^^^^^^^^^^^^^^^^^^^^^^
  File "src/python/grpcio/grpc/_cython/_cygrpc/channel.pyx.pxi", line 561, in grpc._cython.cygrpc.Channel.watch_connectivity_state
  File "src/python/grpcio/grpc/_cython/_cygrpc/channel.pyx.pxi", line 427, in grpc._cython.cygrpc._watch_connectivity_state
  File "src/python/grpcio/grpc/_cython/_cygrpc/channel.pyx.pxi", line 435, in grpc._cython.cygrpc._watch_connectivity_state
ValueError: Cannot monitor channel state: Channel closed!
Exception in thread Thread-1582 (_run):
Traceback (most recent call last):
  File "/root/miniforge3/envs/flwr/lib/python3.11/threading.py", line 1045, in _bootstrap_inner
    self.run()
  File "/root/miniforge3/envs/flwr/lib/python3.11/threading.py", line 982, in run
    self._target(*self._args, **self._kwargs)
  File "src/python/grpcio/grpc/_cython/_cygrpc/thread.pyx.pxi", line 53, in grpc._cython.cygrpc._run_with_context._run
  File "/root/miniforge3/envs/flwr/lib/python3.11/site-packages/grpc/_channel.py", line 1916, in _poll_connectivity
    event = channel.watch_connectivity_state(
            ^^^^^^^^^^^^^^^^^^^^^^^^^^^^^^^^^
  File "src/python/grpcio/grpc/_cython/_cygrpc/channel.pyx.pxi", line 561, in grpc._cython.cygrpc.Channel.watch_connectivity_state
  File "src/python/grpcio/grpc/_cython/_cygrpc/channel.pyx.pxi", line 427, in grpc._cython.cygrpc._watch_connectivity_state
  File "src/python/grpcio/grpc/_cython/_cygrpc/channel.pyx.pxi", line 435, in grpc._cython.cygrpc._watch_connectivity_state
ValueError: Cannot monitor channel state: Channel closed!
Exception in thread Thread-1621 (_run):
Traceback (most recent call last):
  File "/root/miniforge3/envs/flwr/lib/python3.11/threading.py", line 1045, in _bootstrap_inner
    self.run()
  File "/root/miniforge3/envs/flwr/lib/python3.11/threading.py", line 982, in run
    self._target(*self._args, **self._kwargs)
  File "src/python/grpcio/grpc/_cython/_cygrpc/thread.pyx.pxi", line 53, in grpc._cython.cygrpc._run_with_context._run
  File "/root/miniforge3/envs/flwr/lib/python3.11/site-packages/grpc/_channel.py", line 1916, in _poll_connectivity
    event = channel.watch_connectivity_state(
            ^^^^^^^^^^^^^^^^^^^^^^^^^^^^^^^^^
  File "src/python/grpcio/grpc/_cython/_cygrpc/channel.pyx.pxi", line 561, in grpc._cython.cygrpc.Channel.watch_connectivity_state
  File "src/python/grpcio/grpc/_cython/_cygrpc/channel.pyx.pxi", line 427, in grpc._cython.cygrpc._watch_connectivity_state
  File "src/python/grpcio/grpc/_cython/_cygrpc/channel.pyx.pxi", line 435, in grpc._cython.cygrpc._watch_connectivity_state
ValueError: Cannot monitor channel state: Channel closed!
Exception in thread Thread-1601 (_run):
Traceback (most recent call last):
  File "/root/miniforge3/envs/flwr/lib/python3.11/threading.py", line 1045, in _bootstrap_inner
    self.run()
  File "/root/miniforge3/envs/flwr/lib/python3.11/threading.py", line 982, in run
    self._target(*self._args, **self._kwargs)
  File "src/python/grpcio/grpc/_cython/_cygrpc/thread.pyx.pxi", line 53, in grpc._cython.cygrpc._run_with_context._run
  File "/root/miniforge3/envs/flwr/lib/python3.11/site-packages/grpc/_channel.py", line 1916, in _poll_connectivity
    event = channel.watch_connectivity_state(
            ^^^^^^^^^^^^^^^^^^^^^^^^^^^^^^^^^
  File "src/python/grpcio/grpc/_cython/_cygrpc/channel.pyx.pxi", line 561, in grpc._cython.cygrpc.Channel.watch_connectivity_state
  File "src/python/grpcio/grpc/_cython/_cygrpc/channel.pyx.pxi", line 427, in grpc._cython.cygrpc._watch_connectivity_state
  File "src/python/grpcio/grpc/_cython/_cygrpc/channel.pyx.pxi", line 435, in grpc._cython.cygrpc._watch_connectivity_state
ValueError: Cannot monitor channel state: Channel closed!
Exception in thread Thread-1637 (_run):
Traceback (most recent call last):
  File "/root/miniforge3/envs/flwr/lib/python3.11/threading.py", line 1045, in _bootstrap_inner
    self.run()
  File "/root/miniforge3/envs/flwr/lib/python3.11/threading.py", line 982, in run
    self._target(*self._args, **self._kwargs)
  File "src/python/grpcio/grpc/_cython/_cygrpc/thread.pyx.pxi", line 53, in grpc._cython.cygrpc._run_with_context._run
  File "/root/miniforge3/envs/flwr/lib/python3.11/site-packages/grpc/_channel.py", line 1916, in _poll_connectivity
    event = channel.watch_connectivity_state(
            ^^^^^^^^^^^^^^^^^^^^^^^^^^^^^^^^^
  File "src/python/grpcio/grpc/_cython/_cygrpc/channel.pyx.pxi", line 561, in grpc._cython.cygrpc.Channel.watch_connectivity_state
  File "src/python/grpcio/grpc/_cython/_cygrpc/channel.pyx.pxi", line 427, in grpc._cython.cygrpc._watch_connectivity_state
  File "src/python/grpcio/grpc/_cython/_cygrpc/channel.pyx.pxi", line 435, in grpc._cython.cygrpc._watch_connectivity_state
ValueError: Cannot monitor channel state: Channel closed!
Exception in thread Thread-1624 (_run):
Traceback (most recent call last):
  File "/root/miniforge3/envs/flwr/lib/python3.11/threading.py", line 1045, in _bootstrap_inner
    self.run()
  File "/root/miniforge3/envs/flwr/lib/python3.11/threading.py", line 982, in run
    self._target(*self._args, **self._kwargs)
  File "src/python/grpcio/grpc/_cython/_cygrpc/thread.pyx.pxi", line 53, in grpc._cython.cygrpc._run_with_context._run
  File "/root/miniforge3/envs/flwr/lib/python3.11/site-packages/grpc/_channel.py", line 1916, in _poll_connectivity
    event = channel.watch_connectivity_state(
            ^^^^^^^^^^^^^^^^^^^^^^^^^^^^^^^^^
  File "src/python/grpcio/grpc/_cython/_cygrpc/channel.pyx.pxi", line 561, in grpc._cython.cygrpc.Channel.watch_connectivity_state
  File "src/python/grpcio/grpc/_cython/_cygrpc/channel.pyx.pxi", line 427, in grpc._cython.cygrpc._watch_connectivity_state
  File "src/python/grpcio/grpc/_cython/_cygrpc/channel.pyx.pxi", line 435, in grpc._cython.cygrpc._watch_connectivity_state
ValueError: Cannot monitor channel state: Channel closed!
Exception in thread Thread-1578 (_run):
Traceback (most recent call last):
  File "/root/miniforge3/envs/flwr/lib/python3.11/threading.py", line 1045, in _bootstrap_inner
    self.run()
  File "/root/miniforge3/envs/flwr/lib/python3.11/threading.py", line 982, in run
    self._target(*self._args, **self._kwargs)
  File "src/python/grpcio/grpc/_cython/_cygrpc/thread.pyx.pxi", line 53, in grpc._cython.cygrpc._run_with_context._run
  File "/root/miniforge3/envs/flwr/lib/python3.11/site-packages/grpc/_channel.py", line 1916, in _poll_connectivity
    event = channel.watch_connectivity_state(
            ^^^^^^^^^^^^^^^^^^^^^^^^^^^^^^^^^
  File "src/python/grpcio/grpc/_cython/_cygrpc/channel.pyx.pxi", line 561, in grpc._cython.cygrpc.Channel.watch_connectivity_state
  File "src/python/grpcio/grpc/_cython/_cygrpc/channel.pyx.pxi", line 427, in grpc._cython.cygrpc._watch_connectivity_state
  File "src/python/grpcio/grpc/_cython/_cygrpc/channel.pyx.pxi", line 435, in grpc._cython.cygrpc._watch_connectivity_state
ValueError: Cannot monitor channel state: Channel closed!
Exception in thread Thread-1656 (_run):
Traceback (most recent call last):
  File "/root/miniforge3/envs/flwr/lib/python3.11/threading.py", line 1045, in _bootstrap_inner
    self.run()
  File "/root/miniforge3/envs/flwr/lib/python3.11/threading.py", line 982, in run
    self._target(*self._args, **self._kwargs)
  File "src/python/grpcio/grpc/_cython/_cygrpc/thread.pyx.pxi", line 53, in grpc._cython.cygrpc._run_with_context._run
  File "/root/miniforge3/envs/flwr/lib/python3.11/site-packages/grpc/_channel.py", line 1916, in _poll_connectivity
    event = channel.watch_connectivity_state(
            ^^^^^^^^^^^^^^^^^^^^^^^^^^^^^^^^^
  File "src/python/grpcio/grpc/_cython/_cygrpc/channel.pyx.pxi", line 561, in grpc._cython.cygrpc.Channel.watch_connectivity_state
  File "src/python/grpcio/grpc/_cython/_cygrpc/channel.pyx.pxi", line 427, in grpc._cython.cygrpc._watch_connectivity_state
  File "src/python/grpcio/grpc/_cython/_cygrpc/channel.pyx.pxi", line 435, in grpc._cython.cygrpc._watch_connectivity_state
ValueError: Cannot monitor channel state: Channel closed!
Exception in thread Thread-1582 (_run):
Traceback (most recent call last):
  File "/root/miniforge3/envs/flwr/lib/python3.11/threading.py", line 1045, in _bootstrap_inner
    self.run()
  File "/root/miniforge3/envs/flwr/lib/python3.11/threading.py", line 982, in run
    self._target(*self._args, **self._kwargs)
  File "src/python/grpcio/grpc/_cython/_cygrpc/thread.pyx.pxi", line 53, in grpc._cython.cygrpc._run_with_context._run
  File "/root/miniforge3/envs/flwr/lib/python3.11/site-packages/grpc/_channel.py", line 1916, in _poll_connectivity
    event = channel.watch_connectivity_state(
            ^^^^^^^^^^^^^^^^^^^^^^^^^^^^^^^^^
  File "src/python/grpcio/grpc/_cython/_cygrpc/channel.pyx.pxi", line 561, in grpc._cython.cygrpc.Channel.watch_connectivity_state
  File "src/python/grpcio/grpc/_cython/_cygrpc/channel.pyx.pxi", line 427, in grpc._cython.cygrpc._watch_connectivity_state
  File "src/python/grpcio/grpc/_cython/_cygrpc/channel.pyx.pxi", line 435, in grpc._cython.cygrpc._watch_connectivity_state
ValueError: Cannot monitor channel state: Channel closed!
Exception in thread Thread-1644 (_run):
Traceback (most recent call last):
  File "/root/miniforge3/envs/flwr/lib/python3.11/threading.py", line 1045, in _bootstrap_inner
    self.run()
  File "/root/miniforge3/envs/flwr/lib/python3.11/threading.py", line 982, in run
    self._target(*self._args, **self._kwargs)
  File "src/python/grpcio/grpc/_cython/_cygrpc/thread.pyx.pxi", line 53, in grpc._cython.cygrpc._run_with_context._run
  File "/root/miniforge3/envs/flwr/lib/python3.11/site-packages/grpc/_channel.py", line 1916, in _poll_connectivity
    event = channel.watch_connectivity_state(
            ^^^^^^^^^^^^^^^^^^^^^^^^^^^^^^^^^
  File "src/python/grpcio/grpc/_cython/_cygrpc/channel.pyx.pxi", line 561, in grpc._cython.cygrpc.Channel.watch_connectivity_state
  File "src/python/grpcio/grpc/_cython/_cygrpc/channel.pyx.pxi", line 427, in grpc._cython.cygrpc._watch_connectivity_state
  File "src/python/grpcio/grpc/_cython/_cygrpc/channel.pyx.pxi", line 435, in grpc._cython.cygrpc._watch_connectivity_state
ValueError: Cannot monitor channel state: Channel closed!
Exception in thread Thread-1641 (_run):
Traceback (most recent call last):
  File "/root/miniforge3/envs/flwr/lib/python3.11/threading.py", line 1045, in _bootstrap_inner
    self.run()
  File "/root/miniforge3/envs/flwr/lib/python3.11/threading.py", line 982, in run
    self._target(*self._args, **self._kwargs)
  File "src/python/grpcio/grpc/_cython/_cygrpc/thread.pyx.pxi", line 53, in grpc._cython.cygrpc._run_with_context._run
  File "/root/miniforge3/envs/flwr/lib/python3.11/site-packages/grpc/_channel.py", line 1916, in _poll_connectivity
    event = channel.watch_connectivity_state(
            ^^^^^^^^^^^^^^^^^^^^^^^^^^^^^^^^^
  File "src/python/grpcio/grpc/_cython/_cygrpc/channel.pyx.pxi", line 561, in grpc._cython.cygrpc.Channel.watch_connectivity_state
  File "src/python/grpcio/grpc/_cython/_cygrpc/channel.pyx.pxi", line 427, in grpc._cython.cygrpc._watch_connectivity_state
  File "src/python/grpcio/grpc/_cython/_cygrpc/channel.pyx.pxi", line 435, in grpc._cython.cygrpc._watch_connectivity_state
ValueError: Cannot monitor channel state: Channel closed!
